seed,method,group_def,side,n,k,coverage,ci_lo,ci_hi,mean_width,worst_d_wstd_cov,worst_d_wstd_spread,worst_rf_std_cov,worst_rf_std_spread,dataset
71339737,global,cliffB_oracle,all,664,613,0.9231927710843374,0.9004166842768698,0.9411004042135723,2.2757107545567705,,,,,CHEMBL214_Ki
71339737,global,cliffB_oracle,cliff,6,3,0.5,0.1876163064826506,0.8123836935173494,2.2757107545567705,,,,,CHEMBL214_Ki
71339737,global,cliffB_oracle,noncliff,658,610,0.9270516717325228,0.904606415940898,0.9445395426719136,2.275710754556771,,,,,CHEMBL214_Ki
71339737,global,cliffA,all,664,613,0.9231927710843374,0.9004166842768698,0.9411004042135723,2.2757107545567705,,,,,CHEMBL214_Ki
71339737,global,cliffA,cliff,17,10,0.5882352941176471,0.3600544264299978,0.7838894320978518,2.275710754556771,,,,,CHEMBL214_Ki
71339737,global,cliffA,noncliff,647,603,0.9319938176197836,0.909935175131026,0.9489529495021095,2.2757107545567705,,,,,CHEMBL214_Ki
71339737,global,__bins__,__summary__,-1,-1,,,,2.2757107545567705,0.864516129032258,0.10398780797561591,0.8045112781954887,0.1578947368421052,CHEMBL214_Ki
71339737,mondrian_pair,cliffB_oracle,all,664,603,0.9081325301204819,0.8837533058471811,0.9278165552948467,2.206892179457654,,,,,CHEMBL214_Ki
71339737,mondrian_pair,cliffB_oracle,cliff,6,4,0.6666666666666666,0.299993315138392,0.9032285888942195,2.5748206673304197,,,,,CHEMBL214_Ki
71339737,mondrian_pair,cliffB_oracle,noncliff,658,599,0.9103343465045592,0.8860564711223095,0.9298488983633103,2.2035372084436164,,,,,CHEMBL214_Ki
71339737,mondrian_pair,cliffA,all,664,603,0.9081325301204819,0.8837533058471811,0.9278165552948467,2.206892179457654,,,,,CHEMBL214_Ki
71339737,mondrian_pair,cliffA,cliff,17,11,0.6470588235294118,0.41300363485218694,0.8269027960275627,2.5628946475136023,,,,,CHEMBL214_Ki
71339737,mondrian_pair,cliffA,noncliff,647,592,0.9149922720247295,0.8909769540199226,0.9341087757260411,2.1975381733418096,,,,,CHEMBL214_Ki
71339737,mondrian_pair,__bins__,__summary__,-1,-1,,,,2.206892179457654,0.8451612903225807,0.11546863093726178,0.7744360902255639,0.19548872180451127,CHEMBL214_Ki
71339737,mondrian_wstd,cliffB_oracle,all,664,606,0.9126506024096386,0.8887320728626952,0.9318219564838571,2.2661684623754015,,,,,CHEMBL214_Ki
71339737,mondrian_wstd,cliffB_oracle,cliff,6,3,0.5,0.1876163064826506,0.8123836935173494,2.2790312032568782,,,,,CHEMBL214_Ki
71339737,mondrian_wstd,cliffB_oracle,noncliff,658,603,0.9164133738601824,0.8927727947254793,0.9352200617154831,2.2660511729448714,,,,,CHEMBL214_Ki
71339737,mondrian_wstd,cliffA,all,664,606,0.9126506024096386,0.8887320728626952,0.9318219564838571,2.2661684623754015,,,,,CHEMBL214_Ki
71339737,mondrian_wstd,cliffA,cliff,17,13,0.7647058823529411,0.5273820188043501,0.9044495567791988,2.8335175307509743,,,,,CHEMBL214_Ki
71339737,mondrian_wstd,cliffA,noncliff,647,593,0.9165378670788253,0.8926889750304369,0.9354696997052697,2.25126129983694,,,,,CHEMBL214_Ki
71339737,mondrian_wstd,__bins__,__summary__,-1,-1,,,,2.2661684623754015,0.84251968503937,0.1058674117348235,0.849624060150376,0.12030075187969924,CHEMBL214_Ki
71339737,mondrian_std,cliffB_oracle,all,664,611,0.9201807228915663,0.8970679511265812,0.938459691894178,2.2909656887190017,,,,,CHEMBL214_Ki
71339737,mondrian_std,cliffB_oracle,cliff,6,3,0.5,0.1876163064826506,0.8123836935173494,2.256469866296003,,,,,CHEMBL214_Ki
71339737,mondrian_std,cliffB_oracle,noncliff,658,608,0.9240121580547113,0.9012141726427707,0.9418880424923697,2.2912802402912478,,,,,CHEMBL214_Ki
71339737,mondrian_std,cliffA,all,664,611,0.9201807228915663,0.8970679511265812,0.938459691894178,2.2909656887190017,,,,,CHEMBL214_Ki
71339737,mondrian_std,cliffA,cliff,17,13,0.7647058823529411,0.5273820188043501,0.9044495567791988,2.7730184136756635,,,,,CHEMBL214_Ki
71339737,mondrian_std,cliffA,noncliff,647,598,0.9242658423493045,0.9012818913932685,0.9422415082911526,2.278299697491392,,,,,CHEMBL214_Ki
71339737,mondrian_std,__bins__,__summary__,-1,-1,,,,2.2909656887190017,0.8818897637795275,0.06299212598425197,0.849624060150376,0.12030075187969924,CHEMBL214_Ki
71339737,mondrian_iqr,cliffB_oracle,all,664,601,0.9051204819277109,0.8804429166688915,0.9251374990034537,2.157419568643603,,,,,CHEMBL214_Ki
71339737,mondrian_iqr,cliffB_oracle,cliff,6,3,0.5,0.1876163064826506,0.8123836935173494,2.0556273201078175,,,,,CHEMBL214_Ki
71339737,mondrian_iqr,cliffB_oracle,noncliff,658,598,0.9088145896656535,0.8843821042850339,0.9285013934617503,2.1583477654387617,,,,,CHEMBL214_Ki
71339737,mondrian_iqr,cliffA,all,664,601,0.9051204819277109,0.8804429166688915,0.9251374990034537,2.157419568643603,,,,,CHEMBL214_Ki
71339737,mondrian_iqr,cliffA,cliff,17,11,0.6470588235294118,0.41300363485218694,0.8269027960275627,2.3421603007338723,,,,,CHEMBL214_Ki
71339737,mondrian_iqr,cliffA,noncliff,647,590,0.9119010819165378,0.8875590497146131,0.9313807900518649,2.1525654844928535,,,,,CHEMBL214_Ki
71339737,mondrian_iqr,__bins__,__summary__,-1,-1,,,,2.157419568643603,0.8740157480314961,0.06299212598425197,0.8270676691729323,0.1278195488721805,CHEMBL214_Ki
71339737,mondrian_nb,cliffB_oracle,all,664,616,0.927710843373494,0.9054565630126353,0.945044693682331,2.3706877140364524,,,,,CHEMBL214_Ki
71339737,mondrian_nb,cliffB_oracle,cliff,6,4,0.6666666666666666,0.299993315138392,0.9032285888942195,2.363779744345995,,,,,CHEMBL214_Ki
71339737,mondrian_nb,cliffB_oracle,noncliff,658,612,0.9300911854103343,0.9080083822525128,0.94718131983797,2.3707507046415333,,,,,CHEMBL214_Ki
71339737,mondrian_nb,cliffA,all,664,616,0.927710843373494,0.9054565630126353,0.945044693682331,2.3706877140364524,,,,,CHEMBL214_Ki
71339737,mondrian_nb,cliffA,cliff,17,11,0.6470588235294118,0.41300363485218694,0.8269027960275627,2.365909099599054,,,,,CHEMBL214_Ki
71339737,mondrian_nb,cliffA,noncliff,647,605,0.9350850077279753,0.9134154341406078,0.9516185804720134,2.370813272684731,,,,,CHEMBL214_Ki
71339737,mondrian_nb,__bins__,__summary__,-1,-1,,,,2.3706877140364524,0.8838709677419355,0.07675895351790696,0.8571428571428571,0.1278195488721805,CHEMBL214_Ki
71339737,mondrian_nnsim,cliffB_oracle,all,664,611,0.9201807228915663,0.8970679511265812,0.938459691894178,2.2713103527666405,,,,,CHEMBL214_Ki
71339737,mondrian_nnsim,cliffB_oracle,cliff,6,5,0.8333333333333334,0.43649717781352987,0.9699466302516935,2.722549709026937,,,,,CHEMBL214_Ki
71339737,mondrian_nnsim,cliffB_oracle,noncliff,658,606,0.9209726443768997,0.8978311304012179,0.9392273412562513,2.2671957081806804,,,,,CHEMBL214_Ki
71339737,mondrian_nnsim,cliffA,all,664,611,0.9201807228915663,0.8970679511265812,0.938459691894178,2.2713103527666405,,,,,CHEMBL214_Ki
71339737,mondrian_nnsim,cliffA,cliff,17,12,0.7058823529411765,0.4686688993346016,0.8672001038970478,2.5411947823348062,,,,,CHEMBL214_Ki
71339737,mondrian_nnsim,cliffA,noncliff,647,599,0.9258114374034003,0.9030074492012928,0.9435888954728712,2.2642191080948333,,,,,CHEMBL214_Ki
71339737,mondrian_nnsim,__bins__,__summary__,-1,-1,,,,2.2713103527666405,0.8709677419354839,0.09753619507239009,0.8195488721804511,0.1578947368421052,CHEMBL214_Ki
71339737,mondrian_pairgap,cliffB_oracle,all,664,602,0.9066265060240963,0.8820972576582541,0.9264778807489323,2.210238480539365,,,,,CHEMBL214_Ki
71339737,mondrian_pairgap,cliffB_oracle,cliff,6,4,0.6666666666666666,0.299993315138392,0.9032285888942195,2.486407848283284,,,,,CHEMBL214_Ki
71339737,mondrian_pairgap,cliffB_oracle,noncliff,658,598,0.9088145896656535,0.8843821042850339,0.9285013934617503,2.2077202188274145,,,,,CHEMBL214_Ki
71339737,mondrian_pairgap,cliffA,all,664,602,0.9066265060240963,0.8820972576582541,0.9264778807489323,2.210238480539365,,,,,CHEMBL214_Ki
71339737,mondrian_pairgap,cliffA,cliff,17,11,0.6470588235294118,0.41300363485218694,0.8269027960275627,2.4462333581568814,,,,,CHEMBL214_Ki
71339737,mondrian_pairgap,cliffA,noncliff,647,591,0.9134466769706336,0.8892669952430569,0.9327457895131638,2.204037687773526,,,,,CHEMBL214_Ki
71339737,mondrian_pairgap,__bins__,__summary__,-1,-1,,,,2.210238480539365,0.8451612903225807,0.11546863093726178,0.7819548872180451,0.18796992481203012,CHEMBL214_Ki
71339737,mondrian_rfstd,cliffB_oracle,all,664,602,0.9066265060240963,0.8820972576582541,0.9264778807489323,2.212077898579635,,,,,CHEMBL214_Ki
71339737,mondrian_rfstd,cliffB_oracle,cliff,6,1,0.16666666666666666,0.030053369748306635,0.5635028221864702,1.9758684438730485,,,,,CHEMBL214_Ki
71339737,mondrian_rfstd,cliffB_oracle,noncliff,658,601,0.9133738601823708,0.8894107741951545,0.9325383387681365,2.214231784184862,,,,,CHEMBL214_Ki
71339737,mondrian_rfstd,cliffA,all,664,602,0.9066265060240963,0.8820972576582541,0.9264778807489323,2.212077898579635,,,,,CHEMBL214_Ki
71339737,mondrian_rfstd,cliffA,cliff,17,10,0.5882352941176471,0.3600544264299978,0.7838894320978518,2.4879196866803706,,,,,CHEMBL214_Ki
71339737,mondrian_rfstd,cliffA,noncliff,647,592,0.9149922720247295,0.8909769540199226,0.9341087757260411,2.20483012362181,,,,,CHEMBL214_Ki
71339737,mondrian_rfstd,__bins__,__summary__,-1,-1,,,,2.212077898579635,0.8903225806451613,0.03936491935483866,0.8421052631578947,0.10526315789473684,CHEMBL214_Ki
99182118,global,cliffB_oracle,all,664,586,0.8825301204819277,0.8558112072988797,0.9048483673508438,2.2104005239956326,,,,,CHEMBL214_Ki
99182118,global,cliffB_oracle,cliff,11,4,0.36363636363636365,0.15166471095367573,0.6461988254921511,2.210400523995632,,,,,CHEMBL214_Ki
99182118,global,cliffB_oracle,noncliff,653,582,0.891271056661562,0.8650665444510394,0.912898964786851,2.2104005239956326,,,,,CHEMBL214_Ki
99182118,global,cliffA,all,664,586,0.8825301204819277,0.8558112072988797,0.9048483673508438,2.2104005239956326,,,,,CHEMBL214_Ki
99182118,global,cliffA,cliff,15,8,0.5333333333333333,0.30116980025498397,0.7519046463426261,2.2104005239956326,,,,,CHEMBL214_Ki
99182118,global,cliffA,noncliff,649,578,0.8906009244992296,0.8642487114301812,0.9123563787487651,2.210400523995632,,,,,CHEMBL214_Ki
99182118,global,__bins__,__summary__,-1,-1,,,,2.2104005239956326,0.7987804878048781,0.14521951219512186,0.7218045112781954,0.24060150375939848,CHEMBL214_Ki
99182118,mondrian_pair,cliffB_oracle,all,664,587,0.8840361445783133,0.8574435803003283,0.9062107170842367,2.208776932423848,,,,,CHEMBL214_Ki
99182118,mondrian_pair,cliffB_oracle,cliff,11,6,0.5454545454545454,0.280091537409322,0.7872872837754024,2.5057118844783957,,,,,CHEMBL214_Ki
99182118,mondrian_pair,cliffB_oracle,noncliff,653,581,0.889739663093415,0.86339916457438,0.9115214698719726,2.2037749653907706,,,,,CHEMBL214_Ki
99182118,mondrian_pair,cliffA,all,664,587,0.8840361445783133,0.8574435803003283,0.9062107170842367,2.208776932423848,,,,,CHEMBL214_Ki
99182118,mondrian_pair,cliffA,cliff,15,10,0.6666666666666666,0.41713547738519774,0.8482367556028526,2.4520487122274877,,,,,CHEMBL214_Ki
99182118,mondrian_pair,cliffA,noncliff,649,577,0.889060092449923,0.86257131305645,0.910970246194769,2.2031543180986484,,,,,CHEMBL214_Ki
99182118,mondrian_pair,__bins__,__summary__,-1,-1,,,,2.208776932423848,0.7987804878048781,0.14521951219512186,0.7218045112781954,0.24812030075187974,CHEMBL214_Ki
99182118,mondrian_wstd,cliffB_oracle,all,664,590,0.8885542168674698,0.8623485074029194,0.9102899581861699,2.1777332627750092,,,,,CHEMBL214_Ki
99182118,mondrian_wstd,cliffB_oracle,cliff,11,7,0.6363636363636364,0.35380117450784887,0.8483352890463243,2.547255395355357,,,,,CHEMBL214_Ki
99182118,mondrian_wstd,cliffB_oracle,noncliff,653,583,0.892802450229709,0.8667353817424653,0.9142750022869627,2.171508540786673,,,,,CHEMBL214_Ki
99182118,mondrian_wstd,cliffA,all,664,590,0.8885542168674698,0.8623485074029194,0.9102899581861699,2.1777332627750092,,,,,CHEMBL214_Ki
99182118,mondrian_wstd,cliffA,cliff,15,11,0.7333333333333333,0.4804956594401943,0.8910254667430761,2.5445842734960613,,,,,CHEMBL214_Ki
99182118,mondrian_wstd,cliffA,noncliff,649,579,0.8921417565485362,0.8659275778317586,0.9137410432749153,2.1692544258554167,,,,,CHEMBL214_Ki
99182118,mondrian_wstd,__bins__,__summary__,-1,-1,,,,2.1777332627750092,0.872,0.04800000000000004,0.7593984962406015,0.18045112781954886,CHEMBL214_Ki
99182118,mondrian_std,cliffB_oracle,all,664,589,0.8870481927710844,0.8607122081739755,0.9089315346802724,2.166376010083841,,,,,CHEMBL214_Ki
99182118,mondrian_std,cliffB_oracle,cliff,11,7,0.6363636363636364,0.35380117450784887,0.8483352890463243,2.558569130689739,,,,,CHEMBL214_Ki
99182118,mondrian_std,cliffB_oracle,noncliff,653,582,0.891271056661562,0.8650665444510394,0.912898964786851,2.1597693878378004,,,,,CHEMBL214_Ki
99182118,mondrian_std,cliffA,all,664,589,0.8870481927710844,0.8607122081739755,0.9089315346802724,2.166376010083841,,,,,CHEMBL214_Ki
99182118,mondrian_std,cliffA,cliff,15,11,0.7333333333333333,0.4804956594401943,0.8910254667430761,2.4870050229941056,,,,,CHEMBL214_Ki
99182118,mondrian_std,cliffA,noncliff,649,578,0.8906009244992296,0.8642487114301812,0.9123563787487651,2.158965478198396,,,,,CHEMBL214_Ki
99182118,mondrian_std,__bins__,__summary__,-1,-1,,,,2.166376010083841,0.864,0.05600000000000005,0.7593984962406015,0.1729323308270676,CHEMBL214_Ki
99182118,mondrian_iqr,cliffB_oracle,all,664,590,0.8885542168674698,0.8623485074029194,0.9102899581861699,2.211445172339307,,,,,CHEMBL214_Ki
99182118,mondrian_iqr,cliffB_oracle,cliff,11,6,0.5454545454545454,0.280091537409322,0.7872872837754024,2.6146757055776004,,,,,CHEMBL214_Ki
99182118,mondrian_iqr,cliffB_oracle,noncliff,653,584,0.8943338437978561,0.8684057035461835,0.9156495552747822,2.2046526212434094,,,,,CHEMBL214_Ki
99182118,mondrian_iqr,cliffA,all,664,590,0.8885542168674698,0.8623485074029194,0.9102899581861699,2.211445172339307,,,,,CHEMBL214_Ki
99182118,mondrian_iqr,cliffA,cliff,15,9,0.6,0.357468301206246,0.8017550385865841,2.543216987439048,,,,,CHEMBL214_Ki
99182118,mondrian_iqr,cliffA,noncliff,649,581,0.8952234206471494,0.8692898247589751,0.916505858203154,2.2037771026528725,,,,,CHEMBL214_Ki
99182118,mondrian_iqr,__bins__,__summary__,-1,-1,,,,2.211445172339307,0.8658536585365854,0.05414634146341468,0.7819548872180451,0.14228753702437913,CHEMBL214_Ki
99182118,mondrian_nb,cliffB_oracle,all,664,589,0.8870481927710844,0.8607122081739755,0.9089315346802724,2.241175134284871,,,,,CHEMBL214_Ki
99182118,mondrian_nb,cliffB_oracle,cliff,11,4,0.36363636363636365,0.15166471095367573,0.6461988254921511,1.9952793530877022,,,,,CHEMBL214_Ki
99182118,mondrian_nb,cliffB_oracle,noncliff,653,585,0.8958652373660031,0.8700775379208779,0.9170225956916257,2.245317329680229,,,,,CHEMBL214_Ki
99182118,mondrian_nb,cliffA,all,664,589,0.8870481927710844,0.8607122081739755,0.9089315346802724,2.241175134284871,,,,,CHEMBL214_Ki
99182118,mondrian_nb,cliffA,cliff,15,8,0.5333333333333333,0.30116980025498397,0.7519046463426261,2.145491651217518,,,,,CHEMBL214_Ki
99182118,mondrian_nb,cliffA,noncliff,649,581,0.8952234206471494,0.8692898247589751,0.916505858203154,2.2433866169443624,,,,,CHEMBL214_Ki
99182118,mondrian_nb,__bins__,__summary__,-1,-1,,,,2.241175134284871,0.8109756097560976,0.12502439024390244,0.7593984962406015,0.1729323308270676,CHEMBL214_Ki
99182118,mondrian_nnsim,cliffB_oracle,all,664,590,0.8885542168674698,0.8623485074029194,0.9102899581861699,2.216519899599498,,,,,CHEMBL214_Ki
99182118,mondrian_nnsim,cliffB_oracle,cliff,11,6,0.5454545454545454,0.280091537409322,0.7872872837754024,2.6021469553523566,,,,,CHEMBL214_Ki
99182118,mondrian_nnsim,cliffB_oracle,noncliff,653,584,0.8943338437978561,0.8684057035461835,0.9156495552747822,2.2100238848777805,,,,,CHEMBL214_Ki
99182118,mondrian_nnsim,cliffA,all,664,590,0.8885542168674698,0.8623485074029194,0.9102899581861699,2.216519899599498,,,,,CHEMBL214_Ki
99182118,mondrian_nnsim,cliffA,cliff,15,10,0.6666666666666666,0.41713547738519774,0.8482367556028526,2.5521679958054277,,,,,CHEMBL214_Ki
99182118,mondrian_nnsim,cliffA,noncliff,649,580,0.8936825885978429,0.867607939529501,0.9151242125049007,2.208762239440655,,,,,CHEMBL214_Ki
99182118,mondrian_nnsim,__bins__,__summary__,-1,-1,,,,2.216519899599498,0.8292682926829268,0.12273170731707317,0.7518796992481203,0.20300751879699253,CHEMBL214_Ki
99182118,mondrian_pairgap,cliffB_oracle,all,664,588,0.8855421686746988,0.8590772399847371,0.9075717801346694,2.2106519890062173,,,,,CHEMBL214_Ki
99182118,mondrian_pairgap,cliffB_oracle,cliff,11,5,0.45454545454545453,0.21271271622459764,0.719908462590678,2.509294493900517,,,,,CHEMBL214_Ki
99182118,mondrian_pairgap,cliffB_oracle,noncliff,653,583,0.892802450229709,0.8667353817424653,0.9142750022869627,2.205621257683342,,,,,CHEMBL214_Ki
99182118,mondrian_pairgap,cliffA,all,664,588,0.8855421686746988,0.8590772399847371,0.9075717801346694,2.2106519890062173,,,,,CHEMBL214_Ki
99182118,mondrian_pairgap,cliffA,cliff,15,9,0.6,0.357468301206246,0.8017550385865841,2.4693551941523166,,,,,CHEMBL214_Ki
99182118,mondrian_pairgap,cliffA,noncliff,649,579,0.8921417565485362,0.8659275778317586,0.9137410432749153,2.204672716160005,,,,,CHEMBL214_Ki
99182118,mondrian_pairgap,__bins__,__summary__,-1,-1,,,,2.2106519890062173,0.7987804878048781,0.15321951219512187,0.7142857142857143,0.26315789473684204,CHEMBL214_Ki
99182118,mondrian_rfstd,cliffB_oracle,all,664,589,0.8870481927710844,0.8607122081739755,0.9089315346802724,2.1039118610558423,,,,,CHEMBL214_Ki
99182118,mondrian_rfstd,cliffB_oracle,cliff,11,5,0.45454545454545453,0.21271271622459764,0.719908462590678,2.040682979930857,,,,,CHEMBL214_Ki
99182118,mondrian_rfstd,cliffB_oracle,noncliff,653,584,0.8943338437978561,0.8684057035461835,0.9156495552747822,2.1049769723764773,,,,,CHEMBL214_Ki
99182118,mondrian_rfstd,cliffA,all,664,589,0.8870481927710844,0.8607122081739755,0.9089315346802724,2.1039118610558423,,,,,CHEMBL214_Ki
99182118,mondrian_rfstd,cliffA,cliff,15,8,0.5333333333333333,0.30116980025498397,0.7519046463426261,2.0924281396267768,,,,,CHEMBL214_Ki
99182118,mondrian_rfstd,cliffA,noncliff,649,581,0.8952234206471494,0.8692898247589751,0.916505858203154,2.10417727834619,,,,,CHEMBL214_Ki
99182118,mondrian_rfstd,__bins__,__summary__,-1,-1,,,,2.1039118610558423,0.8353658536585366,0.0926341463414635,0.8421052631578947,0.10486443381180233,CHEMBL214_Ki
89709943,global,cliffB_oracle,all,664,590,0.8885542168674698,0.8623485074029194,0.9102899581861699,2.237179080665694,,,,,CHEMBL214_Ki
89709943,global,cliffB_oracle,cliff,12,5,0.4166666666666667,0.19326031365875665,0.6804886874504503,2.237179080665694,,,,,CHEMBL214_Ki
89709943,global,cliffB_oracle,noncliff,652,585,0.897239263803681,0.8715573808598415,0.9182676493104763,2.237179080665694,,,,,CHEMBL214_Ki
89709943,global,cliffA,all,664,590,0.8885542168674698,0.8623485074029194,0.9102899581861699,2.237179080665694,,,,,CHEMBL214_Ki
89709943,global,cliffA,cliff,24,14,0.5833333333333334,0.3883466586522876,0.7553239739018824,2.237179080665694,,,,,CHEMBL214_Ki
89709943,global,cliffA,noncliff,640,576,0.9,0.8743179667106283,0.9209088596851364,2.237179080665694,,,,,CHEMBL214_Ki
89709943,global,__bins__,__summary__,-1,-1,,,,2.237179080665694,0.7790697674418605,0.19653998865570044,0.7669172932330827,0.18796992481203012,CHEMBL214_Ki
89709943,mondrian_pair,cliffB_oracle,all,664,592,0.891566265060241,0.8656251928848839,0.9130027181738882,2.266847019560382,,,,,CHEMBL214_Ki
89709943,mondrian_pair,cliffB_oracle,cliff,12,7,0.5833333333333334,0.31951131254954973,0.8067396863412435,2.5043292594814983,,,,,CHEMBL214_Ki
89709943,mondrian_pair,cliffB_oracle,noncliff,652,585,0.897239263803681,0.8715573808598415,0.9182676493104763,2.2624761807888274,,,,,CHEMBL214_Ki
89709943,mondrian_pair,cliffA,all,664,592,0.891566265060241,0.8656251928848839,0.9130027181738882,2.266847019560382,,,,,CHEMBL214_Ki
89709943,mondrian_pair,cliffA,cliff,24,17,0.7083333333333334,0.5083230633550337,0.8508535180303913,2.6225008776676657,,,,,CHEMBL214_Ki
89709943,mondrian_pair,cliffA,noncliff,640,575,0.8984375,0.8726065168495507,0.9195139547556055,2.2535099998813584,,,,,CHEMBL214_Ki
89709943,mondrian_pair,__bins__,__summary__,-1,-1,,,,2.266847019560382,0.7906976744186046,0.18491208167895634,0.7593984962406015,0.21052631578947367,CHEMBL214_Ki
89709943,mondrian_wstd,cliffB_oracle,all,664,600,0.9036144578313253,0.8787902471504533,0.9237954457870504,2.150165191064378,,,,,CHEMBL214_Ki
89709943,mondrian_wstd,cliffB_oracle,cliff,12,6,0.5,0.2537815976337061,0.7462184023662939,2.259594741375173,,,,,CHEMBL214_Ki
89709943,mondrian_wstd,cliffB_oracle,noncliff,652,594,0.911042944785276,0.8867151790011996,0.9305555085881638,2.1481511502611115,,,,,CHEMBL214_Ki
89709943,mondrian_wstd,cliffA,all,664,600,0.9036144578313253,0.8787902471504533,0.9237954457870504,2.150165191064378,,,,,CHEMBL214_Ki
89709943,mondrian_wstd,cliffA,cliff,24,16,0.6666666666666666,0.4670631683813174,0.8202780967270225,2.370519368800023,,,,,CHEMBL214_Ki
89709943,mondrian_wstd,cliffA,noncliff,640,584,0.9125,0.8880742598376244,0.9320034048830078,2.1419019093992913,,,,,CHEMBL214_Ki
89709943,mondrian_wstd,__bins__,__summary__,-1,-1,,,,2.150165191064378,0.8546511627906976,0.08843826810361133,0.8195488721804511,0.13533834586466165,CHEMBL214_Ki
89709943,mondrian_std,cliffB_oracle,all,664,602,0.9066265060240963,0.8820972576582541,0.9264778807489323,2.166160253074099,,,,,CHEMBL214_Ki
89709943,mondrian_std,cliffB_oracle,cliff,12,6,0.5,0.2537815976337061,0.7462184023662939,2.315258516722062,,,,,CHEMBL214_Ki
89709943,mondrian_std,cliffB_oracle,noncliff,652,596,0.9141104294478528,0.8901035084387248,0.9332662141326491,2.163416113252357,,,,,CHEMBL214_Ki
89709943,mondrian_std,cliffA,all,664,602,0.9066265060240963,0.8820972576582541,0.9264778807489323,2.166160253074099,,,,,CHEMBL214_Ki
89709943,mondrian_std,cliffA,cliff,24,16,0.6666666666666666,0.4670631683813174,0.8202780967270225,2.416539804332721,,,,,CHEMBL214_Ki
89709943,mondrian_std,cliffA,noncliff,640,586,0.915625,0.8915328293967827,0.9347575449050666,2.1567710199019006,,,,,CHEMBL214_Ki
89709943,mondrian_std,__bins__,__summary__,-1,-1,,,,2.166160253074099,0.8546511627906976,0.08843826810361133,0.8195488721804511,0.13533834586466165,CHEMBL214_Ki
89709943,mondrian_iqr,cliffB_oracle,all,664,585,0.8810240963855421,0.8541800998403282,0.9034847520745539,2.2108458799591,,,,,CHEMBL214_Ki
89709943,mondrian_iqr,cliffB_oracle,cliff,12,3,0.25,0.08894166839405471,0.5323053349335657,1.9093627868055372,,,,,CHEMBL214_Ki
89709943,mondrian_iqr,cliffB_oracle,noncliff,652,582,0.8926380368098159,0.8665343442677936,0.9141421334295087,2.2163946485447483,,,,,CHEMBL214_Ki
89709943,mondrian_iqr,cliffA,all,664,585,0.8810240963855421,0.8541800998403282,0.9034847520745539,2.2108458799591,,,,,CHEMBL214_Ki
89709943,mondrian_iqr,cliffA,cliff,24,13,0.5416666666666666,0.3507486535891948,0.72108666268789,2.122230445177912,,,,,CHEMBL214_Ki
89709943,mondrian_iqr,cliffA,noncliff,640,572,0.89375,0.8674820812925788,0.9153193259407522,2.2141689587633944,,,,,CHEMBL214_Ki
89709943,mondrian_iqr,__bins__,__summary__,-1,-1,,,,2.2108458799591,0.8313953488372093,0.11982416335791257,0.8195488721804511,0.11278195488721798,CHEMBL214_Ki
89709943,mondrian_nb,cliffB_oracle,all,664,594,0.8945783132530121,0.8689074922778528,0.9157098642506023,2.292383903040011,,,,,CHEMBL214_Ki
89709943,mondrian_nb,cliffB_oracle,cliff,12,5,0.4166666666666667,0.19326031365875665,0.6804886874504503,2.0334079590065994,,,,,CHEMBL214_Ki
89709943,mondrian_nb,cliffB_oracle,noncliff,652,589,0.9033742331288344,0.8782769665827618,0.9237461335515763,2.2971503314578032,,,,,CHEMBL214_Ki
89709943,mondrian_nb,cliffA,all,664,594,0.8945783132530121,0.8689074922778528,0.9157098642506023,2.292383903040011,,,,,CHEMBL214_Ki
89709943,mondrian_nb,cliffA,cliff,24,13,0.5416666666666666,0.3507486535891948,0.72108666268789,2.050450922625988,,,,,CHEMBL214_Ki
89709943,mondrian_nb,cliffA,noncliff,640,581,0.9078125,0.8829015798976775,0.9278570204511295,2.3014563898055362,,,,,CHEMBL214_Ki
89709943,mondrian_nb,__bins__,__summary__,-1,-1,,,,2.292383903040011,0.8023255813953488,0.17328417470221213,0.849624060150376,0.09774436090225558,CHEMBL214_Ki
89709943,mondrian_nnsim,cliffB_oracle,all,664,597,0.8990963855421686,0.8738419300367393,0.91975959469624,2.267021546336713,,,,,CHEMBL214_Ki
89709943,mondrian_nnsim,cliffB_oracle,cliff,12,9,0.75,0.46769466506643426,0.9110583316059453,2.5487228966157587,,,,,CHEMBL214_Ki
89709943,mondrian_nnsim,cliffB_oracle,noncliff,652,588,0.901840490797546,0.876594595452097,0.9223789871912361,2.2618368589082642,,,,,CHEMBL214_Ki
89709943,mondrian_nnsim,cliffA,all,664,597,0.8990963855421686,0.8738419300367393,0.91975959469624,2.267021546336713,,,,,CHEMBL214_Ki
89709943,mondrian_nnsim,cliffA,cliff,24,18,0.75,0.55100555994846,0.8800063377140499,2.470695444058267,,,,,CHEMBL214_Ki
89709943,mondrian_nnsim,cliffA,noncliff,640,579,0.9046875,0.8794627118454744,0.9250831789221156,2.2593837751721546,,,,,CHEMBL214_Ki
89709943,mondrian_nnsim,__bins__,__summary__,-1,-1,,,,2.267021546336713,0.8023255813953488,0.1814142560030252,0.8045112781954887,0.18045112781954886,CHEMBL214_Ki
89709943,mondrian_pairgap,cliffB_oracle,all,664,593,0.8930722891566265,0.8672656280805093,0.9143570057131043,2.2633758124365113,,,,,CHEMBL214_Ki
89709943,mondrian_pairgap,cliffB_oracle,cliff,12,5,0.4166666666666667,0.19326031365875665,0.6804886874504503,2.2299987101038057,,,,,CHEMBL214_Ki
89709943,mondrian_pairgap,cliffB_oracle,noncliff,652,588,0.901840490797546,0.876594595452097,0.9223789871912361,2.2639901149334323,,,,,CHEMBL214_Ki
89709943,mondrian_pairgap,cliffA,all,664,593,0.8930722891566265,0.8672656280805093,0.9143570057131043,2.2633758124365113,,,,,CHEMBL214_Ki
89709943,mondrian_pairgap,cliffA,cliff,24,14,0.5833333333333334,0.3883466586522876,0.7553239739018824,2.2278122069517816,,,,,CHEMBL214_Ki
89709943,mondrian_pairgap,cliffA,noncliff,640,579,0.9046875,0.8794627118454744,0.9250831789221156,2.264709447642189,,,,,CHEMBL214_Ki
89709943,mondrian_pairgap,__bins__,__summary__,-1,-1,,,,2.2633758124365113,0.7790697674418605,0.19653998865570044,0.7669172932330827,0.19548872180451127,CHEMBL214_Ki
89709943,mondrian_rfstd,cliffB_oracle,all,664,602,0.9066265060240963,0.8820972576582541,0.9264778807489323,2.249698679604741,,,,,CHEMBL214_Ki
89709943,mondrian_rfstd,cliffB_oracle,cliff,12,4,0.3333333333333333,0.13812009109121315,0.6093779111272004,1.9049129977784254,,,,,CHEMBL214_Ki
89709943,mondrian_rfstd,cliffB_oracle,noncliff,652,598,0.9171779141104295,0.8934998226374925,0.9359689349158914,2.2560444283500107,,,,,CHEMBL214_Ki
89709943,mondrian_rfstd,cliffA,all,664,602,0.9066265060240963,0.8820972576582541,0.9264778807489323,2.249698679604741,,,,,CHEMBL214_Ki
89709943,mondrian_rfstd,cliffA,cliff,24,14,0.5833333333333334,0.3883466586522876,0.7553239739018824,2.0721872522254285,,,,,CHEMBL214_Ki
89709943,mondrian_rfstd,cliffA,noncliff,640,588,0.91875,0.8949999600707538,0.9375031238123123,2.256355358131465,,,,,CHEMBL214_Ki
89709943,mondrian_rfstd,__bins__,__summary__,-1,-1,,,,2.249698679604741,0.8488372093023255,0.10238230289279637,0.8796992481203008,0.05211893369788101,CHEMBL214_Ki
86921808,global,cliffB_oracle,all,664,573,0.8629518072289156,0.8346986415655061,0.8870295375312788,2.0941080301043726,,,,,CHEMBL214_Ki
86921808,global,cliffB_oracle,cliff,10,3,0.3,0.10779126740630099,0.6032218525388546,2.0941080301043726,,,,,CHEMBL214_Ki
86921808,global,cliffB_oracle,noncliff,654,570,0.8715596330275229,0.8437306018608798,0.8950492264449362,2.0941080301043726,,,,,CHEMBL214_Ki
86921808,global,cliffA,all,664,573,0.8629518072289156,0.8346986415655061,0.8870295375312788,2.0941080301043726,,,,,CHEMBL214_Ki
86921808,global,cliffA,cliff,17,9,0.5294117647058824,0.30963235060004424,0.7383489355759056,2.0941080301043726,,,,,CHEMBL214_Ki
86921808,global,cliffA,noncliff,647,564,0.8717156105100463,0.8437369003269825,0.8953063697061804,2.0941080301043726,,,,,CHEMBL214_Ki
86921808,global,__bins__,__summary__,-1,-1,,,,2.0941080301043726,0.7388888888888889,0.22805325987144165,0.6766917293233082,0.3007518796992481,CHEMBL214_Ki
86921808,mondrian_pair,cliffB_oracle,all,664,577,0.8689759036144579,0.8411744659935382,0.8925326040426126,2.138146586228362,,,,,CHEMBL214_Ki
86921808,mondrian_pair,cliffB_oracle,cliff,10,6,0.6,0.31267376973365824,0.8318196702937638,2.6846647159983044,,,,,CHEMBL214_Ki
86921808,mondrian_pair,cliffB_oracle,noncliff,654,571,0.8730886850152905,0.8453798540467788,0.896440220466057,2.129790039901604,,,,,CHEMBL214_Ki
86921808,mondrian_pair,cliffA,all,664,577,0.8689759036144579,0.8411744659935382,0.8925326040426126,2.138146586228362,,,,,CHEMBL214_Ki
86921808,mondrian_pair,cliffA,cliff,17,12,0.7058823529411765,0.4686688993346016,0.8672001038970478,2.6135891715377886,,,,,CHEMBL214_Ki
86921808,mondrian_pair,cliffA,noncliff,647,565,0.8732612055641422,0.8454047147445807,0.8967115002783252,2.125654277186229,,,,,CHEMBL214_Ki
86921808,mondrian_pair,__bins__,__summary__,-1,-1,,,,2.138146586228362,0.7611111111111111,0.2058310376492195,0.6917293233082706,0.2857142857142857,CHEMBL214_Ki
86921808,mondrian_wstd,cliffB_oracle,all,664,594,0.8945783132530121,0.8689074922778528,0.9157098642506023,2.2115285441677317,,,,,CHEMBL214_Ki
86921808,mondrian_wstd,cliffB_oracle,cliff,10,7,0.7,0.39677814746114537,0.8922087325936989,2.6178189225576984,,,,,CHEMBL214_Ki
86921808,mondrian_wstd,cliffB_oracle,noncliff,654,587,0.8975535168195719,0.8719438649403072,0.9185201488848457,2.2053161530608514,,,,,CHEMBL214_Ki
86921808,mondrian_wstd,cliffA,all,664,594,0.8945783132530121,0.8689074922778528,0.9157098642506023,2.2115285441677317,,,,,CHEMBL214_Ki
86921808,mondrian_wstd,cliffA,cliff,17,13,0.7647058823529411,0.5273820188043501,0.9044495567791988,2.5525116090538726,,,,,CHEMBL214_Ki
86921808,mondrian_wstd,cliffA,noncliff,647,581,0.8979907264296755,0.8722709948934191,0.9190123399653731,2.202569174611218,,,,,CHEMBL214_Ki
86921808,mondrian_wstd,__bins__,__summary__,-1,-1,,,,2.2115285441677317,0.8264462809917356,0.1322314049586777,0.8045112781954887,0.15037593984962405,CHEMBL214_Ki
86921808,mondrian_std,cliffB_oracle,all,664,591,0.8900602409638554,0.8639861609525203,0.9116470273714103,2.1937743257400437,,,,,CHEMBL214_Ki
86921808,mondrian_std,cliffB_oracle,cliff,10,7,0.7,0.39677814746114537,0.8922087325936989,2.4929861311447494,,,,,CHEMBL214_Ki
86921808,mondrian_std,cliffB_oracle,noncliff,654,584,0.8929663608562691,0.8669358147901188,0.9144074604139746,2.1891992216818674,,,,,CHEMBL214_Ki
86921808,mondrian_std,cliffA,all,664,591,0.8900602409638554,0.8639861609525203,0.9116470273714103,2.1937743257400437,,,,,CHEMBL214_Ki
86921808,mondrian_std,cliffA,cliff,17,13,0.7647058823529411,0.5273820188043501,0.9044495567791988,2.4724669511486517,,,,,CHEMBL214_Ki
86921808,mondrian_std,cliffA,noncliff,647,578,0.893353941267388,0.8672054210960144,0.914859078793549,2.1864516447014863,,,,,CHEMBL214_Ki
86921808,mondrian_std,__bins__,__summary__,-1,-1,,,,2.1937743257400437,0.8512396694214877,0.1074380165289256,0.7969924812030075,0.16541353383458646,CHEMBL214_Ki
86921808,mondrian_iqr,cliffB_oracle,all,664,602,0.9066265060240963,0.8820972576582541,0.9264778807489323,2.228516003380123,,,,,CHEMBL214_Ki
86921808,mondrian_iqr,cliffB_oracle,cliff,10,6,0.6,0.31267376973365824,0.8318196702937638,2.5750094763023563,,,,,CHEMBL214_Ki
86921808,mondrian_iqr,cliffB_oracle,noncliff,654,596,0.9113149847094801,0.8870563884640851,0.9307698412242463,2.2232179380449204,,,,,CHEMBL214_Ki
86921808,mondrian_iqr,cliffA,all,664,602,0.9066265060240963,0.8820972576582541,0.9264778807489323,2.228516003380123,,,,,CHEMBL214_Ki
86921808,mondrian_iqr,cliffA,cliff,17,11,0.6470588235294118,0.41300363485218694,0.8269027960275627,2.557906440704527,,,,,CHEMBL214_Ki
86921808,mondrian_iqr,cliffA,noncliff,647,591,0.9134466769706336,0.8892669952430569,0.9327457895131638,2.219861231456607,,,,,CHEMBL214_Ki
86921808,mondrian_iqr,__bins__,__summary__,-1,-1,,,,2.228516003380123,0.8833333333333333,0.07534435261707995,0.8421052631578947,0.13533834586466165,CHEMBL214_Ki
86921808,mondrian_nb,cliffB_oracle,all,664,585,0.8810240963855421,0.8541800998403282,0.9034847520745539,2.1495767173245883,,,,,CHEMBL214_Ki
86921808,mondrian_nb,cliffB_oracle,cliff,10,3,0.3,0.10779126740630099,0.6032218525388546,1.8994162118578175,,,,,CHEMBL214_Ki
86921808,mondrian_nb,cliffB_oracle,noncliff,654,582,0.8899082568807339,0.8636045722154964,0.9116582105745574,2.1534018015060377,,,,,CHEMBL214_Ki
86921808,mondrian_nb,cliffA,all,664,585,0.8810240963855421,0.8541800998403282,0.9034847520745539,2.1495767173245883,,,,,CHEMBL214_Ki
86921808,mondrian_nb,cliffA,cliff,17,9,0.5294117647058824,0.30963235060004424,0.7383489355759056,1.9754390868767941,,,,,CHEMBL214_Ki
86921808,mondrian_nb,cliffA,noncliff,647,576,0.8902627511591963,0.8638360678965885,0.9120825420134892,2.1541522037505736,,,,,CHEMBL214_Ki
86921808,mondrian_nb,__bins__,__summary__,-1,-1,,,,2.1495767173245883,0.8,0.1586776859504132,0.7819548872180451,0.19548872180451127,CHEMBL214_Ki
86921808,mondrian_nnsim,cliffB_oracle,all,664,587,0.8840361445783133,0.8574435803003283,0.9062107170842367,2.152783538066162,,,,,CHEMBL214_Ki
86921808,mondrian_nnsim,cliffB_oracle,cliff,10,4,0.4,0.16818032970623614,0.6873262302663417,2.537914047062152,,,,,CHEMBL214_Ki
86921808,mondrian_nnsim,cliffB_oracle,noncliff,654,583,0.8914373088685015,0.8652694661101386,0.913033562886935,2.1468946923628596,,,,,CHEMBL214_Ki
86921808,mondrian_nnsim,cliffA,all,664,587,0.8840361445783133,0.8574435803003283,0.9062107170842367,2.152783538066162,,,,,CHEMBL214_Ki
86921808,mondrian_nnsim,cliffA,cliff,17,10,0.5882352941176471,0.3600544264299978,0.7838894320978518,2.481172795148729,,,,,CHEMBL214_Ki
86921808,mondrian_nnsim,cliffA,noncliff,647,577,0.8918083462132921,0.8655199941228809,0.9134715607769394,2.144155072269557,,,,,CHEMBL214_Ki
86921808,mondrian_nnsim,__bins__,__summary__,-1,-1,,,,2.152783538066162,0.8166666666666667,0.15027548209366393,0.7669172932330827,0.20300751879699253,CHEMBL214_Ki
86921808,mondrian_pairgap,cliffB_oracle,all,664,577,0.8689759036144579,0.8411744659935382,0.8925326040426126,2.1141714685642015,,,,,CHEMBL214_Ki
86921808,mondrian_pairgap,cliffB_oracle,cliff,10,3,0.3,0.10779126740630099,0.6032218525388546,2.214127157467674,,,,,CHEMBL214_Ki
86921808,mondrian_pairgap,cliffB_oracle,noncliff,654,574,0.8776758409785933,0.8503348297696576,0.9006059833642377,2.1126430941161365,,,,,CHEMBL214_Ki
86921808,mondrian_pairgap,cliffA,all,664,577,0.8689759036144579,0.8411744659935382,0.8925326040426126,2.1141714685642015,,,,,CHEMBL214_Ki
86921808,mondrian_pairgap,cliffA,cliff,17,9,0.5294117647058824,0.30963235060004424,0.7383489355759056,2.2000072601308145,,,,,CHEMBL214_Ki
86921808,mondrian_pairgap,cliffA,noncliff,647,568,0.8778979907264297,0.8504155861788069,0.9009194638133277,2.1119161231907357,,,,,CHEMBL214_Ki
86921808,mondrian_pairgap,__bins__,__summary__,-1,-1,,,,2.1141714685642015,0.7444444444444445,0.2224977043158861,0.6842105263157895,0.29323308270676685,CHEMBL214_Ki
86921808,mondrian_rfstd,cliffB_oracle,all,664,595,0.8960843373493976,0.8705508121153992,0.9170612671478974,2.156993641259941,,,,,CHEMBL214_Ki
86921808,mondrian_rfstd,cliffB_oracle,cliff,10,5,0.5,0.236593090512564,0.7634069094874361,2.5010958091235387,,,,,CHEMBL214_Ki
86921808,mondrian_rfstd,cliffB_oracle,noncliff,654,590,0.9021406727828746,0.8769660424302382,0.9226187100159741,2.1517321402222715,,,,,CHEMBL214_Ki
86921808,mondrian_rfstd,cliffA,all,664,595,0.8960843373493976,0.8705508121153992,0.9170612671478974,2.156993641259941,,,,,CHEMBL214_Ki
86921808,mondrian_rfstd,cliffA,cliff,17,11,0.6470588235294118,0.41300363485218694,0.8269027960275627,2.3110517745549024,,,,,CHEMBL214_Ki
86921808,mondrian_rfstd,cliffA,noncliff,647,584,0.9026275115919629,0.8773511591832283,0.9231510106447923,2.152945745949254,,,,,CHEMBL214_Ki
86921808,mondrian_rfstd,__bins__,__summary__,-1,-1,,,,2.156993641259941,0.8333333333333334,0.10881542699724511,0.8421052631578947,0.10526315789473684,CHEMBL214_Ki
89165191,global,cliffB_oracle,all,664,575,0.8659638554216867,0.837934412348061,0.8897832122184068,2.112429417595731,,,,,CHEMBL214_Ki
89165191,global,cliffB_oracle,cliff,10,6,0.6,0.31267376973365824,0.8318196702937638,2.112429417595731,,,,,CHEMBL214_Ki
89165191,global,cliffB_oracle,noncliff,654,569,0.8700305810397554,0.8420825226039922,0.893657059494804,2.112429417595731,,,,,CHEMBL214_Ki
89165191,global,cliffA,all,664,575,0.8659638554216867,0.837934412348061,0.8897832122184068,2.112429417595731,,,,,CHEMBL214_Ki
89165191,global,cliffA,cliff,18,13,0.7222222222222222,0.4912734343970254,0.8750024662044601,2.112429417595731,,,,,CHEMBL214_Ki
89165191,global,cliffA,noncliff,646,562,0.8699690402476781,0.8418302229255956,0.8937338035178004,2.112429417595731,,,,,CHEMBL214_Ki
89165191,global,__bins__,__summary__,-1,-1,,,,2.112429417595731,0.75,0.2008196721311475,0.706766917293233,0.24020277967646397,CHEMBL214_Ki
89165191,mondrian_pair,cliffB_oracle,all,664,578,0.8704819277108434,0.842796137352315,0.8939056554186773,2.1379080263889487,,,,,CHEMBL214_Ki
89165191,mondrian_pair,cliffB_oracle,cliff,10,6,0.6,0.31267376973365824,0.8318196702937638,2.328207771788718,,,,,CHEMBL214_Ki
89165191,mondrian_pair,cliffB_oracle,noncliff,654,572,0.8746177370030581,0.8470302970506668,0.8978300236691888,2.134998244349197,,,,,CHEMBL214_Ki
89165191,mondrian_pair,cliffA,all,664,578,0.8704819277108434,0.842796137352315,0.8939056554186773,2.1379080263889487,,,,,CHEMBL214_Ki
89165191,mondrian_pair,cliffA,cliff,18,14,0.7777777777777778,0.5478541568378739,0.9099907189139831,2.3842179805411323,,,,,CHEMBL214_Ki
89165191,mondrian_pair,cliffA,noncliff,646,564,0.8730650154798761,0.8451696659089956,0.8965497080360185,2.1310449007314576,,,,,CHEMBL214_Ki
89165191,mondrian_pair,__bins__,__summary__,-1,-1,,,,2.1379080263889487,0.7613636363636364,0.18945603576751113,0.7218045112781954,0.23274094326725914,CHEMBL214_Ki
89165191,mondrian_wstd,cliffB_oracle,all,664,596,0.8975903614457831,0.8721956151764346,0.9184111868217032,2.229983515045996,,,,,CHEMBL214_Ki
89165191,mondrian_wstd,cliffB_oracle,cliff,10,5,0.5,0.236593090512564,0.7634069094874361,2.425524287181136,,,,,CHEMBL214_Ki
89165191,mondrian_wstd,cliffB_oracle,noncliff,654,591,0.9036697247706422,0.8786433894695578,0.9239816091836746,2.2269935949827673,,,,,CHEMBL214_Ki
89165191,mondrian_wstd,cliffA,all,664,596,0.8975903614457831,0.8721956151764346,0.9184111868217032,2.229983515045996,,,,,CHEMBL214_Ki
89165191,mondrian_wstd,cliffA,cliff,18,13,0.7222222222222222,0.4912734343970254,0.8750024662044601,2.3991879426586156,,,,,CHEMBL214_Ki
89165191,mondrian_wstd,cliffA,noncliff,646,583,0.9024767801857585,0.8771643058900492,0.9230308693203396,2.2252688405923933,,,,,CHEMBL214_Ki
89165191,mondrian_wstd,__bins__,__summary__,-1,-1,,,,2.229983515045996,0.8409090909090909,0.10991058122205655,0.7894736842105263,0.16541353383458646,CHEMBL214_Ki
89165191,mondrian_std,cliffB_oracle,all,664,593,0.8930722891566265,0.8672656280805093,0.9143570057131043,2.2210575629461817,,,,,CHEMBL214_Ki
89165191,mondrian_std,cliffB_oracle,cliff,10,5,0.5,0.236593090512564,0.7634069094874361,2.449571021726369,,,,,CHEMBL214_Ki
89165191,mondrian_std,cliffB_oracle,noncliff,654,588,0.8990825688073395,0.8736163131550371,0.9198879468771358,2.217563473362387,,,,,CHEMBL214_Ki
89165191,mondrian_std,cliffA,all,664,593,0.8930722891566265,0.8672656280805093,0.9143570057131043,2.2210575629461817,,,,,CHEMBL214_Ki
89165191,mondrian_std,cliffA,cliff,18,13,0.7222222222222222,0.4912734343970254,0.8750024662044601,2.438978815380862,,,,,CHEMBL214_Ki
89165191,mondrian_std,cliffA,noncliff,646,580,0.8978328173374613,0.8720764660569589,0.9188856879010023,2.214985453745215,,,,,CHEMBL214_Ki
89165191,mondrian_std,__bins__,__summary__,-1,-1,,,,2.2210575629461817,0.8409090909090909,0.10171385991058124,0.7894736842105263,0.16507177033492826,CHEMBL214_Ki
89165191,mondrian_iqr,cliffB_oracle,all,664,577,0.8689759036144579,0.8411744659935382,0.8925326040426126,2.172707252350251,,,,,CHEMBL214_Ki
89165191,mondrian_iqr,cliffB_oracle,cliff,10,6,0.6,0.31267376973365824,0.8318196702937638,2.36362405418135,,,,,CHEMBL214_Ki
89165191,mondrian_iqr,cliffB_oracle,noncliff,654,571,0.8730886850152905,0.8453798540467788,0.896440220466057,2.1697880351968704,,,,,CHEMBL214_Ki
89165191,mondrian_iqr,cliffA,all,664,577,0.8689759036144579,0.8411744659935382,0.8925326040426126,2.172707252350251,,,,,CHEMBL214_Ki
89165191,mondrian_iqr,cliffA,cliff,18,13,0.7222222222222222,0.4912734343970254,0.8750024662044601,2.2933912948458874,,,,,CHEMBL214_Ki
89165191,mondrian_iqr,cliffA,noncliff,646,564,0.8730650154798761,0.8451696659089956,0.8965497080360185,2.1693445390918584,,,,,CHEMBL214_Ki
89165191,mondrian_iqr,__bins__,__summary__,-1,-1,,,,2.172707252350251,0.8125,0.1383196721311475,0.7669172932330827,0.17247664616085678,CHEMBL214_Ki
89165191,mondrian_nb,cliffB_oracle,all,664,573,0.8629518072289156,0.8346986415655061,0.8870295375312788,2.0946948276892825,,,,,CHEMBL214_Ki
89165191,mondrian_nb,cliffB_oracle,cliff,10,5,0.5,0.236593090512564,0.7634069094874361,1.9617782174195,,,,,CHEMBL214_Ki
89165191,mondrian_nb,cliffB_oracle,noncliff,654,568,0.8685015290519877,0.8404355989013609,0.8922637369904155,2.0967271917606864,,,,,CHEMBL214_Ki
89165191,mondrian_nb,cliffA,all,664,573,0.8629518072289156,0.8346986415655061,0.8870295375312788,2.0946948276892825,,,,,CHEMBL214_Ki
89165191,mondrian_nb,cliffA,cliff,18,11,0.6111111111111112,0.3861904160223791,0.7969475342783638,1.955854540658673,,,,,CHEMBL214_Ki
89165191,mondrian_nb,cliffA,noncliff,646,562,0.8699690402476781,0.8418302229255956,0.8937338035178004,2.0985634424981856,,,,,CHEMBL214_Ki
89165191,mondrian_nb,__bins__,__summary__,-1,-1,,,,2.0946948276892825,0.7727272727272727,0.16989567809239947,0.7894736842105263,0.14234449760765544,CHEMBL214_Ki
89165191,mondrian_nnsim,cliffB_oracle,all,664,572,0.8614457831325302,0.8330823253437142,0.8856511310182295,2.126969249026972,,,,,CHEMBL214_Ki
89165191,mondrian_nnsim,cliffB_oracle,cliff,10,6,0.6,0.31267376973365824,0.8318196702937638,2.2942600021178934,,,,,CHEMBL214_Ki
89165191,mondrian_nnsim,cliffB_oracle,noncliff,654,566,0.8654434250764526,0.8371451511095686,0.8894736923681682,2.1244112864414837,,,,,CHEMBL214_Ki
89165191,mondrian_nnsim,cliffA,all,664,572,0.8614457831325302,0.8330823253437142,0.8856511310182295,2.126969249026972,,,,,CHEMBL214_Ki
89165191,mondrian_nnsim,cliffA,cliff,18,13,0.7222222222222222,0.4912734343970254,0.8750024662044601,2.2263106810776927,,,,,CHEMBL214_Ki
89165191,mondrian_nnsim,cliffA,noncliff,646,559,0.8653250773993808,0.836829945773795,0.8895010594171734,2.124201221508531,,,,,CHEMBL214_Ki
89165191,mondrian_nnsim,__bins__,__summary__,-1,-1,,,,2.126969249026972,0.75,0.19262295081967218,0.706766917293233,0.23308270676691734,CHEMBL214_Ki
89165191,mondrian_pairgap,cliffB_oracle,all,664,575,0.8659638554216867,0.837934412348061,0.8897832122184068,2.112429417595731,,,,,CHEMBL214_Ki
89165191,mondrian_pairgap,cliffB_oracle,cliff,10,6,0.6,0.31267376973365824,0.8318196702937638,2.112429417595731,,,,,CHEMBL214_Ki
89165191,mondrian_pairgap,cliffB_oracle,noncliff,654,569,0.8700305810397554,0.8420825226039922,0.893657059494804,2.112429417595731,,,,,CHEMBL214_Ki
89165191,mondrian_pairgap,cliffA,all,664,575,0.8659638554216867,0.837934412348061,0.8897832122184068,2.112429417595731,,,,,CHEMBL214_Ki
89165191,mondrian_pairgap,cliffA,cliff,18,13,0.7222222222222222,0.4912734343970254,0.8750024662044601,2.112429417595731,,,,,CHEMBL214_Ki
89165191,mondrian_pairgap,cliffA,noncliff,646,562,0.8699690402476781,0.8418302229255956,0.8937338035178004,2.112429417595731,,,,,CHEMBL214_Ki
89165191,mondrian_pairgap,__bins__,__summary__,-1,-1,,,,2.112429417595731,0.75,0.2008196721311475,0.706766917293233,0.24020277967646397,CHEMBL214_Ki
89165191,mondrian_rfstd,cliffB_oracle,all,664,575,0.8659638554216867,0.837934412348061,0.8897832122184068,2.0864454073659138,,,,,CHEMBL214_Ki
89165191,mondrian_rfstd,cliffB_oracle,cliff,10,5,0.5,0.236593090512564,0.7634069094874361,2.3738890172340996,,,,,CHEMBL214_Ki
89165191,mondrian_rfstd,cliffB_oracle,noncliff,654,570,0.8715596330275229,0.8437306018608798,0.8950492264449362,2.0820502451355134,,,,,CHEMBL214_Ki
89165191,mondrian_rfstd,cliffA,all,664,575,0.8659638554216867,0.837934412348061,0.8897832122184068,2.0864454073659138,,,,,CHEMBL214_Ki
89165191,mondrian_rfstd,cliffA,cliff,18,13,0.7222222222222222,0.4912734343970254,0.8750024662044601,2.3283037278330116,,,,,CHEMBL214_Ki
89165191,mondrian_rfstd,cliffA,noncliff,646,562,0.8699690402476781,0.8418302229255956,0.8937338035178004,2.079706321037109,,,,,CHEMBL214_Ki
89165191,mondrian_rfstd,__bins__,__summary__,-1,-1,,,,2.0864454073659138,0.8181818181818182,0.09165424739195227,0.849624060150376,0.03007518796992481,CHEMBL214_Ki
