run,dataset,signal,lhs,rhs,resid
rf_ecfp,CHEMBL204_Ki,d_wstd,0.006533575317604345,0.006533575317604356,1.0408340855860843e-17
rf_ecfp,CHEMBL214_Ki,d_wstd,0.004969879518072262,0.004969879518072289,2.688821387764051e-17
rf_ecfp,CHEMBL219_Ki,d_wstd,0.008310991957104497,0.008310991957104557,6.071532165918825e-17
rf_ecfp,CHEMBL228_Ki,d_wstd,0.01759530791788866,0.017595307917888565,9.367506770274758e-17
rf_ecfp,CHEMBL233_Ki,d_wstd,0.0006359300476947993,0.0006359300476947536,4.575333167888829e-17
rf_ecfp,CHEMBL234_Ki,d_wstd,0.000683060109289535,0.0006830601092896175,8.250778532614689e-17
rf_ecfp,CHEMBL235_EC50,d_wstd,-0.0019148936170212405,-0.0019148936170212765,3.599551212651875e-17
rf_ecfp,CHEMBL236_Ki,d_wstd,-0.001348747591522148,-0.001348747591522158,9.974659986866641e-18
rf_ecfp,CHEMBL237_EC50,d_wstd,0.01884816753926699,0.018848167539267015,2.42861286636753e-17
rf_ecfp,CHEMBL237_Ki,d_wstd,-0.005576923076923035,-0.0055769230769230765,4.163336342344337e-17
rf_ecfp,CHEMBL239_EC50,d_wstd,0.01104651162790693,0.011046511627906977,4.683753385137379e-17
rf_ecfp,CHEMBL244_Ki,d_wstd,0.002903225806451526,0.002903225806451613,8.716985466783456e-17
rf_ecfp,CHEMBL264_Ki,d_wstd,-0.0047120418848167755,-0.004712041884816754,2.168404344971009e-17
rf_ecfp,CHEMBL287_Ki,d_wstd,0.01132075471698113,0.011320754716981131,1.734723475976807e-18
rf_ecfp,CHEMBL3979_EC50,d_wstd,-0.0040000000000000036,-0.004,3.469446951953614e-18
rf_ecfp,CHEMBL204_Ki,d_std,0.003629764065335661,0.003629764065335753,9.194034422677078e-17
rf_ecfp,CHEMBL214_Ki,d_std,0.004819277108433773,0.004819277108433735,3.729655473350135e-17
rf_ecfp,CHEMBL219_Ki,d_std,0.004825737265415464,0.00482573726541555,8.586881206085195e-17
rf_ecfp,CHEMBL228_Ki,d_std,0.015835777126099737,0.015835777126099706,3.122502256758253e-17
rf_ecfp,CHEMBL233_Ki,d_std,0.0007949125596184992,0.000794912559618442,5.713745448998608e-17
rf_ecfp,CHEMBL234_Ki,d_std,0.0010928961748634114,0.001092896174863388,2.3418766925686896e-17
rf_ecfp,CHEMBL235_EC50,d_std,0.0006382978723404875,0.0006382978723404255,6.201636426617085e-17
rf_ecfp,CHEMBL236_Ki,d_std,0.0007707129094411957,0.0007707129094412332,3.74049749507499e-17
rf_ecfp,CHEMBL237_EC50,d_std,0.017277486910994733,0.017277486910994764,3.122502256758253e-17
rf_ecfp,CHEMBL237_Ki,d_std,-0.0026923076923076605,-0.002692307692307692,3.165870343657673e-17
rf_ecfp,CHEMBL239_EC50,d_std,0.014534883720930258,0.014534883720930232,2.6020852139652106e-17
rf_ecfp,CHEMBL244_Ki,d_std,0.000322580645161219,0.0003225806451612903,7.134050294954619e-17
rf_ecfp,CHEMBL264_Ki,d_std,-0.003315881326352521,-0.0033158813263525306,9.540979117872439e-18
rf_ecfp,CHEMBL287_Ki,d_std,0.012075471698113183,0.012075471698113207,2.42861286636753e-17
rf_ecfp,CHEMBL3979_EC50,d_std,-0.003555555555555534,-0.0035555555555555557,2.168404344971009e-17
rf_ecfp,CHEMBL204_Ki,d_iqr,0.0027223230490017736,0.0027223230490018148,4.119968255444917e-17
rf_ecfp,CHEMBL214_Ki,d_iqr,0.003765060240963791,0.0037650602409638554,6.418476861114186e-17
rf_ecfp,CHEMBL219_Ki,d_iqr,0.014209115281501261,0.014209115281501341,7.979727989493313e-17
rf_ecfp,CHEMBL228_Ki,d_iqr,0.014662756598240567,0.01466275659824047,9.71445146547012e-17
rf_ecfp,CHEMBL233_Ki,d_iqr,0.005882352941176561,0.0058823529411764705,9.020562075079397e-17
rf_ecfp,CHEMBL234_Ki,d_iqr,0.001366120218579181,0.001366120218579235,5.399326818977812e-17
rf_ecfp,CHEMBL235_EC50,d_iqr,-0.00021276595744679216,-0.0002127659574468085,1.634434775021898e-17
rf_ecfp,CHEMBL236_Ki,d_iqr,-0.004431599229287042,-0.004431599229287091,4.85722573273506e-17
rf_ecfp,CHEMBL237_EC50,d_iqr,0.014136125654450327,0.014136125654450262,6.418476861114186e-17
rf_ecfp,CHEMBL237_Ki,d_iqr,-0.0007692307692307443,-0.0007692307692307692,2.4936649967166602e-17
rf_ecfp,CHEMBL239_EC50,d_iqr,-0.0011627906976744429,-0.0011627906976744186,2.42861286636753e-17
rf_ecfp,CHEMBL244_Ki,d_iqr,0.004354838709677344,0.004354838709677419,7.45931094670027e-17
rf_ecfp,CHEMBL264_Ki,d_iqr,-0.0006980802792321272,-0.0006980802792321117,1.5504091066542713e-17
rf_ecfp,CHEMBL287_Ki,d_iqr,0.007547169811320753,0.007547169811320755,1.734723475976807e-18
rf_ecfp,CHEMBL3979_EC50,d_iqr,0.008000000000000007,0.008,6.938893903907228e-18
rf_ecfp,CHEMBL204_Ki,d_nb,-0.0005444646098003991,-0.000544464609800363,3.61039323437673e-17
rf_ecfp,CHEMBL214_Ki,d_nb,0.0,0.0,0.0
rf_ecfp,CHEMBL219_Ki,d_nb,0.005093833780160817,0.005093833780160858,4.0766001685454967e-17
rf_ecfp,CHEMBL228_Ki,d_nb,0.014956011730205332,0.014956011730205278,5.377642775528102e-17
rf_ecfp,CHEMBL233_Ki,d_nb,0.001907790143084287,0.0019077901430842607,2.6237692574149207e-17
rf_ecfp,CHEMBL234_Ki,d_nb,0.0005464480874316502,0.000546448087431694,4.380176776841438e-17
rf_ecfp,CHEMBL235_EC50,d_nb,0.0036170212765958,0.003617021276595745,5.5077470362263625e-17
rf_ecfp,CHEMBL236_Ki,d_nb,0.0009633911368015502,0.0009633911368015414,8.782037597132586e-18
rf_ecfp,CHEMBL237_EC50,d_nb,0.017277486910994733,0.017277486910994764,3.122502256758253e-17
rf_ecfp,CHEMBL237_Ki,d_nb,0.004423076923076974,0.004423076923076923,5.117434254131581e-17
rf_ecfp,CHEMBL239_EC50,d_nb,0.008430232558139572,0.008430232558139536,3.642919299551295e-17
rf_ecfp,CHEMBL244_Ki,d_nb,0.007741935483870921,0.007741935483870968,4.683753385137379e-17
rf_ecfp,CHEMBL264_Ki,d_nb,0.0022687609075043857,0.002268760907504363,2.2551405187698492e-17
rf_ecfp,CHEMBL287_Ki,d_nb,0.0067924528301887,0.006792452830188679,2.0816681711721685e-17
rf_ecfp,CHEMBL3979_EC50,d_nb,0.0031111111111110645,0.003111111111111111,4.640385298237959e-17
rf_ecfp,CHEMBL204_Ki,d_nn_sim,0.007259528130671433,0.007259528130671506,7.28583859910259e-17
rf_ecfp,CHEMBL214_Ki,d_nn_sim,0.0022590361445783413,0.002259036144578313,2.8189256484623115e-17
rf_ecfp,CHEMBL219_Ki,d_nn_sim,0.0037533512064342744,0.0037533512064343165,4.206704429243757e-17
rf_ecfp,CHEMBL228_Ki,d_nn_sim,0.007624633431085104,0.007624633431085044,5.984795992119984e-17
rf_ecfp,CHEMBL233_Ki,d_nn_sim,-0.0015898251192368873,-0.001589825119236884,3.2526065174565133e-18
rf_ecfp,CHEMBL234_Ki,d_nn_sim,0.00532786885245895,0.005327868852459016,6.591949208711867e-17
rf_ecfp,CHEMBL235_EC50,d_nn_sim,0.004680851063829761,0.004680851063829788,2.688821387764051e-17
rf_ecfp,CHEMBL236_Ki,d_nn_sim,0.0025048169556840527,0.0025048169556840076,4.5102810375396984e-17
rf_ecfp,CHEMBL237_EC50,d_nn_sim,0.01675392670157072,0.016753926701570682,3.8163916471489756e-17
rf_ecfp,CHEMBL237_Ki,d_nn_sim,0.003076923076923088,0.003076923076923077,1.1275702593849246e-17
rf_ecfp,CHEMBL239_EC50,d_nn_sim,0.01017441860465118,0.010174418604651164,1.734723475976807e-17
rf_ecfp,CHEMBL244_Ki,d_nn_sim,0.001935483870967647,0.001935483870967742,9.497611030973019e-17
rf_ecfp,CHEMBL264_Ki,d_nn_sim,-0.005410122164048903,-0.0054101221640488655,3.729655473350135e-17
rf_ecfp,CHEMBL287_Ki,d_nn_sim,0.00905660377358486,0.009056603773584906,4.683753385137379e-17
rf_ecfp,CHEMBL3979_EC50,d_nn_sim,-0.0031111111111110645,-0.003111111111111111,4.640385298237959e-17
rf_ecfp,CHEMBL204_Ki,d_pair_gap,0.0014519056261342866,0.0014519056261343012,1.452830911130576e-17
rf_ecfp,CHEMBL214_Ki,d_pair_gap,0.005722891566265043,0.00572289156626506,1.734723475976807e-17
rf_ecfp,CHEMBL219_Ki,d_pair_gap,0.0013404825737265424,0.0013404825737265416,8.673617379884035e-19
rf_ecfp,CHEMBL228_Ki,d_pair_gap,0.006451612903225823,0.0064516129032258064,1.6479873021779667e-17
rf_ecfp,CHEMBL233_Ki,d_pair_gap,0.002702702702702786,0.002702702702702703,8.326672684688674e-17
rf_ecfp,CHEMBL234_Ki,d_pair_gap,-0.0005464480874317612,-0.000546448087431694,6.722053469410127e-17
rf_ecfp,CHEMBL235_EC50,d_pair_gap,0.00276595744680852,0.0027659574468085106,9.540979117872439e-18
rf_ecfp,CHEMBL236_Ki,d_pair_gap,0.005587668593448947,0.005587668593448941,6.071532165918825e-18
rf_ecfp,CHEMBL237_EC50,d_pair_gap,0.007853403141361293,0.007853403141361256,3.642919299551295e-17
rf_ecfp,CHEMBL237_Ki,d_pair_gap,0.0036538461538461187,0.003653846153846154,3.5128150388530344e-17
rf_ecfp,CHEMBL239_EC50,d_pair_gap,0.00029069767441858296,0.00029069767441860465,2.168404344971009e-17
rf_ecfp,CHEMBL244_Ki,d_pair_gap,0.007580645161290311,0.007580645161290323,1.1275702593849246e-17
rf_ecfp,CHEMBL264_Ki,d_pair_gap,-0.0005235602094241232,-0.0005235602094240838,3.935653886122381e-17
rf_ecfp,CHEMBL287_Ki,d_pair_gap,0.009433962264150941,0.009433962264150943,1.734723475976807e-18
rf_ecfp,CHEMBL3979_EC50,d_pair_gap,0.008444444444444477,0.008444444444444444,3.2959746043559335e-17
rf_ecfp,CHEMBL204_Ki,d_pair,0.003629764065335661,0.003629764065335753,9.194034422677078e-17
rf_ecfp,CHEMBL214_Ki,d_pair,0.002108433734939741,0.002108433734939759,1.8214596497756474e-17
rf_ecfp,CHEMBL219_Ki,d_pair,0.0010723860589811895,0.0010723860589812334,4.380176776841438e-17
rf_ecfp,CHEMBL228_Ki,d_pair,0.003225806451612967,0.0032258064516129032,6.375108774214766e-17
rf_ecfp,CHEMBL233_Ki,d_pair,0.00015898251192369983,0.0001589825119236884,1.1438332919722072e-17
rf_ecfp,CHEMBL234_Ki,d_pair,-0.001366120218579292,-0.001366120218579235,5.702903427273753e-17
rf_ecfp,CHEMBL235_EC50,d_pair,0.002340425531914936,0.002340425531914894,4.206704429243757e-17
rf_ecfp,CHEMBL236_Ki,d_pair,0.002119460500963344,0.002119460500963391,4.7271214720367993e-17
rf_ecfp,CHEMBL237_EC50,d_pair,0.01099476439790581,0.01099476439790576,5.0306980803327406e-17
rf_ecfp,CHEMBL237_Ki,d_pair,0.0009615384615384581,0.0009615384615384616,3.469446951953614e-18
rf_ecfp,CHEMBL239_EC50,d_pair,-0.0008720930232558599,-0.0008720930232558139,4.597017211338539e-17
rf_ecfp,CHEMBL244_Ki,d_pair,0.0030645161290322465,0.003064516129032258,1.1709383462843448e-17
rf_ecfp,CHEMBL264_Ki,d_pair,0.0013961605584642545,0.0013961605584642235,3.1008182133085427e-17
rf_ecfp,CHEMBL287_Ki,d_pair,0.0,0.0,0.0
rf_ecfp,CHEMBL3979_EC50,d_pair,-0.002666666666666706,-0.0026666666666666666,3.946495907847236e-17
rf_ecfp,CHEMBL204_Ki,rf_std,0.007622504537205033,0.007622504537205082,4.9439619065339e-17
rf_ecfp,CHEMBL214_Ki,rf_std,0.0016566265060240504,0.0016566265060240963,4.597017211338539e-17
rf_ecfp,CHEMBL219_Ki,rf_std,0.005630026809651412,0.005630026809651474,6.245004513516506e-17
rf_ecfp,CHEMBL228_Ki,rf_std,0.01759530791788866,0.017595307917888565,9.367506770274758e-17
rf_ecfp,CHEMBL233_Ki,rf_std,0.006677265500794949,0.006677265500794912,3.642919299551295e-17
rf_ecfp,CHEMBL234_Ki,rf_std,0.0030054644808742426,0.003005464480874317,7.45931094670027e-17
rf_ecfp,CHEMBL235_EC50,rf_std,0.00021276595744679216,0.0002127659574468085,1.634434775021898e-17
rf_ecfp,CHEMBL236_Ki,rf_std,0.0032755298651252485,0.0032755298651252407,7.806255641895632e-18
rf_ecfp,CHEMBL237_EC50,rf_std,0.020942408376963373,0.020942408376963352,2.0816681711721685e-17
rf_ecfp,CHEMBL237_Ki,rf_std,0.0028846153846153744,0.0028846153846153848,1.0408340855860843e-17
rf_ecfp,CHEMBL239_EC50,rf_std,-0.005232558139534826,-0.005232558139534884,5.724587470723463e-17
rf_ecfp,CHEMBL244_Ki,rf_std,0.003225806451612856,0.0032258064516129032,4.7271214720367993e-17
rf_ecfp,CHEMBL264_Ki,rf_std,-0.003141361256544517,-0.0031413612565445027,1.431146867680866e-17
rf_ecfp,CHEMBL287_Ki,rf_std,0.005660377358490565,0.005660377358490566,8.673617379884035e-19
rf_ecfp,CHEMBL3979_EC50,rf_std,-0.0004444444444444695,-0.00044444444444444447,2.5045070184415152e-17
rf_rdkit,CHEMBL204_Ki,d_wstd,0.009618874773139718,0.009618874773139746,2.7755575615628914e-17
rf_rdkit,CHEMBL214_Ki,d_wstd,0.005120481927710863,0.0051204819277108436,1.9081958235744878e-17
rf_rdkit,CHEMBL219_Ki,d_wstd,-0.0002680965147453529,-0.00026809651474530834,4.456070928915423e-17
rf_rdkit,CHEMBL228_Ki,d_wstd,0.009970674486803555,0.00997067448680352,3.469446951953614e-17
rf_rdkit,CHEMBL233_Ki,d_wstd,-0.0004769475357710995,-0.0004769475357710652,3.4314998759166215e-17
rf_rdkit,CHEMBL234_Ki,d_wstd,0.00396174863387988,0.003961748633879781,9.8879238130678e-17
rf_rdkit,CHEMBL235_EC50,d_wstd,0.009574468085106425,0.009574468085106383,4.163336342344337e-17
rf_rdkit,CHEMBL236_Ki,d_wstd,0.0025048169556840527,0.0025048169556840076,4.5102810375396984e-17
rf_rdkit,CHEMBL237_EC50,d_wstd,0.01308900523560208,0.013089005235602094,1.3877787807814457e-17
rf_rdkit,CHEMBL237_Ki,d_wstd,0.00019230769230771383,0.0001923076923076923,2.1521413123837263e-17
rf_rdkit,CHEMBL239_EC50,d_wstd,0.008430232558139572,0.008430232558139536,3.642919299551295e-17
rf_rdkit,CHEMBL244_Ki,d_wstd,0.005483870967741944,0.005483870967741935,8.673617379884035e-18
rf_rdkit,CHEMBL264_Ki,d_wstd,0.006457242582897038,0.006457242582897033,5.204170427930421e-18
rf_rdkit,CHEMBL287_Ki,d_wstd,0.009433962264150941,0.009433962264150943,1.734723475976807e-18
rf_rdkit,CHEMBL3979_EC50,d_wstd,-0.003555555555555534,-0.0035555555555555557,2.168404344971009e-17
rf_rdkit,CHEMBL204_Ki,d_std,0.008711433756805831,0.008711433756805808,2.2551405187698492e-17
rf_rdkit,CHEMBL214_Ki,d_std,0.005572289156626442,0.005572289156626506,6.418476861114186e-17
rf_rdkit,CHEMBL219_Ki,d_std,0.0005361930294905948,0.0005361930294906167,2.190088388420719e-17
rf_rdkit,CHEMBL228_Ki,d_std,0.01260997067448677,0.012609970674486803,3.2959746043559335e-17
rf_rdkit,CHEMBL233_Ki,d_std,-0.00015898251192369983,-0.0001589825119236884,1.1438332919722072e-17
rf_rdkit,CHEMBL234_Ki,d_std,0.005191256830601176,0.005191256830601093,8.326672684688674e-17
rf_rdkit,CHEMBL235_EC50,d_std,0.010638297872340496,0.010638297872340425,7.112366251504909e-17
rf_rdkit,CHEMBL236_Ki,d_std,0.005394990366088592,0.005394990366088632,3.9898639947466563e-17
rf_rdkit,CHEMBL237_EC50,d_std,0.007853403141361293,0.007853403141361256,3.642919299551295e-17
rf_rdkit,CHEMBL237_Ki,d_std,0.0017307692307692024,0.0017307692307692308,2.8406096919120216e-17
rf_rdkit,CHEMBL239_EC50,d_std,0.012500000000000067,0.0125,6.591949208711867e-17
rf_rdkit,CHEMBL244_Ki,d_std,0.005967741935483883,0.005967741935483871,1.214306433183765e-17
rf_rdkit,CHEMBL264_Ki,d_std,0.006631762652705153,0.006631762652705061,9.194034422677078e-17
rf_rdkit,CHEMBL287_Ki,d_std,0.007924528301886835,0.007924528301886792,4.336808689942018e-17
rf_rdkit,CHEMBL3979_EC50,d_std,-0.005333333333333301,-0.005333333333333333,3.209238430557093e-17
rf_rdkit,CHEMBL204_Ki,d_iqr,0.00889292196007263,0.008892921960072596,3.469446951953614e-17
rf_rdkit,CHEMBL214_Ki,d_iqr,0.0022590361445783413,0.002259036144578313,2.8189256484623115e-17
rf_rdkit,CHEMBL219_Ki,d_iqr,0.00857908847184985,0.008579088471849867,1.734723475976807e-17
rf_rdkit,CHEMBL228_Ki,d_iqr,0.011730205278592365,0.011730205278592375,1.0408340855860843e-17
rf_rdkit,CHEMBL233_Ki,d_iqr,0.0020667726550078758,0.002066772655007949,7.32920668600201e-17
rf_rdkit,CHEMBL234_Ki,d_iqr,0.002868852459016469,0.0028688524590163933,7.546047120499111e-17
rf_rdkit,CHEMBL235_EC50,d_iqr,0.010851063829787289,0.010851063829787235,5.377642775528102e-17
rf_rdkit,CHEMBL236_Ki,d_iqr,0.0036608863198458463,0.0036608863198458576,1.1275702593849246e-17
rf_rdkit,CHEMBL237_EC50,d_iqr,0.021989528795811508,0.02198952879581152,1.0408340855860843e-17
rf_rdkit,CHEMBL237_Ki,d_iqr,-0.0015384615384614886,-0.0015384615384615385,4.9873299934333204e-17
rf_rdkit,CHEMBL239_EC50,d_iqr,0.00552325581395352,0.005523255813953488,3.209238430557093e-17
rf_rdkit,CHEMBL244_Ki,d_iqr,-0.0024193548387096975,-0.0024193548387096775,1.9949319973733282e-17
rf_rdkit,CHEMBL264_Ki,d_iqr,0.00855148342059342,0.008551483420593368,5.204170427930421e-17
rf_rdkit,CHEMBL287_Ki,d_iqr,0.0030188679245283234,0.0030188679245283017,2.168404344971009e-17
rf_rdkit,CHEMBL3979_EC50,d_iqr,-0.0013333333333332975,-0.0013333333333333333,3.5778671692021646e-17
rf_rdkit,CHEMBL204_Ki,d_nb,0.0014519056261342866,0.0014519056261343012,1.452830911130576e-17
rf_rdkit,CHEMBL214_Ki,d_nb,0.0007530120481927804,0.0007530120481927711,9.324138683375338e-18
rf_rdkit,CHEMBL219_Ki,d_nb,0.010991957104557692,0.01099195710455764,5.204170427930421e-17
rf_rdkit,CHEMBL228_Ki,d_nb,0.007331378299120228,0.007331378299120235,6.938893903907228e-18
rf_rdkit,CHEMBL233_Ki,d_nb,0.003815580286168463,0.0038155802861685214,5.854691731421724e-17
rf_rdkit,CHEMBL234_Ki,d_nb,-0.0004098360655737654,-0.0004098360655737705,5.095750210681871e-18
rf_rdkit,CHEMBL235_EC50,d_nb,0.011276595744680873,0.01127659574468085,2.2551405187698492e-17
rf_rdkit,CHEMBL236_Ki,d_nb,0.003853564547206201,0.0038535645472061657,3.5128150388530344e-17
rf_rdkit,CHEMBL237_EC50,d_nb,0.008900523560209428,0.008900523560209424,3.469446951953614e-18
rf_rdkit,CHEMBL237_Ki,d_nb,0.005769230769230749,0.0057692307692307696,2.0816681711721685e-17
rf_rdkit,CHEMBL239_EC50,d_nb,0.0026162790697674687,0.002616279069767442,2.688821387764051e-17
rf_rdkit,CHEMBL244_Ki,d_nb,0.006129032258064493,0.006129032258064516,2.3418766925686896e-17
rf_rdkit,CHEMBL264_Ki,d_nb,0.008027923211169297,0.008027923211169284,1.214306433183765e-17
rf_rdkit,CHEMBL287_Ki,d_nb,0.00452830188679243,0.004528301886792453,2.3418766925686896e-17
rf_rdkit,CHEMBL3979_EC50,d_nb,-0.0040000000000000036,-0.004,3.469446951953614e-18
rf_rdkit,CHEMBL204_Ki,d_nn_sim,0.007803992740471832,0.00780399274047187,3.729655473350135e-17
rf_rdkit,CHEMBL214_Ki,d_nn_sim,0.004216867469879482,0.004216867469879518,3.642919299551295e-17
rf_rdkit,CHEMBL219_Ki,d_nn_sim,0.011260053619302934,0.011260053619302948,1.3877787807814457e-17
rf_rdkit,CHEMBL228_Ki,d_nn_sim,0.011143695014662724,0.011143695014662757,3.2959746043559335e-17
rf_rdkit,CHEMBL233_Ki,d_nn_sim,-0.004451510333863373,-0.004451510333863275,9.80118763926896e-17
rf_rdkit,CHEMBL234_Ki,d_nn_sim,0.002732240437158473,0.00273224043715847,3.0357660829594124e-18
rf_rdkit,CHEMBL235_EC50,d_nn_sim,0.006808510638297904,0.006808510638297872,3.209238430557093e-17
rf_rdkit,CHEMBL236_Ki,d_nn_sim,0.004046242774566444,0.004046242774566474,2.949029909160572e-17
rf_rdkit,CHEMBL237_EC50,d_nn_sim,0.01099476439790581,0.01099476439790576,5.0306980803327406e-17
rf_rdkit,CHEMBL237_Ki,d_nn_sim,0.004423076923076974,0.004423076923076923,5.117434254131581e-17
rf_rdkit,CHEMBL239_EC50,d_nn_sim,0.0049418604651163545,0.004941860465116279,7.546047120499111e-17
rf_rdkit,CHEMBL244_Ki,d_nn_sim,0.0024193548387096975,0.0024193548387096775,1.9949319973733282e-17
rf_rdkit,CHEMBL264_Ki,d_nn_sim,0.0038394415357766443,0.0038394415357766143,2.992397996059992e-17
rf_rdkit,CHEMBL287_Ki,d_nn_sim,-0.0022641509433961593,-0.0022641509433962265,6.722053469410127e-17
rf_rdkit,CHEMBL3979_EC50,d_nn_sim,0.0022222222222222365,0.0022222222222222222,1.431146867680866e-17
rf_rdkit,CHEMBL204_Ki,d_pair_gap,0.008529945553539031,0.00852994555353902,1.0408340855860843e-17
rf_rdkit,CHEMBL214_Ki,d_pair_gap,0.003915662650602392,0.00391566265060241,1.8214596497756474e-17
rf_rdkit,CHEMBL219_Ki,d_pair_gap,-0.0008042895442359477,-0.0008042895442359249,2.2768245622195593e-17
rf_rdkit,CHEMBL228_Ki,d_pair_gap,0.005278592375366542,0.005278592375366569,2.688821387764051e-17
rf_rdkit,CHEMBL233_Ki,d_pair_gap,0.0001589825119235888,0.0001589825119236884,9.958396954279358e-17
rf_rdkit,CHEMBL234_Ki,d_pair_gap,0.003551912568306115,0.003551912568306011,1.0364972768961422e-16
rf_rdkit,CHEMBL235_EC50,d_pair_gap,0.005106382978723456,0.005106382978723404,5.204170427930421e-17
rf_rdkit,CHEMBL236_Ki,d_pair_gap,0.0028901734104046506,0.002890173410404624,2.6454533008646308e-17
rf_rdkit,CHEMBL237_EC50,d_pair_gap,0.009424083769633551,0.009424083769633508,4.336808689942018e-17
rf_rdkit,CHEMBL237_Ki,d_pair_gap,0.003076923076923088,0.003076923076923077,1.1275702593849246e-17
rf_rdkit,CHEMBL239_EC50,d_pair_gap,0.0031976744186047457,0.003197674418604651,9.454242944073599e-17
rf_rdkit,CHEMBL244_Ki,d_pair_gap,0.0040322580645161255,0.004032258064516129,3.469446951953614e-18
rf_rdkit,CHEMBL264_Ki,d_pair_gap,0.00366492146596864,0.0036649214659685864,5.377642775528102e-17
rf_rdkit,CHEMBL287_Ki,d_pair_gap,0.010943396226415159,0.010943396226415094,6.418476861114186e-17
rf_rdkit,CHEMBL3979_EC50,d_pair_gap,0.009777777777777774,0.009777777777777778,3.469446951953614e-18
rf_rdkit,CHEMBL204_Ki,d_pair,0.005444646098003658,0.0054446460980036296,2.862293735361732e-17
rf_rdkit,CHEMBL214_Ki,d_pair,0.0030120481927710108,0.0030120481927710845,7.37257477290143e-17
rf_rdkit,CHEMBL219_Ki,d_pair,0.002412868632707732,0.002412868632707775,4.2934406030425976e-17
rf_rdkit,CHEMBL228_Ki,d_pair,0.0029325513196480912,0.002932551319648094,2.6020852139652106e-18
rf_rdkit,CHEMBL233_Ki,d_pair,-0.004928457869634362,-0.00492845786963434,2.168404344971009e-17
rf_rdkit,CHEMBL234_Ki,d_pair,0.0023224043715847076,0.0023224043715846993,8.239936510889834e-18
rf_rdkit,CHEMBL235_EC50,d_pair,0.004893617021276664,0.004893617021276595,6.852157730108388e-17
rf_rdkit,CHEMBL236_Ki,d_pair,-0.0005780346820809523,-0.0005780346820809249,2.7430314963883262e-17
rf_rdkit,CHEMBL237_EC50,d_pair,0.005235602094240899,0.005235602094240838,6.071532165918825e-17
rf_rdkit,CHEMBL237_Ki,d_pair,0.0017307692307692024,0.0017307692307692308,2.8406096919120216e-17
rf_rdkit,CHEMBL239_EC50,d_pair,-0.0040697674418603835,-0.004069767441860465,8.153200337090993e-17
rf_rdkit,CHEMBL244_Ki,d_pair,0.0001612903225806095,0.00016129032258064516,3.5670251474773096e-17
rf_rdkit,CHEMBL264_Ki,d_pair,0.0013961605584642545,0.0013961605584642235,3.1008182133085427e-17
rf_rdkit,CHEMBL287_Ki,d_pair,0.0007547169811320531,0.0007547169811320754,2.233456475320139e-17
rf_rdkit,CHEMBL3979_EC50,d_pair,0.0013333333333334085,0.0013333333333333333,7.524363077049401e-17
rf_rdkit,CHEMBL204_Ki,rf_std,0.006715063520871145,0.006715063520871143,1.734723475976807e-18
rf_rdkit,CHEMBL214_Ki,rf_std,0.00120481927710836,0.0012048192771084338,7.39425881635114e-17
rf_rdkit,CHEMBL219_Ki,rf_std,0.0037533512064342744,0.0037533512064343165,4.206704429243757e-17
rf_rdkit,CHEMBL228_Ki,rf_std,0.0114369501466276,0.011436950146627566,3.469446951953614e-17
rf_rdkit,CHEMBL233_Ki,rf_std,0.0004769475357709885,0.0004769475357710652,7.670730370334944e-17
rf_rdkit,CHEMBL234_Ki,rf_std,0.0009562841530055266,0.0009562841530054645,6.21247844834194e-17
rf_rdkit,CHEMBL235_EC50,rf_std,0.012978723404255321,0.01297872340425532,1.734723475976807e-18
rf_rdkit,CHEMBL236_Ki,rf_std,-0.005394990366088592,-0.005394990366088632,3.9898639947466563e-17
rf_rdkit,CHEMBL237_EC50,rf_std,0.013612565445026203,0.013612565445026177,2.6020852139652106e-17
rf_rdkit,CHEMBL237_Ki,rf_std,-0.007499999999999951,-0.0075,4.85722573273506e-17
rf_rdkit,CHEMBL239_EC50,rf_std,-0.0029069767441860517,-0.0029069767441860465,5.204170427930421e-18
rf_rdkit,CHEMBL244_Ki,rf_std,0.004354838709677344,0.004354838709677419,7.45931094670027e-17
rf_rdkit,CHEMBL264_Ki,rf_std,0.008900523560209428,0.008900523560209424,3.469446951953614e-18
rf_rdkit,CHEMBL287_Ki,rf_std,0.010566037735849076,0.010566037735849057,1.9081958235744878e-17
rf_rdkit,CHEMBL3979_EC50,rf_std,0.009777777777777774,0.009777777777777778,3.469446951953614e-18
