run,dataset,signal,frac_tight,frac_wide,net_tight,tight_mag,wide_mag,net_mag,d_cov_cliff,tightened_miss_frac,recovered_frac
rf_ecfp,CHEMBL204_Ki,d_wstd,0.48638132295719844,0.5058365758754864,-0.019455252918287924,0.07342254303803734,0.1418036177420748,0.06838107470403747,0.0077821011673151474,0.054474708171206226,0.0622568093385214
rf_ecfp,CHEMBL214_Ki,d_wstd,0.5076335877862596,0.49236641221374045,0.01526717557251911,0.0593191778827364,0.1350990607678008,0.07577988288506439,0.03053435114503822,0.05343511450381679,0.08396946564885496
rf_ecfp,CHEMBL219_Ki,d_wstd,0.4444444444444444,0.5238095238095238,-0.07936507936507942,0.0706838694865145,0.14158808866044184,0.07090421917392734,0.07936507936507942,0.03968253968253968,0.11904761904761904
rf_ecfp,CHEMBL228_Ki,d_wstd,0.5454545454545454,0.42045454545454547,0.12499999999999994,0.08468050396044009,0.09747741655661142,0.012796912596171328,-0.011363636363636354,0.06818181818181818,0.056818181818181816
rf_ecfp,CHEMBL233_Ki,d_wstd,0.48846153846153845,0.48846153846153845,0.0,0.05043954559094854,0.10901199243837047,0.058572446847421925,0.019230769230769273,0.038461538461538464,0.057692307692307696
rf_ecfp,CHEMBL234_Ki,d_wstd,0.4875,0.5125,-0.024999999999999967,0.05597885985960894,0.14586455753727304,0.0898856976776641,0.008333333333333304,0.0375,0.04583333333333333
rf_ecfp,CHEMBL235_EC50,d_wstd,0.41836734693877553,0.5663265306122449,-0.14795918367346939,0.06851465745451292,0.20872109506148426,0.14020643760697132,0.08163265306122447,0.05612244897959184,0.1377551020408163
rf_ecfp,CHEMBL236_Ki,d_wstd,0.36585365853658536,0.6097560975609756,-0.24390243902439024,0.042010459004013394,0.11440038109992884,0.07238992209591544,0.024390243902439046,0.052845528455284556,0.07723577235772358
rf_ecfp,CHEMBL237_EC50,d_wstd,0.35964912280701755,0.631578947368421,-0.27192982456140347,0.05356999750967863,0.14208804305547224,0.08851804554579361,0.0,0.043859649122807015,0.043859649122807015
rf_ecfp,CHEMBL237_Ki,d_wstd,0.34841628959276016,0.6515837104072398,-0.30316742081447967,0.038006339865702676,0.06717291250446936,0.02916657263876668,-0.004524886877828038,0.03619909502262444,0.03167420814479638
rf_ecfp,CHEMBL239_EC50,d_wstd,0.3648068669527897,0.6051502145922747,-0.240343347639485,0.048892159407279014,0.16829492538414711,0.11940276597686811,0.025751072961373356,0.05150214592274678,0.07725321888412018
rf_ecfp,CHEMBL244_Ki,d_wstd,0.3400673400673401,0.6161616161616161,-0.27609427609427606,0.04144344711960831,0.13303964402678628,0.09159619690717796,0.006734006734006703,0.04040404040404041,0.04713804713804714
rf_ecfp,CHEMBL264_Ki,d_wstd,0.3672316384180791,0.632768361581921,-0.26553672316384186,0.06462311198375553,0.1157499114419723,0.05112679945821677,-0.02824858757062143,0.07344632768361582,0.04519774011299435
rf_ecfp,CHEMBL287_Ki,d_wstd,0.5362318840579711,0.463768115942029,0.07246376811594207,0.05856152521631368,0.07485786785764122,0.016296342641327538,0.01449275362318847,0.057971014492753624,0.07246376811594203
rf_ecfp,CHEMBL3979_EC50,d_wstd,0.28,0.6533333333333333,-0.3733333333333333,0.02867999872524446,0.09687583585898012,0.06819583713373566,0.013333333333333308,0.02666666666666667,0.04
rf_ecfp,CHEMBL204_Ki,d_std,0.5097276264591439,0.4591439688715953,0.050583657587548625,0.07841565939953304,0.12837269830182094,0.04995703890228789,0.015564202334630295,0.042801556420233464,0.058365758754863814
rf_ecfp,CHEMBL214_Ki,d_std,0.4847328244274809,0.5152671755725191,-0.03053435114503822,0.06318362038217952,0.13066594489597588,0.06748232451379636,0.04580152671755733,0.03435114503816794,0.08015267175572519
rf_ecfp,CHEMBL219_Ki,d_std,0.42857142857142855,0.5714285714285714,-0.14285714285714285,0.06452094124162716,0.1313701594002963,0.06684921815866915,0.0714285714285714,0.023809523809523808,0.09523809523809523
rf_ecfp,CHEMBL228_Ki,d_std,0.5,0.5,0.0,0.07509190918461482,0.10138437924444958,0.02629247005983476,0.0,0.06818181818181818,0.06818181818181818
rf_ecfp,CHEMBL233_Ki,d_std,0.5153846153846153,0.4846153846153846,0.030769230769230715,0.04985731385928233,0.10193116643474322,0.052073852575460884,0.019230769230769273,0.03461538461538462,0.05384615384615385
rf_ecfp,CHEMBL234_Ki,d_std,0.4666666666666667,0.5333333333333333,-0.06666666666666665,0.06080851249984609,0.1445071069447522,0.0836985944449061,0.004166666666666652,0.05,0.05416666666666667
rf_ecfp,CHEMBL235_EC50,d_std,0.37244897959183676,0.6122448979591837,-0.23979591836734693,0.06424088289824781,0.2132827198476844,0.1490418369494366,0.09183673469387754,0.061224489795918366,0.15306122448979592
rf_ecfp,CHEMBL236_Ki,d_std,0.2967479674796748,0.6869918699186992,-0.3902439024390244,0.03267568419400573,0.10009978388307471,0.06742409968906898,0.016260162601625994,0.044715447154471545,0.06097560975609756
rf_ecfp,CHEMBL237_EC50,d_std,0.38596491228070173,0.6052631578947368,-0.2192982456140351,0.053700260836551605,0.14354280077532156,0.08984253993876995,0.00877192982456143,0.02631578947368421,0.03508771929824561
rf_ecfp,CHEMBL237_Ki,d_std,0.34841628959276016,0.6425339366515838,-0.2941176470588236,0.036227334439213006,0.07197794704975016,0.03575061261053716,0.004524886877828038,0.03619909502262444,0.04072398190045249
rf_ecfp,CHEMBL239_EC50,d_std,0.4334763948497854,0.5665236051502146,-0.1330472103004292,0.047953270145420834,0.17185261296525312,0.12389934281983228,0.030042918454935563,0.05150214592274678,0.0815450643776824
rf_ecfp,CHEMBL244_Ki,d_std,0.38047138047138046,0.6195286195286195,-0.23905723905723902,0.04296534098048972,0.12812421994947606,0.08515887896898634,-0.0033670033670033517,0.04713804713804714,0.04377104377104377
rf_ecfp,CHEMBL264_Ki,d_std,0.384180790960452,0.615819209039548,-0.23163841807909602,0.07758157311349856,0.11655055417412971,0.03896898106063115,-0.05649717514124297,0.096045197740113,0.03954802259887006
rf_ecfp,CHEMBL287_Ki,d_std,0.5652173913043478,0.43478260869565216,0.13043478260869562,0.06879333817972894,0.07467909859305767,0.005885760413328736,-0.01449275362318836,0.07246376811594203,0.057971014492753624
rf_ecfp,CHEMBL3979_EC50,d_std,0.32,0.6533333333333333,-0.3333333333333333,0.024664608072257028,0.08357831572433963,0.058913707652082606,0.013333333333333308,0.013333333333333334,0.02666666666666667
rf_ecfp,CHEMBL204_Ki,d_iqr,0.5214007782101168,0.4396887159533074,0.08171206225680938,0.09124298743845538,0.09796514685472738,0.006722159416271994,-0.011673151750972721,0.054474708171206226,0.042801556420233464
rf_ecfp,CHEMBL214_Ki,d_iqr,0.5076335877862596,0.49236641221374045,0.01526717557251911,0.08018626238517143,0.09227540740563298,0.012089145020461545,0.003816793893129833,0.0648854961832061,0.06870229007633588
rf_ecfp,CHEMBL219_Ki,d_iqr,0.30158730158730157,0.6587301587301587,-0.35714285714285715,0.05438066239960096,0.12048777106260207,0.06610710866300111,0.04761904761904767,0.015873015873015872,0.06349206349206349
rf_ecfp,CHEMBL228_Ki,d_iqr,0.5340909090909091,0.4659090909090909,0.06818181818181818,0.10979465549315735,0.11870928100575422,0.008914625512596863,-0.045454545454545414,0.11363636363636363,0.06818181818181818
rf_ecfp,CHEMBL233_Ki,d_iqr,0.4576923076923077,0.5423076923076923,-0.08461538461538459,0.061027263560834856,0.10579029559370665,0.04476303203287179,0.0,0.05384615384615385,0.05384615384615385
rf_ecfp,CHEMBL234_Ki,d_iqr,0.475,0.525,-0.050000000000000044,0.07085158912714015,0.10755299858143778,0.03670140945429763,-0.012499999999999956,0.0625,0.05
rf_ecfp,CHEMBL235_EC50,d_iqr,0.4336734693877551,0.5459183673469388,-0.11224489795918369,0.06315463678555532,0.14217810252679658,0.07902346574124126,0.08163265306122447,0.02040816326530612,0.10204081632653061
rf_ecfp,CHEMBL236_Ki,d_iqr,0.44715447154471544,0.5121951219512195,-0.06504065040650409,0.06144100645960437,0.0800030294798661,0.018562023020261727,-0.024390243902439046,0.07317073170731707,0.04878048780487805
rf_ecfp,CHEMBL237_EC50,d_iqr,0.2543859649122807,0.6228070175438597,-0.368421052631579,0.03666062968709145,0.1057151425775148,0.06905451289042334,0.02631578947368418,0.008771929824561403,0.03508771929824561
rf_ecfp,CHEMBL237_Ki,d_iqr,0.27149321266968324,0.6470588235294118,-0.37556561085972856,0.042577595906878006,0.08898164014658864,0.04640404423971064,0.004524886877828038,0.05429864253393665,0.058823529411764705
rf_ecfp,CHEMBL239_EC50,d_iqr,0.4291845493562232,0.5708154506437768,-0.14163090128755362,0.07023344871405951,0.09151114559688334,0.021277696882823827,0.012875536480686622,0.055793991416309016,0.06866952789699571
rf_ecfp,CHEMBL244_Ki,d_iqr,0.4478114478114478,0.5521885521885522,-0.1043771043771044,0.06812678795925185,0.11563233989928613,0.04750555194003428,0.010101010101010055,0.05387205387205387,0.06397306397306397
rf_ecfp,CHEMBL264_Ki,d_iqr,0.4293785310734463,0.5706214689265536,-0.14124293785310732,0.05744887290632107,0.08975043038700567,0.0323015574806846,-0.05084745762711862,0.06779661016949153,0.01694915254237288
rf_ecfp,CHEMBL287_Ki,d_iqr,0.4927536231884058,0.4782608695652174,0.014492753623188415,0.06579884546619875,0.11768239918452904,0.05188355371833028,-0.04347826086956519,0.10144927536231885,0.057971014492753624
rf_ecfp,CHEMBL3979_EC50,d_iqr,0.21333333333333335,0.76,-0.5466666666666666,0.030053217040653724,0.11603238691971436,0.08597916987906064,0.039999999999999925,0.02666666666666667,0.06666666666666667
rf_ecfp,CHEMBL204_Ki,d_nb,0.43190661478599224,0.5680933852140078,-0.13618677042801552,0.04778745693965186,0.06423141318257368,0.016443956242921817,-0.011673151750972721,0.0311284046692607,0.019455252918287938
rf_ecfp,CHEMBL214_Ki,d_nb,0.8664122137404581,0.13358778625954199,0.7328244274809161,0.10919538111054373,0.012265450203762466,-0.09692993090678127,-0.04580152671755722,0.0648854961832061,0.019083969465648856
rf_ecfp,CHEMBL219_Ki,d_nb,0.7619047619047619,0.1984126984126984,0.5634920634920635,0.12911522979017181,0.03137293349320111,-0.0977422962969707,-0.0793650793650793,0.09523809523809523,0.015873015873015872
rf_ecfp,CHEMBL228_Ki,d_nb,0.8409090909090909,0.1590909090909091,0.6818181818181819,0.15071613889232394,0.021519391434187646,-0.12919674745813628,-0.09090909090909083,0.09090909090909091,0.0
rf_ecfp,CHEMBL233_Ki,d_nb,0.7269230769230769,0.27307692307692305,0.45384615384615384,0.09231398499625391,0.036531394894209965,-0.05578259010204395,-0.04230769230769227,0.08461538461538462,0.04230769230769231
rf_ecfp,CHEMBL234_Ki,d_nb,0.8,0.18333333333333332,0.6166666666666667,0.13998304886590984,0.020357179604040942,-0.1196258692618689,-0.09583333333333333,0.11666666666666667,0.020833333333333332
rf_ecfp,CHEMBL235_EC50,d_nb,0.5561224489795918,0.4387755102040816,0.11734693877551022,0.056806320875449186,0.07177243420506083,0.01496611332961164,-0.010204081632653073,0.05612244897959184,0.04591836734693878
rf_ecfp,CHEMBL236_Ki,d_nb,0.6422764227642277,0.32113821138211385,0.32113821138211385,0.06305803108320342,0.023054357892068375,-0.04000367319113504,-0.06504065040650409,0.07317073170731707,0.008130081300813009
rf_ecfp,CHEMBL237_EC50,d_nb,0.3684210526315789,0.5964912280701754,-0.22807017543859648,0.043572772413969924,0.11703911819963234,0.07346634578566241,0.03508771929824561,0.02631578947368421,0.06140350877192982
rf_ecfp,CHEMBL237_Ki,d_nb,0.6606334841628959,0.2850678733031674,0.3755656108597285,0.04557919448402863,0.02552736248364204,-0.020051832000386592,-0.018099547511312264,0.03619909502262444,0.01809954751131222
rf_ecfp,CHEMBL239_EC50,d_nb,0.4034334763948498,0.5665236051502146,-0.16309012875536483,0.028956767639150255,0.04838673834432699,0.019429970705176734,0.012875536480686622,0.02145922746781116,0.034334763948497854
rf_ecfp,CHEMBL244_Ki,d_nb,0.6363636363636364,0.32996632996632996,0.3063973063973064,0.054714162544907845,0.047984365467382745,-0.0067297970775251,-0.030303030303030276,0.06060606060606061,0.030303030303030304
rf_ecfp,CHEMBL264_Ki,d_nb,0.6892655367231638,0.2655367231638418,0.423728813559322,0.11795910658984697,0.033406582715395296,-0.08455252387445167,-0.11299435028248583,0.12994350282485875,0.01694915254237288
rf_ecfp,CHEMBL287_Ki,d_nb,0.6086956521739131,0.36231884057971014,0.24637681159420294,0.07012636660495543,0.032193434646458366,-0.03793293195849706,-0.04347826086956519,0.057971014492753624,0.014492753623188406
rf_ecfp,CHEMBL3979_EC50,d_nb,0.44,0.52,-0.08000000000000002,0.04461570550380946,0.06369631564886082,0.019080610145051358,-0.026666666666666727,0.06666666666666667,0.04
rf_ecfp,CHEMBL204_Ki,d_nn_sim,0.43190661478599224,0.39299610894941633,0.038910505836575904,0.05446275520945654,0.047171442465725036,-0.007291312743731501,-0.011673151750972721,0.04669260700389105,0.03501945525291829
rf_ecfp,CHEMBL214_Ki,d_nn_sim,0.061068702290076333,0.9389312977099237,-0.8778625954198473,0.014869126876785476,0.17445929416193906,0.15959016728515357,0.10687022900763365,0.007633587786259542,0.11450381679389313
rf_ecfp,CHEMBL219_Ki,d_nn_sim,0.42857142857142855,0.5714285714285714,-0.14285714285714285,0.015086652734939573,0.06614897225508069,0.05106231952014112,0.05555555555555558,0.0,0.05555555555555555
rf_ecfp,CHEMBL228_Ki,d_nn_sim,0.17045454545454544,0.8295454545454546,-0.6590909090909092,0.013426871683543255,0.13466423426416452,0.12123736258062126,0.06818181818181823,0.0,0.06818181818181818
rf_ecfp,CHEMBL233_Ki,d_nn_sim,0.5384615384615384,0.46153846153846156,0.07692307692307687,0.04238661632479146,0.03067398355944119,-0.01171263276535027,0.0,0.026923076923076925,0.026923076923076925
rf_ecfp,CHEMBL234_Ki,d_nn_sim,0.029166666666666667,0.9708333333333333,-0.9416666666666667,0.006619303637026628,0.14212488915999685,0.13550558552297023,0.06666666666666665,0.0,0.06666666666666667
rf_ecfp,CHEMBL235_EC50,d_nn_sim,0.5867346938775511,0.413265306122449,0.17346938775510207,0.04524614247769198,0.04850343410687267,0.003257291629180689,-0.010204081632653073,0.025510204081632654,0.015306122448979591
rf_ecfp,CHEMBL236_Ki,d_nn_sim,0.6951219512195121,0.3048780487804878,0.39024390243902435,0.05185226551791505,0.014093809970890657,-0.037758455547024394,-0.0325203252032521,0.036585365853658534,0.0040650406504065045
rf_ecfp,CHEMBL237_EC50,d_nn_sim,0.4824561403508772,0.49122807017543857,-0.008771929824561375,0.06302995486987124,0.07561073028713987,0.012580775417268625,-0.00877192982456143,0.043859649122807015,0.03508771929824561
rf_ecfp,CHEMBL237_Ki,d_nn_sim,0.5475113122171946,0.45248868778280543,0.09502262443438919,0.06492253236972723,0.027963719570267283,-0.03695881279945994,-0.040723981900452455,0.058823529411764705,0.01809954751131222
rf_ecfp,CHEMBL239_EC50,d_nn_sim,0.3133047210300429,0.6866952789699571,-0.37339055793991416,0.030720003400670933,0.08035075806424778,0.049630754663576845,0.0429184549356223,0.017167381974248927,0.060085836909871244
rf_ecfp,CHEMBL244_Ki,d_nn_sim,0.7474747474747475,0.25252525252525254,0.494949494949495,0.0725307970488294,0.027456444756109095,-0.04507435229272031,-0.0572390572390572,0.06734006734006734,0.010101010101010102
rf_ecfp,CHEMBL264_Ki,d_nn_sim,0.24858757062146894,0.751412429378531,-0.5028248587570621,0.0244937614135173,0.08914634423669617,0.06465258282317887,0.0,0.02824858757062147,0.02824858757062147
rf_ecfp,CHEMBL287_Ki,d_nn_sim,0.10144927536231885,0.8985507246376812,-0.7971014492753623,0.008221746163193985,0.12656771530881308,0.1183459691456191,0.07246376811594213,0.0,0.07246376811594203
rf_ecfp,CHEMBL3979_EC50,d_nn_sim,0.36,0.48,-0.12,0.04615807582978572,0.10438891857670632,0.0582308427469206,0.0,0.05333333333333334,0.05333333333333334
rf_ecfp,CHEMBL204_Ki,d_pair_gap,0.311284046692607,0.6653696498054474,-0.35408560311284043,0.025246477823258243,0.06936377681322235,0.04411729898996411,0.015564202334630295,0.01556420233463035,0.0311284046692607
rf_ecfp,CHEMBL214_Ki,d_pair_gap,0.5648854961832062,0.4351145038167939,0.12977099236641226,0.0534187021959152,0.03185630274003559,-0.021562399455879608,-0.003816793893129722,0.03435114503816794,0.030534351145038167
rf_ecfp,CHEMBL219_Ki,d_pair_gap,0.46825396825396826,0.4444444444444444,0.023809523809523836,0.06505982319410276,0.03162680098083519,-0.03343302221326758,-0.015873015873015817,0.031746031746031744,0.015873015873015872
rf_ecfp,CHEMBL228_Ki,d_pair_gap,0.625,0.3068181818181818,0.3181818181818182,0.10308333649533724,0.02997628455297517,-0.07310705194236207,-0.045454545454545414,0.056818181818181816,0.011363636363636364
rf_ecfp,CHEMBL233_Ki,d_pair_gap,0.5230769230769231,0.4307692307692308,0.09230769230769231,0.06496228431325611,0.020464747629116573,-0.04449753668413954,-0.0346153846153846,0.05384615384615385,0.019230769230769232
rf_ecfp,CHEMBL234_Ki,d_pair_gap,0.7958333333333333,0.20416666666666666,0.5916666666666666,0.11406179482983682,0.028743510015569892,-0.08531828481426693,-0.054166666666666696,0.08333333333333333,0.029166666666666667
rf_ecfp,CHEMBL235_EC50,d_pair_gap,0.35714285714285715,0.5867346938775511,-0.2295918367346939,0.04779788058492944,0.12496200658667368,0.07716412600174424,0.04591836734693877,0.03571428571428571,0.08163265306122448
rf_ecfp,CHEMBL236_Ki,d_pair_gap,0.3699186991869919,0.6300813008130082,-0.2601626016260163,0.029349477546118254,0.05319526645475948,0.023845788908641224,0.028455284552845517,0.024390243902439025,0.052845528455284556
rf_ecfp,CHEMBL237_EC50,d_pair_gap,0.2894736842105263,0.5614035087719298,-0.27192982456140347,0.02996716190062377,0.09970714260835989,0.06973998070773613,0.00877192982456143,0.017543859649122806,0.02631578947368421
rf_ecfp,CHEMBL237_Ki,d_pair_gap,0.33031674208144796,0.6470588235294118,-0.31674208144796384,0.028960868480567704,0.050652454316553915,0.02169158583598621,-0.013574660633484115,0.03619909502262444,0.02262443438914027
rf_ecfp,CHEMBL239_EC50,d_pair_gap,0.4206008583690987,0.5536480686695279,-0.13304721030042915,0.03434735981773143,0.05806614909324717,0.02371878927551574,0.0,0.02575107296137339,0.02575107296137339
rf_ecfp,CHEMBL244_Ki,d_pair_gap,0.39057239057239057,0.6094276094276094,-0.21885521885521886,0.03212409423126085,0.0844454327740052,0.052321338542744344,0.026936026936026924,0.016835016835016835,0.04377104377104377
rf_ecfp,CHEMBL264_Ki,d_pair_gap,0.480225988700565,0.4971751412429379,-0.01694915254237289,0.05179247554512405,0.0365684280881521,-0.01522404745697195,-0.05084745762711862,0.05649717514124294,0.005649717514124294
rf_ecfp,CHEMBL287_Ki,d_pair_gap,0.5072463768115942,0.36231884057971014,0.1449275362318841,0.053288372672330345,0.032226520611284074,-0.02106185206104627,-0.01449275362318836,0.043478260869565216,0.028985507246376812
rf_ecfp,CHEMBL3979_EC50,d_pair_gap,0.28,0.72,-0.43999999999999995,0.025689491839177826,0.06311904343554513,0.0374295515963673,0.0,0.02666666666666667,0.02666666666666667
rf_ecfp,CHEMBL204_Ki,d_pair,0.2140077821011673,0.6731517509727627,-0.45914396887159536,0.0106068079231707,0.06302682724835827,0.05242001932518757,0.01945525291828798,0.0038910505836575876,0.023346303501945526
rf_ecfp,CHEMBL214_Ki,d_pair,0.4541984732824427,0.4732824427480916,-0.019083969465648887,0.01833766771390544,0.02419941603896896,0.005861748325063521,0.007633587786259555,0.007633587786259542,0.015267175572519083
rf_ecfp,CHEMBL219_Ki,d_pair,0.46825396825396826,0.5317460317460317,-0.06349206349206349,0.03464772533409759,0.01562682405190545,-0.019020901282192137,-0.031746031746031744,0.031746031746031744,0.0
rf_ecfp,CHEMBL228_Ki,d_pair,0.29545454545454547,0.4659090909090909,-0.17045454545454541,0.024399720526254096,0.008555650456036602,-0.015844070070217493,0.0,0.0,0.0
rf_ecfp,CHEMBL233_Ki,d_pair,0.5692307692307692,0.35,0.21923076923076923,0.04391448880741019,0.009919100936537207,-0.03399538787087298,-0.01538461538461533,0.03461538461538462,0.019230769230769232
rf_ecfp,CHEMBL234_Ki,d_pair,0.6583333333333333,0.3416666666666667,0.31666666666666665,0.0998586669050053,0.020679060641269988,-0.07917960626373532,-0.054166666666666696,0.06666666666666667,0.0125
rf_ecfp,CHEMBL235_EC50,d_pair,0.49489795918367346,0.4489795918367347,0.04591836734693877,0.014827924665426238,0.07907430561751108,0.06424638095208485,0.06632653061224492,0.00510204081632653,0.07142857142857142
rf_ecfp,CHEMBL236_Ki,d_pair,0.2601626016260163,0.5203252032520326,-0.2601626016260163,0.009763354085906598,0.015208363575679323,0.005445009489772725,0.012195121951219523,0.0040650406504065045,0.016260162601626018
rf_ecfp,CHEMBL237_EC50,d_pair,0.2631578947368421,0.5877192982456141,-0.324561403508772,0.014938265500816504,0.06886936152243561,0.05393109602161911,0.01754385964912275,0.008771929824561403,0.02631578947368421
rf_ecfp,CHEMBL237_Ki,d_pair,0.3257918552036199,0.6425339366515838,-0.31674208144796384,0.011047763362559833,0.021074663654837605,0.010026900292277771,-0.009049773755656076,0.01809954751131222,0.00904977375565611
rf_ecfp,CHEMBL239_EC50,d_pair,0.41630901287553645,0.43776824034334766,-0.021459227467811204,0.01832883798920878,0.02016102117965811,0.0018321831904493276,-0.008583690987124526,0.017167381974248927,0.008583690987124463
rf_ecfp,CHEMBL244_Ki,d_pair,0.4781144781144781,0.5218855218855218,-0.04377104377104374,0.015896936396683894,0.03370380655608854,0.017806870159404645,0.01683501683501687,0.006734006734006734,0.02356902356902357
rf_ecfp,CHEMBL264_Ki,d_pair,0.4858757062146893,0.4689265536723164,0.01694915254237289,0.03166774208514791,0.02929932882534156,-0.00236841325980635,-0.02259887005649719,0.02824858757062147,0.005649717514124294
rf_ecfp,CHEMBL287_Ki,d_pair,0.36231884057971014,0.5507246376811594,-0.18840579710144928,0.037623739516275144,0.02702216424070701,-0.010601575275568133,-0.02898550724637672,0.043478260869565216,0.014492753623188406
rf_ecfp,CHEMBL3979_EC50,d_pair,0.5333333333333333,0.38666666666666666,0.14666666666666667,0.02286707982329574,0.023951764486166767,0.0010846846628710279,-0.026666666666666727,0.04,0.013333333333333334
rf_ecfp,CHEMBL204_Ki,rf_std,0.5330739299610895,0.4669260700389105,0.06614785992217898,0.15244054595393577,0.12942926370314117,-0.0230112822507946,-0.0933852140077821,0.12062256809338522,0.027237354085603113
rf_ecfp,CHEMBL214_Ki,rf_std,0.5877862595419847,0.4122137404580153,0.17557251908396942,0.1394948352832396,0.08215742145499726,-0.05733741382824235,-0.08396946564885488,0.13358778625954199,0.04961832061068702
rf_ecfp,CHEMBL219_Ki,rf_std,0.6111111111111112,0.3888888888888889,0.22222222222222227,0.09827131444516497,0.07528090472055808,-0.02299040972460689,-0.007936507936507908,0.05555555555555555,0.047619047619047616
rf_ecfp,CHEMBL228_Ki,rf_std,0.6363636363636364,0.36363636363636365,0.2727272727272727,0.15722053788012175,0.09931042151827435,-0.0579101163618474,-0.13636363636363635,0.1590909090909091,0.022727272727272728
rf_ecfp,CHEMBL233_Ki,rf_std,0.5653846153846154,0.4346153846153846,0.13076923076923075,0.10603579388228802,0.11865554229202062,0.012619748409732595,-0.04230769230769227,0.1,0.057692307692307696
rf_ecfp,CHEMBL234_Ki,rf_std,0.5708333333333333,0.42916666666666664,0.14166666666666666,0.11819548456056608,0.15161566842785235,0.03342018386728626,-0.0708333333333333,0.12083333333333333,0.05
rf_ecfp,CHEMBL235_EC50,rf_std,0.42346938775510207,0.5510204081632653,-0.12755102040816318,0.10437681181672816,0.17754782335449212,0.07317101153776397,0.025510204081632626,0.08673469387755102,0.11224489795918367
rf_ecfp,CHEMBL236_Ki,rf_std,0.4349593495934959,0.5203252032520326,-0.08536585365853666,0.0855083223181679,0.11953910024838754,0.034030777930219636,-0.004065040650406582,0.07317073170731707,0.06910569105691057
rf_ecfp,CHEMBL237_EC50,rf_std,0.3684210526315789,0.5877192982456141,-0.21929824561403516,0.07212283723704307,0.11380714753258346,0.041684310295540386,0.0,0.043859649122807015,0.043859649122807015
rf_ecfp,CHEMBL237_Ki,rf_std,0.4298642533936652,0.5701357466063348,-0.14027149321266963,0.08288839927434495,0.11876980137890947,0.035881402104564517,-0.009049773755656076,0.08144796380090498,0.07239819004524888
rf_ecfp,CHEMBL239_EC50,rf_std,0.5107296137339056,0.45493562231759654,0.05579399141630903,0.09822036312469859,0.08522262619128243,-0.01299773693341616,-0.06008583690987124,0.08583690987124463,0.02575107296137339
rf_ecfp,CHEMBL244_Ki,rf_std,0.5252525252525253,0.4276094276094276,0.0976430976430977,0.12449357856558668,0.1218851569155536,-0.0026084216500330826,-0.0572390572390572,0.1111111111111111,0.05387205387205387
rf_ecfp,CHEMBL264_Ki,rf_std,0.5254237288135594,0.4745762711864407,0.050847457627118675,0.1323731416743247,0.11244642127678342,-0.019926720397541287,-0.11299435028248583,0.15254237288135594,0.03954802259887006
rf_ecfp,CHEMBL287_Ki,rf_std,0.4927536231884058,0.42028985507246375,0.07246376811594207,0.10098974613141734,0.08432896839738502,-0.016660777734032323,-0.07246376811594202,0.11594202898550725,0.043478260869565216
rf_ecfp,CHEMBL3979_EC50,rf_std,0.6,0.4,0.19999999999999996,0.06400065207306285,0.05516556655826429,-0.008835085514798564,-0.053333333333333344,0.06666666666666667,0.013333333333333334
rf_rdkit,CHEMBL204_Ki,d_wstd,0.5214007782101168,0.4785992217898833,0.04280155642023348,0.06676540325029243,0.10445992328570745,0.03769452003541503,0.023346303501945553,0.011673151750972763,0.03501945525291829
rf_rdkit,CHEMBL214_Ki,d_wstd,0.5267175572519084,0.44656488549618323,0.08015267175572516,0.0688313734108836,0.1042680733070544,0.03543669989617079,0.003816793893129722,0.04580152671755725,0.04961832061068702
rf_rdkit,CHEMBL219_Ki,d_wstd,0.5079365079365079,0.49206349206349204,0.015873015873015872,0.07743341887516877,0.08919103287381483,0.011757613998646055,-0.03968253968253965,0.0873015873015873,0.047619047619047616
rf_rdkit,CHEMBL228_Ki,d_wstd,0.5454545454545454,0.3977272727272727,0.1477272727272727,0.07563835633358164,0.0958894177922379,0.020251061458656267,0.022727272727272707,0.07954545454545454,0.10227272727272728
rf_rdkit,CHEMBL233_Ki,d_wstd,0.5076923076923077,0.49230769230769234,0.01538461538461533,0.05575493462636549,0.12561876798297708,0.06986383335661159,0.02692307692307694,0.038461538461538464,0.06538461538461539
rf_rdkit,CHEMBL234_Ki,d_wstd,0.4583333333333333,0.5416666666666666,-0.08333333333333331,0.05971640629980995,0.131765216231991,0.07204880993218105,0.004166666666666652,0.05,0.05416666666666667
rf_rdkit,CHEMBL235_EC50,d_wstd,0.4336734693877551,0.5663265306122449,-0.13265306122448983,0.06053329646490711,0.18338556691077618,0.12285227044586906,0.056122448979591844,0.04081632653061224,0.09693877551020408
rf_rdkit,CHEMBL236_Ki,d_wstd,0.4065040650406504,0.5934959349593496,-0.1869918699186992,0.054415575785912246,0.12593276744035106,0.07151719165443882,0.0325203252032521,0.036585365853658534,0.06910569105691057
rf_rdkit,CHEMBL237_EC50,d_wstd,0.41228070175438597,0.5877192982456141,-0.17543859649122812,0.048488050805680444,0.1108118531783614,0.06232380237268095,-0.01754385964912275,0.02631578947368421,0.008771929824561403
rf_rdkit,CHEMBL237_Ki,d_wstd,0.4253393665158371,0.5746606334841629,-0.14932126696832576,0.043757729635899634,0.07682779050512226,0.03307006086922262,0.009049773755656076,0.02262443438914027,0.03167420814479638
rf_rdkit,CHEMBL239_EC50,d_wstd,0.3905579399141631,0.575107296137339,-0.18454935622317592,0.04494523534059674,0.10677917061488916,0.06183393527429242,-0.0042918454935622075,0.04721030042918455,0.04291845493562232
rf_rdkit,CHEMBL244_Ki,d_wstd,0.37037037037037035,0.6296296296296297,-0.2592592592592593,0.036834473431945326,0.131337904449499,0.09450343101755368,0.023569023569023573,0.03367003367003367,0.05723905723905724
rf_rdkit,CHEMBL264_Ki,d_wstd,0.384180790960452,0.6101694915254238,-0.22598870056497178,0.050649921091059834,0.12796939829739018,0.07731947720633034,0.04519774011299438,0.011299435028248588,0.05649717514124294
rf_rdkit,CHEMBL287_Ki,d_wstd,0.42028985507246375,0.5797101449275363,-0.1594202898550725,0.06446835321742217,0.0789275584466335,0.014459205229211333,0.02898550724637683,0.028985507246376812,0.057971014492753624
rf_rdkit,CHEMBL3979_EC50,d_wstd,0.3333333333333333,0.6133333333333333,-0.27999999999999997,0.03745295509924478,0.08882857625627896,0.05137562115703418,0.040000000000000036,0.0,0.04
rf_rdkit,CHEMBL204_Ki,d_std,0.5447470817120622,0.45525291828793774,0.08949416342412447,0.0717254117516901,0.09877008998348673,0.027044678231796626,0.035019455252918386,0.0038910505836575876,0.038910505836575876
rf_rdkit,CHEMBL214_Ki,d_std,0.4961832061068702,0.4389312977099237,0.05725190839694655,0.06838534945121176,0.1001118365658526,0.031726487114640836,0.0,0.04580152671755725,0.04580152671755725
rf_rdkit,CHEMBL219_Ki,d_std,0.5396825396825397,0.4603174603174603,0.07936507936507936,0.06789376240036721,0.0792571510055837,0.01136338860521649,-0.031746031746031744,0.07936507936507936,0.047619047619047616
rf_rdkit,CHEMBL228_Ki,d_std,0.5227272727272727,0.45454545454545453,0.06818181818181818,0.06588430387691457,0.10221921582462064,0.036334911947706064,0.05681818181818188,0.056818181818181816,0.11363636363636363
rf_rdkit,CHEMBL233_Ki,d_std,0.4461538461538462,0.5076923076923077,-0.061538461538461486,0.05410119366277879,0.12337629038784335,0.06927509672506457,0.02692307692307694,0.038461538461538464,0.06538461538461539
rf_rdkit,CHEMBL234_Ki,d_std,0.5083333333333333,0.49166666666666664,0.016666666666666663,0.05873963779758044,0.12389868963026898,0.06515905183268854,0.008333333333333304,0.04583333333333333,0.05416666666666667
rf_rdkit,CHEMBL235_EC50,d_std,0.413265306122449,0.5867346938775511,-0.17346938775510207,0.06380994225497685,0.18066973131176517,0.11685978905678832,0.07142857142857151,0.03571428571428571,0.10714285714285714
rf_rdkit,CHEMBL236_Ki,d_std,0.3699186991869919,0.6300813008130082,-0.2601626016260163,0.043976094236456924,0.12121150092535972,0.0772354066889028,0.05284552845528456,0.024390243902439025,0.07723577235772358
rf_rdkit,CHEMBL237_EC50,d_std,0.4824561403508772,0.5175438596491229,-0.03508771929824567,0.07220243430990773,0.11148854562691007,0.03928611131700234,-0.07017543859649122,0.07894736842105263,0.008771929824561403
rf_rdkit,CHEMBL237_Ki,d_std,0.416289592760181,0.583710407239819,-0.16742081447963802,0.051201118692070904,0.07676600741666031,0.02556488872458941,0.009049773755656076,0.027149321266968326,0.03619909502262444
rf_rdkit,CHEMBL239_EC50,d_std,0.44206008583690987,0.5236051502145923,-0.08154506437768244,0.04778172045912903,0.1150118257637916,0.06723010530466256,-0.008583690987124415,0.05150214592274678,0.04291845493562232
rf_rdkit,CHEMBL244_Ki,d_std,0.4074074074074074,0.5925925925925926,-0.18518518518518517,0.03950074149100634,0.11399531469310714,0.0744945732021008,0.026936026936026924,0.030303030303030304,0.05723905723905724
rf_rdkit,CHEMBL264_Ki,d_std,0.384180790960452,0.6101694915254238,-0.22598870056497178,0.05732836167658004,0.13410839343268113,0.0767800317561011,0.03389830508474578,0.01694915254237288,0.05084745762711865
rf_rdkit,CHEMBL287_Ki,d_std,0.4057971014492754,0.5942028985507246,-0.18840579710144922,0.0665048205007677,0.08494701238403972,0.01844219188327202,0.04347826086956519,0.014492753623188406,0.057971014492753624
rf_rdkit,CHEMBL3979_EC50,d_std,0.3333333333333333,0.6133333333333333,-0.27999999999999997,0.030059638890894115,0.08170995295388102,0.0516503140629869,0.053333333333333344,0.0,0.05333333333333334
rf_rdkit,CHEMBL204_Ki,d_iqr,0.5603112840466926,0.4396887159533074,0.12062256809338523,0.07304737689111991,0.07495672407986251,0.0019093471887425967,0.0038910505836576847,0.03501945525291829,0.038910505836575876
rf_rdkit,CHEMBL214_Ki,d_iqr,0.5190839694656488,0.48091603053435117,0.03816793893129766,0.08775108358011675,0.07047859142991279,-0.01727249215020396,-0.011450381679389277,0.04961832061068702,0.03816793893129771
rf_rdkit,CHEMBL219_Ki,d_iqr,0.40476190476190477,0.5793650793650794,-0.17460317460317465,0.04906655452200804,0.08021462183180225,0.031148067309794213,-0.007936507936507908,0.03968253968253968,0.031746031746031744
rf_rdkit,CHEMBL228_Ki,d_iqr,0.5795454545454546,0.38636363636363635,0.19318181818181823,0.08842529440643512,0.09262134502604549,0.00419605061961037,0.03409090909090906,0.06818181818181818,0.10227272727272728
rf_rdkit,CHEMBL233_Ki,d_iqr,0.4807692307692308,0.5192307692307693,-0.03846153846153849,0.06341316088846664,0.11667815233374212,0.05326499144527548,0.0,0.04230769230769231,0.04230769230769231
rf_rdkit,CHEMBL234_Ki,d_iqr,0.5708333333333333,0.42916666666666664,0.14166666666666666,0.07373045930380107,0.09963157371084114,0.02590111440704007,-0.025000000000000022,0.058333333333333334,0.03333333333333333
rf_rdkit,CHEMBL235_EC50,d_iqr,0.46938775510204084,0.5306122448979592,-0.06122448979591838,0.06611633404523118,0.1352929191668312,0.06917658512160002,0.04081632653061229,0.03571428571428571,0.07653061224489796
rf_rdkit,CHEMBL236_Ki,d_iqr,0.5813008130081301,0.4186991869918699,0.16260162601626016,0.07390808269987412,0.0782313041157348,0.004323221415860681,0.012195121951219523,0.04065040650406504,0.052845528455284556
rf_rdkit,CHEMBL237_EC50,d_iqr,0.2543859649122807,0.6052631578947368,-0.3508771929824561,0.02549750823079876,0.08770077763827146,0.0622032694074727,0.00877192982456143,0.008771929824561403,0.017543859649122806
rf_rdkit,CHEMBL237_Ki,d_iqr,0.4343891402714932,0.5656108597285068,-0.13122171945701355,0.06019695665816331,0.07938166972603328,0.019184713067869966,0.009049773755656076,0.04072398190045249,0.049773755656108594
rf_rdkit,CHEMBL239_EC50,d_iqr,0.4034334763948498,0.5965665236051502,-0.1931330472103004,0.04996293599278653,0.07915418736012196,0.029191251367335434,-0.0042918454935622075,0.04291845493562232,0.03862660944206009
rf_rdkit,CHEMBL244_Ki,d_iqr,0.5050505050505051,0.45454545454545453,0.05050505050505055,0.06392985327074324,0.09481869860614779,0.03088884533540455,-0.010101010101010055,0.04377104377104377,0.03367003367003367
rf_rdkit,CHEMBL264_Ki,d_iqr,0.3559322033898305,0.5932203389830508,-0.23728813559322032,0.060626323607926656,0.10142224479719958,0.04079592118927292,0.03389830508474578,0.01694915254237288,0.05084745762711865
rf_rdkit,CHEMBL287_Ki,d_iqr,0.4927536231884058,0.5072463768115942,-0.014492753623188415,0.09916741830948898,0.07363831104391845,-0.025529107265570533,0.0,0.014492753623188406,0.014492753623188406
rf_rdkit,CHEMBL3979_EC50,d_iqr,0.29333333333333333,0.6666666666666666,-0.3733333333333333,0.03373654638190609,0.06692607018737558,0.03318952380546949,0.040000000000000036,0.013333333333333334,0.05333333333333334
rf_rdkit,CHEMBL204_Ki,d_nb,0.5642023346303502,0.4357976653696498,0.12840466926070038,0.0465892151029241,0.036079794355258085,-0.010509420747666018,0.0,0.01556420233463035,0.01556420233463035
rf_rdkit,CHEMBL214_Ki,d_nb,0.8625954198473282,0.09923664122137404,0.7633587786259541,0.11861010961227077,0.010180535609264137,-0.10842957400300662,-0.06488549618320616,0.06870229007633588,0.003816793893129771
rf_rdkit,CHEMBL219_Ki,d_nb,0.746031746031746,0.23809523809523808,0.5079365079365079,0.1293745616948779,0.024634397609822407,-0.1047401640850555,-0.11904761904761907,0.11904761904761904,0.0
rf_rdkit,CHEMBL228_Ki,d_nb,0.7272727272727273,0.22727272727272727,0.5,0.130486799812175,0.02512626483424495,-0.10536053497793006,-0.07954545454545447,0.09090909090909091,0.011363636363636364
rf_rdkit,CHEMBL233_Ki,d_nb,0.6653846153846154,0.3076923076923077,0.35769230769230764,0.09238375903184091,0.04761340762542562,-0.0447703514064153,-0.019230769230769273,0.05,0.03076923076923077
rf_rdkit,CHEMBL234_Ki,d_nb,0.8416666666666667,0.10416666666666667,0.7375,0.15254602755106106,0.013979716256058598,-0.13856631129500246,-0.10416666666666674,0.11666666666666667,0.0125
rf_rdkit,CHEMBL235_EC50,d_nb,0.5306122448979592,0.42346938775510207,0.10714285714285715,0.05823816857449936,0.06784725925398913,0.00960909067948977,0.025510204081632737,0.030612244897959183,0.05612244897959184
rf_rdkit,CHEMBL236_Ki,d_nb,0.6016260162601627,0.34146341463414637,0.2601626016260163,0.07612161514654625,0.027177673625063722,-0.04894394152148253,-0.020325203252032464,0.04878048780487805,0.028455284552845527
rf_rdkit,CHEMBL237_EC50,d_nb,0.40350877192982454,0.5964912280701754,-0.19298245614035087,0.04092004354493759,0.0787900100339436,0.037869966489006014,-0.00877192982456143,0.02631578947368421,0.017543859649122806
rf_rdkit,CHEMBL237_Ki,d_nb,0.6742081447963801,0.25339366515837103,0.4208144796380091,0.062196666213315294,0.024341317680813053,-0.03785534853250224,0.0,0.01809954751131222,0.01809954751131222
rf_rdkit,CHEMBL239_EC50,d_nb,0.4892703862660944,0.5107296137339056,-0.02145922746781115,0.051214869006844466,0.045411400497080895,-0.005803468509763571,-0.01716738197424894,0.04291845493562232,0.02575107296137339
rf_rdkit,CHEMBL244_Ki,d_nb,0.6060606060606061,0.36363636363636365,0.24242424242424243,0.06731404233833087,0.04113513311003747,-0.0261789092282934,0.0,0.02356902356902357,0.02356902356902357
rf_rdkit,CHEMBL264_Ki,d_nb,0.7909604519774012,0.1977401129943503,0.5932203389830508,0.12979568022766855,0.026094752406212965,-0.10370092782145558,-0.05084745762711862,0.05649717514124294,0.005649717514124294
rf_rdkit,CHEMBL287_Ki,d_nb,0.8115942028985508,0.15942028985507245,0.6521739130434783,0.14469150724707977,0.015383937255784248,-0.12930756999129553,-0.02898550724637683,0.028985507246376812,0.0
rf_rdkit,CHEMBL3979_EC50,d_nb,0.52,0.4,0.12,0.0710648312682852,0.03943078072562141,-0.031634050542663786,0.026666666666666727,0.02666666666666667,0.05333333333333334
rf_rdkit,CHEMBL204_Ki,d_nn_sim,0.5719844357976653,0.3463035019455253,0.22568093385214005,0.06487366377434214,0.027230311769655766,-0.03764335200468638,-0.015564202334630295,0.019455252918287938,0.0038910505836575876
rf_rdkit,CHEMBL214_Ki,d_nn_sim,0.061068702290076333,0.9389312977099237,-0.8778625954198473,0.015153002824068217,0.12988725292192096,0.11473425009785275,0.06870229007633588,0.003816793893129771,0.07251908396946564
rf_rdkit,CHEMBL219_Ki,d_nn_sim,0.3412698412698413,0.5555555555555556,-0.2142857142857143,0.009295063901777919,0.05836129390643216,0.04906623000465424,0.023809523809523836,0.007936507936507936,0.031746031746031744
rf_rdkit,CHEMBL228_Ki,d_nn_sim,0.17045454545454544,0.8295454545454546,-0.6590909090909092,0.0005529237701022497,0.14234108597291442,0.14178816220281218,0.11363636363636365,0.0,0.11363636363636363
rf_rdkit,CHEMBL233_Ki,d_nn_sim,0.5692307692307692,0.4307692307692308,0.1384615384615384,0.054749250767458735,0.05130572841835236,-0.0034435223491063732,-0.0038461538461538325,0.03461538461538462,0.03076923076923077
rf_rdkit,CHEMBL234_Ki,d_nn_sim,0.029166666666666667,0.9708333333333333,-0.9416666666666667,0.007070593139282405,0.1451194649191087,0.1380488717798263,0.0708333333333333,0.0125,0.08333333333333333
rf_rdkit,CHEMBL235_EC50,d_nn_sim,0.4897959183673469,0.4846938775510204,0.005102040816326536,0.02319772242186166,0.05858281160163781,0.03538508917977615,0.010204081632653073,0.025510204081632654,0.03571428571428571
rf_rdkit,CHEMBL236_Ki,d_nn_sim,0.6056910569105691,0.35772357723577236,0.24796747967479676,0.044828963052395136,0.01444467594229592,-0.030384287110099217,-0.024390243902438935,0.028455284552845527,0.0040650406504065045
rf_rdkit,CHEMBL237_EC50,d_nn_sim,0.7017543859649122,0.20175438596491227,0.5,0.12087653783011423,0.0231711481681968,-0.09770538966191744,-0.04385964912280704,0.043859649122807015,0.0
rf_rdkit,CHEMBL237_Ki,d_nn_sim,0.5656108597285068,0.4343891402714932,0.13122171945701355,0.06808696125436518,0.032862913805477366,-0.03522404744888782,0.0,0.027149321266968326,0.027149321266968326
rf_rdkit,CHEMBL239_EC50,d_nn_sim,0.4206008583690987,0.5793991416309013,-0.15879828326180262,0.027263829464437176,0.06591138539525622,0.03864755593081905,0.025751072961373467,0.017167381974248927,0.04291845493562232
rf_rdkit,CHEMBL244_Ki,d_nn_sim,0.7744107744107744,0.2255892255892256,0.5488215488215489,0.08402312245308848,0.013216970244066525,-0.07080615220902195,-0.03367003367003363,0.04377104377104377,0.010101010101010102
rf_rdkit,CHEMBL264_Ki,d_nn_sim,0.2655367231638418,0.7344632768361582,-0.4689265536723164,0.02197574260664902,0.1258540686535303,0.10387832604688128,0.039548022598870025,0.0,0.03954802259887006
rf_rdkit,CHEMBL287_Ki,d_nn_sim,0.043478260869565216,0.855072463768116,-0.8115942028985508,0.006453345080993492,0.1278747125017156,0.1214213674207221,0.02898550724637683,0.0,0.028985507246376812
rf_rdkit,CHEMBL3979_EC50,d_nn_sim,0.37333333333333335,0.5466666666666666,-0.17333333333333328,0.055024128486785194,0.056829205206515854,0.0018050767197306597,-0.013333333333333308,0.02666666666666667,0.013333333333333334
rf_rdkit,CHEMBL204_Ki,d_pair_gap,0.5019455252918288,0.490272373540856,0.011673151750972777,0.03523124865560331,0.051366071504058926,0.01613482284845562,0.0,0.011673151750972763,0.011673151750972763
rf_rdkit,CHEMBL214_Ki,d_pair_gap,0.6908396946564885,0.30916030534351147,0.38167938931297707,0.061658617401364975,0.020562168129827772,-0.0410964492715372,-0.022900763358778664,0.03816793893129771,0.015267175572519083
rf_rdkit,CHEMBL219_Ki,d_pair_gap,0.7619047619047619,0.23809523809523808,0.5238095238095237,0.07747591395788721,0.013331097471872909,-0.0641448164860143,-0.06349206349206349,0.06349206349206349,0.0
rf_rdkit,CHEMBL228_Ki,d_pair_gap,0.5340909090909091,0.38636363636363635,0.1477272727272727,0.088860335348298,0.028343819824328775,-0.06051651552396922,0.0,0.022727272727272728,0.022727272727272728
rf_rdkit,CHEMBL233_Ki,d_pair_gap,0.6269230769230769,0.3730769230769231,0.25384615384615383,0.06786536326856352,0.033806034942133814,-0.0340593283264297,-0.0346153846153846,0.046153846153846156,0.011538461538461539
rf_rdkit,CHEMBL234_Ki,d_pair_gap,0.6708333333333333,0.32916666666666666,0.3416666666666666,0.09245467122284826,0.02671116094323929,-0.06574351027960897,-0.025000000000000022,0.04583333333333333,0.020833333333333332
rf_rdkit,CHEMBL235_EC50,d_pair_gap,0.3979591836734694,0.6020408163265306,-0.20408163265306123,0.04962296428651172,0.10205235738039675,0.05242939309388503,0.025510204081632737,0.04081632653061224,0.0663265306122449
rf_rdkit,CHEMBL236_Ki,d_pair_gap,0.35772357723577236,0.6016260162601627,-0.2439024390243903,0.047552969034622763,0.05911965389936112,0.011566684864738358,0.004065040650406582,0.036585365853658534,0.04065040650406504
rf_rdkit,CHEMBL237_EC50,d_pair_gap,0.38596491228070173,0.4649122807017544,-0.07894736842105265,0.03147770473450091,0.08809671698295485,0.05661901224845394,0.03508771929824561,0.008771929824561403,0.043859649122807015
rf_rdkit,CHEMBL237_Ki,d_pair_gap,0.4796380090497738,0.5203619909502263,-0.04072398190045251,0.050454710852880696,0.03797474211576361,-0.012479968737117084,-0.018099547511312153,0.04524886877828054,0.027149321266968326
rf_rdkit,CHEMBL239_EC50,d_pair_gap,0.36909871244635195,0.630901287553648,-0.2618025751072961,0.04392197437886749,0.06356720235708073,0.01964522797821324,-0.0042918454935622075,0.03862660944206009,0.034334763948497854
rf_rdkit,CHEMBL244_Ki,d_pair_gap,0.43434343434343436,0.5353535353535354,-0.101010101010101,0.05611600708713571,0.07143765908467835,0.015321651997542637,0.006734006734006703,0.020202020202020204,0.026936026936026935
rf_rdkit,CHEMBL264_Ki,d_pair_gap,0.4576271186440678,0.5423728813559322,-0.0847457627118644,0.049937506450237264,0.02832629160664697,-0.021611214843590295,0.005649717514124242,0.005649717514124294,0.011299435028248588
rf_rdkit,CHEMBL287_Ki,d_pair_gap,0.5507246376811594,0.4492753623188406,0.10144927536231885,0.07765130278444407,0.024721678372144867,-0.0529296244122992,-0.01449275362318847,0.014492753623188406,0.0
rf_rdkit,CHEMBL3979_EC50,d_pair_gap,0.48,0.52,-0.040000000000000036,0.03458103904084789,0.04599510120617391,0.01141406216532602,0.026666666666666727,0.013333333333333334,0.04
rf_rdkit,CHEMBL204_Ki,d_pair,0.38910505836575876,0.5447470817120622,-0.15564202334630345,0.015307045445286065,0.038020584791004904,0.02271353934571884,0.01945525291828798,0.0,0.019455252918287938
rf_rdkit,CHEMBL214_Ki,d_pair,0.4847328244274809,0.49236641221374045,-0.007633587786259555,0.03629542988620832,0.017314193608214287,-0.018981236277994033,-0.011450381679389277,0.022900763358778626,0.011450381679389313
rf_rdkit,CHEMBL219_Ki,d_pair,0.5952380952380952,0.40476190476190477,0.19047619047619047,0.06128489906553357,0.017172799005617672,-0.04411210005991589,-0.03968253968253965,0.03968253968253968,0.0
rf_rdkit,CHEMBL228_Ki,d_pair,0.09090909090909091,0.3977272727272727,-0.30681818181818177,0.01685550263546475,0.019603875847269466,0.0027483732118047145,0.022727272727272707,0.0,0.022727272727272728
rf_rdkit,CHEMBL233_Ki,d_pair,0.6576923076923077,0.3423076923076923,0.3153846153846154,0.051404445391159855,0.013709015447050938,-0.03769542994410892,-0.019230769230769273,0.023076923076923078,0.0038461538461538464
rf_rdkit,CHEMBL234_Ki,d_pair,0.6583333333333333,0.3416666666666667,0.31666666666666665,0.0854707328727081,0.015087826853086385,-0.07038290601962172,-0.025000000000000022,0.04583333333333333,0.020833333333333332
rf_rdkit,CHEMBL235_EC50,d_pair,0.5612244897959183,0.4387755102040816,0.1224489795918367,0.012897504504515291,0.07239108319758894,0.059493578693073645,0.025510204081632737,0.02040816326530612,0.04591836734693878
rf_rdkit,CHEMBL236_Ki,d_pair,0.6300813008130082,0.2926829268292683,0.3373983739837399,0.03204577675362628,0.014756802007212622,-0.017288974746413655,-0.008130081300812941,0.02032520325203252,0.012195121951219513
rf_rdkit,CHEMBL237_EC50,d_pair,0.45614035087719296,0.49122807017543857,-0.03508771929824561,0.030568450769357575,0.047827608131602,0.017259157362244426,0.01754385964912286,0.0,0.017543859649122806
rf_rdkit,CHEMBL237_Ki,d_pair,0.8235294117647058,0.17647058823529413,0.6470588235294117,0.039377494565811424,0.008055199166375331,-0.031322295399436095,-0.013574660633484115,0.02262443438914027,0.00904977375565611
rf_rdkit,CHEMBL239_EC50,d_pair,0.43776824034334766,0.47639484978540775,-0.03862660944206009,0.033547816265936864,0.03699725012206538,0.003449433856128517,-0.01716738197424894,0.034334763948497854,0.017167381974248927
rf_rdkit,CHEMBL244_Ki,d_pair,0.48484848484848486,0.5151515151515151,-0.030303030303030276,0.024674085700633404,0.03527955058055484,0.010605464879921436,0.006734006734006703,0.013468013468013467,0.020202020202020204
rf_rdkit,CHEMBL264_Ki,d_pair,0.3898305084745763,0.480225988700565,-0.0903954802259887,0.02657231674929454,0.01774621160181928,-0.008826105147475262,0.005649717514124242,0.005649717514124294,0.011299435028248588
rf_rdkit,CHEMBL287_Ki,d_pair,0.5217391304347826,0.42028985507246375,0.10144927536231885,0.05334256674628624,0.011386065104064346,-0.041956501642221894,0.0,0.0,0.0
rf_rdkit,CHEMBL3979_EC50,d_pair,0.5066666666666667,0.4266666666666667,0.08000000000000002,0.03287392527828853,0.016198050191993454,-0.016675875086295075,0.01333333333333342,0.0,0.013333333333333334
rf_rdkit,CHEMBL204_Ki,rf_std,0.7003891050583657,0.29961089494163423,0.4007782101167315,0.17466238206289353,0.08103327297831231,-0.09362910908458122,-0.13229571984435795,0.1556420233463035,0.023346303501945526
rf_rdkit,CHEMBL214_Ki,rf_std,0.5992366412213741,0.40076335877862596,0.19847328244274814,0.13540801710121111,0.07316475403492471,-0.0622432630662864,-0.06106870229007633,0.08778625954198473,0.026717557251908396
rf_rdkit,CHEMBL219_Ki,rf_std,0.6428571428571429,0.3492063492063492,0.2936507936507937,0.10158491954982769,0.04798077007025058,-0.05360414947957711,-0.08730158730158732,0.10317460317460317,0.015873015873015872
rf_rdkit,CHEMBL228_Ki,rf_std,0.6931818181818182,0.26136363636363635,0.4318181818181819,0.12277198037406421,0.0666748197965392,-0.05609716057752501,-0.03409090909090906,0.056818181818181816,0.022727272727272728
rf_rdkit,CHEMBL233_Ki,rf_std,0.6269230769230769,0.35,0.27692307692307694,0.13722173588897402,0.10684747869504721,-0.030374257193926807,-0.07307692307692304,0.12307692307692308,0.05
rf_rdkit,CHEMBL234_Ki,rf_std,0.6291666666666667,0.37083333333333335,0.2583333333333333,0.15122709969366707,0.09791495436993669,-0.05331214532373038,-0.11250000000000004,0.1375,0.025
rf_rdkit,CHEMBL235_EC50,rf_std,0.44387755102040816,0.5408163265306123,-0.09693877551020413,0.10241315031175442,0.17817476728775458,0.07576161697600016,0.0,0.07653061224489796,0.07653061224489796
rf_rdkit,CHEMBL236_Ki,rf_std,0.6829268292682927,0.3170731707317073,0.3658536585365854,0.15725847679938748,0.10735607558840472,-0.04990240121098276,-0.0772357723577235,0.11788617886178862,0.04065040650406504
rf_rdkit,CHEMBL237_EC50,rf_std,0.543859649122807,0.35964912280701755,0.1842105263157895,0.10067402686970374,0.0781345105985904,-0.022539516271113336,-0.08771929824561397,0.08771929824561403,0.0
rf_rdkit,CHEMBL237_Ki,rf_std,0.5113122171945701,0.48868778280542985,0.022624434389140247,0.13552501919769744,0.09911584017592524,-0.036409179021772195,-0.04524886877828049,0.09954751131221719,0.05429864253393665
rf_rdkit,CHEMBL239_EC50,rf_std,0.592274678111588,0.351931330472103,0.24034334763948495,0.08694447200773404,0.08223438099996289,-0.004710091007771158,-0.03433476394849777,0.07296137339055794,0.03862660944206009
rf_rdkit,CHEMBL244_Ki,rf_std,0.7542087542087542,0.2255892255892256,0.5286195286195287,0.1488587691780988,0.058282134047518135,-0.09057663513058065,-0.1077441077441077,0.12457912457912458,0.016835016835016835
rf_rdkit,CHEMBL264_Ki,rf_std,0.519774011299435,0.4463276836158192,0.07344632768361581,0.12323525111092147,0.1052828225318898,-0.017952428579031676,-0.02824858757062143,0.07909604519774012,0.05084745762711865
rf_rdkit,CHEMBL287_Ki,rf_std,0.2898550724637681,0.6811594202898551,-0.391304347826087,0.035564769814863596,0.10113722456453551,0.06557245474967191,-0.01449275362318847,0.028985507246376812,0.014492753623188406
rf_rdkit,CHEMBL3979_EC50,rf_std,0.6266666666666667,0.29333333333333333,0.33333333333333337,0.09317769561352203,0.026148391002969736,-0.06702930461055229,-0.07999999999999996,0.08,0.0
