dataset,seed,method,n_test,n_cliff,cov_all,cov_cliff,cov_noncliff,size_all,size_cliff,size_noncliff,q_global,cov_global_class0,cov_global_class1
BBBP,20260923,global,395,3,0.9164556962025316,0.0,0.923469387755102,1.0506329113924051,1.0,1.0510204081632653,0.6,,
BBBP,20260923,aps,395,3,1.0,1.0,1.0,2.0,2.0,2.0,0.6,0.7228915662650602,0.967948717948718
BBBP,20260923,mondrian_predclass,395,3,0.9164556962025316,0.0,0.923469387755102,1.0506329113924051,1.0,1.0510204081632653,0.6,,
BBBP,20260923,mondrian_nnsim,395,3,0.9164556962025316,0.0,0.923469387755102,1.0506329113924051,1.0,1.0510204081632653,0.6,,
BBBP,20268842,global,395,4,0.8962025316455696,0.0,0.9053708439897699,1.0025316455696203,1.0,1.0025575447570332,0.505,,
BBBP,20268842,aps,395,4,1.0,1.0,1.0,2.0,2.0,2.0,0.505,0.5949367088607594,0.9715189873417721
BBBP,20268842,mondrian_predclass,395,4,0.8962025316455696,0.0,0.9053708439897699,1.0025316455696203,1.0,1.0025575447570332,0.505,,
BBBP,20268842,mondrian_nnsim,395,4,0.8962025316455696,0.0,0.9053708439897699,1.0025316455696203,1.0,1.0025575447570332,0.505,,
BBBP,20276761,global,395,1,0.8962025316455696,1.0,0.8959390862944162,1.0455696202531646,1.0,1.0456852791878173,0.5700000000000001,,
BBBP,20276761,aps,395,1,1.0,1.0,1.0,2.0,2.0,2.0,0.5700000000000001,0.6129032258064516,0.9834437086092715
BBBP,20276761,mondrian_predclass,395,1,0.8962025316455696,1.0,0.8959390862944162,1.0455696202531646,1.0,1.0456852791878173,0.5700000000000001,,
BBBP,20276761,mondrian_nnsim,395,1,0.8962025316455696,1.0,0.8959390862944162,1.0455696202531646,1.0,1.0456852791878173,0.5700000000000001,,
BBBP,20284680,global,395,3,0.8962025316455696,0.3333333333333333,0.9005102040816326,1.0177215189873419,1.3333333333333333,1.0153061224489797,0.54,,
BBBP,20284680,aps,395,3,1.0,1.0,1.0,2.0,2.0,2.0,0.54,0.5569620253164557,0.9810126582278481
BBBP,20284680,mondrian_predclass,395,3,0.8962025316455696,0.3333333333333333,0.9005102040816326,1.0177215189873419,1.3333333333333333,1.0153061224489797,0.54,,
BBBP,20284680,mondrian_nnsim,395,3,0.9012658227848102,0.3333333333333333,0.9056122448979592,1.0253164556962024,1.3333333333333333,1.0229591836734695,0.54,,
BBBP,20292599,global,395,1,0.9189873417721519,1.0,0.9187817258883249,1.1063291139240505,2.0,1.1040609137055837,0.685,,
BBBP,20292599,aps,395,1,1.0,1.0,1.0,2.0,2.0,2.0,0.685,0.7070707070707071,0.9898648648648649
BBBP,20292599,mondrian_predclass,395,1,0.9189873417721519,1.0,0.9187817258883249,1.1063291139240505,2.0,1.1040609137055837,0.685,,
BBBP,20292599,mondrian_nnsim,395,1,0.9189873417721519,1.0,0.9187817258883249,1.1063291139240505,2.0,1.1040609137055837,0.685,,
BBBP,20300518,global,395,3,0.8911392405063291,0.3333333333333333,0.8954081632653061,1.0227848101265822,1.3333333333333333,1.0204081632653061,0.5449999999999999,,
BBBP,20300518,aps,395,3,0.9949367088607595,0.6666666666666666,0.9974489795918368,1.9924050632911392,1.6666666666666667,1.9948979591836735,0.5449999999999999,0.6019417475728155,0.9931506849315068
BBBP,20300518,mondrian_predclass,395,3,0.8911392405063291,0.3333333333333333,0.8954081632653061,1.0227848101265822,1.3333333333333333,1.0204081632653061,0.5449999999999999,,
BBBP,20300518,mondrian_nnsim,395,3,0.8962025316455696,0.3333333333333333,0.9005102040816326,1.0379746835443038,1.3333333333333333,1.0357142857142858,0.5449999999999999,,
BBBP,20308437,global,395,2,0.8860759493670886,0.5,0.8880407124681934,1.0126582278481013,1.0,1.0127226463104326,0.52,,
BBBP,20308437,aps,395,2,1.0,1.0,1.0,2.0,2.0,2.0,0.52,0.6310679611650486,0.976027397260274
BBBP,20308437,mondrian_predclass,395,2,0.8860759493670886,0.5,0.8880407124681934,1.0126582278481013,1.0,1.0127226463104326,0.52,,
BBBP,20308437,mondrian_nnsim,395,2,0.8759493670886076,0.5,0.8778625954198473,0.9924050632911392,1.0,0.9923664122137404,0.52,,
BBBP,20316356,global,395,1,0.9012658227848102,0.0,0.9035532994923858,1.0556962025316456,1.0,1.0558375634517767,0.595,,
BBBP,20316356,aps,395,1,1.0,1.0,1.0,2.0,2.0,2.0,0.595,0.6111111111111112,0.9868852459016394
BBBP,20316356,mondrian_predclass,395,1,0.9012658227848102,0.0,0.9035532994923858,1.0556962025316456,1.0,1.0558375634517767,0.595,,
BBBP,20316356,mondrian_nnsim,395,1,0.9012658227848102,0.0,0.9035532994923858,1.0556962025316456,1.0,1.0558375634517767,0.595,,
BBBP,20324275,global,395,3,0.8759493670886076,1.0,0.875,0.9924050632911392,1.0,0.9923469387755102,0.485,,
BBBP,20324275,aps,395,3,1.0,1.0,1.0,2.0,2.0,2.0,0.485,0.6,0.9694915254237289
BBBP,20324275,mondrian_predclass,395,3,0.8759493670886076,1.0,0.875,0.9924050632911392,1.0,0.9923469387755102,0.485,,
BBBP,20324275,mondrian_nnsim,395,3,0.8759493670886076,1.0,0.875,0.9924050632911392,1.0,0.9923469387755102,0.485,,
BBBP,20332194,global,395,3,0.8556962025316456,0.0,0.8622448979591837,0.9468354430379747,0.6666666666666666,0.9489795918367347,0.42500000000000004,,
BBBP,20332194,aps,395,3,1.0,1.0,1.0,2.0,2.0,2.0,0.42500000000000004,0.5108695652173914,0.9603960396039604
BBBP,20332194,mondrian_predclass,395,3,0.8556962025316456,0.0,0.8622448979591837,0.9468354430379747,0.6666666666666666,0.9489795918367347,0.42500000000000004,,
BBBP,20332194,mondrian_nnsim,395,3,0.8784810126582279,0.0,0.8852040816326531,0.9848101265822785,0.6666666666666666,0.9872448979591837,0.42500000000000004,,
BACE,20260923,global,302,20,0.9470198675496688,0.7,0.9645390070921985,1.2980132450331126,1.65,1.2730496453900708,0.72,,
BACE,20260923,aps,302,20,1.0,1.0,1.0,1.990066225165563,2.0,1.9893617021276595,0.72,0.9444444444444444,0.95
BACE,20260923,mondrian_predclass,302,20,0.9470198675496688,0.7,0.9645390070921985,1.2980132450331126,1.65,1.2730496453900708,0.72,,
BACE,20260923,mondrian_nnsim,302,20,0.9503311258278145,0.7,0.9680851063829787,1.304635761589404,1.65,1.2801418439716312,0.72,,
BACE,20268842,global,302,15,0.9470198675496688,0.7333333333333333,0.9581881533101045,1.3609271523178808,1.4666666666666666,1.3554006968641115,0.76,,
BACE,20268842,aps,302,15,1.0,1.0,1.0,1.9933774834437086,2.0,1.9930313588850175,0.76,0.9583333333333334,0.9328358208955224
BACE,20268842,mondrian_predclass,302,15,0.9470198675496688,0.7333333333333333,0.9581881533101045,1.3609271523178808,1.4666666666666666,1.3554006968641115,0.76,,
BACE,20268842,mondrian_nnsim,302,15,0.9536423841059603,0.7333333333333333,0.9651567944250871,1.3841059602649006,1.4666666666666666,1.3797909407665505,0.76,,
BACE,20276761,global,302,22,0.9403973509933775,0.6818181818181818,0.9607142857142857,1.2549668874172186,1.4090909090909092,1.2428571428571429,0.6933333333333334,,
BACE,20276761,aps,302,22,0.9966887417218543,1.0,0.9964285714285714,1.9933774834437086,1.9545454545454546,1.9964285714285714,0.6933333333333334,0.9239766081871345,0.9618320610687023
BACE,20276761,mondrian_predclass,302,22,0.9403973509933775,0.6818181818181818,0.9607142857142857,1.2549668874172186,1.4090909090909092,1.2428571428571429,0.6933333333333334,,
BACE,20276761,mondrian_nnsim,302,22,0.9403973509933775,0.6818181818181818,0.9607142857142857,1.2649006622516556,1.4090909090909092,1.2535714285714286,0.6933333333333334,,
BACE,20284680,global,302,27,0.9205298013245033,0.7037037037037037,0.9418181818181818,1.2483443708609272,1.5555555555555556,1.2181818181818183,0.675,,
BACE,20284680,aps,302,27,1.0,1.0,1.0,1.990066225165563,2.0,1.989090909090909,0.675,0.9197530864197531,0.9214285714285714
BACE,20284680,mondrian_predclass,302,27,0.9205298013245033,0.7037037037037037,0.9418181818181818,1.2483443708609272,1.5555555555555556,1.2181818181818183,0.675,,
BACE,20284680,mondrian_nnsim,302,27,0.9205298013245033,0.7037037037037037,0.9418181818181818,1.2483443708609272,1.5555555555555556,1.2181818181818183,0.675,,
BACE,20292599,global,302,25,0.8112582781456954,0.4,0.8483754512635379,1.1258278145695364,1.2,1.1191335740072201,0.605,,
BACE,20292599,aps,302,25,0.9966887417218543,0.96,1.0,1.9933774834437086,1.96,1.9963898916967509,0.605,0.8,0.8231292517006803
BACE,20292599,mondrian_predclass,302,25,0.8112582781456954,0.4,0.8483754512635379,1.1258278145695364,1.2,1.1191335740072201,0.605,,
BACE,20292599,mondrian_nnsim,302,25,0.8377483443708609,0.4,0.8772563176895307,1.1721854304635762,1.2,1.1696750902527075,0.605,,
BACE,20300518,global,302,24,0.8675496688741722,0.4166666666666667,0.9064748201438849,1.2086092715231789,1.25,1.2050359712230216,0.6799999999999999,,
BACE,20300518,aps,302,24,1.0,1.0,1.0,1.9966887417218544,1.9583333333333333,2.0,0.6799999999999999,0.864406779661017,0.872
BACE,20300518,mondrian_predclass,302,24,0.8675496688741722,0.4166666666666667,0.9064748201438849,1.2086092715231789,1.25,1.2050359712230216,0.6799999999999999,,
BACE,20300518,mondrian_nnsim,302,24,0.8841059602649006,0.5,0.9172661870503597,1.2649006622516556,1.3333333333333333,1.2589928057553956,0.6799999999999999,,
BACE,20308437,global,302,21,0.8940397350993378,0.42857142857142855,0.9288256227758007,1.1059602649006623,1.0,1.113879003558719,0.6,,
BACE,20308437,aps,302,21,1.0,1.0,1.0,2.0,2.0,2.0,0.6,0.8982035928143712,0.8888888888888888
BACE,20308437,mondrian_predclass,302,21,0.8940397350993378,0.42857142857142855,0.9288256227758007,1.1059602649006623,1.0,1.113879003558719,0.6,,
BACE,20308437,mondrian_nnsim,302,21,0.9205298013245033,0.47619047619047616,0.9537366548042705,1.185430463576159,1.0952380952380953,1.1921708185053381,0.6,,
BACE,20316356,global,302,18,0.8973509933774835,0.3333333333333333,0.9330985915492958,1.2384105960264902,1.2222222222222223,1.2394366197183098,0.7,,
BACE,20316356,aps,302,18,1.0,1.0,1.0,2.0,2.0,2.0,0.7,0.8947368421052632,0.9007633587786259
BACE,20316356,mondrian_predclass,302,18,0.8973509933774835,0.3333333333333333,0.9330985915492958,1.2384105960264902,1.2222222222222223,1.2394366197183098,0.7,,
BACE,20316356,mondrian_nnsim,302,18,0.9039735099337748,0.3333333333333333,0.9401408450704225,1.2615894039735098,1.2222222222222223,1.2640845070422535,0.7,,
BACE,20324275,global,302,21,0.9072847682119205,0.6666666666666666,0.9252669039145908,1.2019867549668874,1.619047619047619,1.1708185053380782,0.685,,
BACE,20324275,aps,302,21,0.9966887417218543,1.0,0.99644128113879,1.990066225165563,1.9523809523809523,1.99288256227758,0.685,0.9197530864197531,0.8928571428571429
BACE,20324275,mondrian_predclass,302,21,0.9072847682119205,0.6666666666666666,0.9252669039145908,1.2019867549668874,1.619047619047619,1.1708185053380782,0.685,,
BACE,20324275,mondrian_nnsim,302,21,0.8874172185430463,0.6190476190476191,0.9074733096085409,1.1721854304635762,1.5714285714285714,1.1423487544483986,0.685,,
BACE,20332194,global,302,27,0.9139072847682119,0.6666666666666666,0.9381818181818182,1.271523178807947,1.4074074074074074,1.2581818181818183,0.6699999999999999,,
BACE,20332194,aps,302,27,0.9933774834437086,1.0,0.9927272727272727,1.9867549668874172,2.0,1.9854545454545454,0.6699999999999999,0.9419354838709677,0.8843537414965986
BACE,20332194,mondrian_predclass,302,27,0.9139072847682119,0.6666666666666666,0.9381818181818182,1.271523178807947,1.4074074074074074,1.2581818181818183,0.6699999999999999,,
BACE,20332194,mondrian_nnsim,302,27,0.9139072847682119,0.6666666666666666,0.9381818181818182,1.271523178807947,1.4074074074074074,1.2581818181818183,0.6699999999999999,,
ClinTox,20260923,global,292,3,0.9452054794520548,0.0,0.9550173010380623,0.9965753424657534,1.0,0.9965397923875432,0.44499999999999995,,
ClinTox,20260923,aps,292,3,1.0,1.0,1.0,2.0,2.0,2.0,0.44499999999999995,0.9963369963369964,0.21052631578947367
ClinTox,20260923,mondrian_predclass,292,3,0.9452054794520548,0.0,0.9550173010380623,0.9965753424657534,1.0,0.9965397923875432,0.44499999999999995,,
ClinTox,20260923,mondrian_nnsim,292,3,0.9383561643835616,0.0,0.9480968858131488,0.9794520547945206,0.6666666666666666,0.9826989619377162,0.44499999999999995,,
ClinTox,20268842,global,292,2,0.8904109589041096,0.0,0.896551724137931,0.934931506849315,0.0,0.9413793103448276,0.18666666666666676,,
ClinTox,20268842,aps,292,2,1.0,1.0,1.0,1.9965753424657535,2.0,1.9965517241379311,0.18666666666666676,0.9454545454545454,0.0
ClinTox,20268842,mondrian_predclass,292,2,0.8904109589041096,0.0,0.896551724137931,0.934931506849315,0.0,0.9413793103448276,0.18666666666666676,,
ClinTox,20268842,mondrian_nnsim,292,2,0.8904109589041096,0.0,0.896551724137931,0.934931506849315,0.0,0.9413793103448276,0.18666666666666676,,
ClinTox,20276761,global,292,0,0.9041095890410958,,0.9041095890410958,0.9828767123287672,,0.9828767123287672,0.30500000000000005,,
ClinTox,20276761,aps,292,0,1.0,,1.0,1.9965753424657535,,1.9965753424657535,0.30500000000000005,0.9887640449438202,0.0
ClinTox,20276761,mondrian_predclass,292,0,0.9041095890410958,,0.9041095890410958,0.9828767123287672,,0.9828767123287672,0.30500000000000005,,
ClinTox,20276761,mondrian_nnsim,292,0,0.9041095890410958,,0.9041095890410958,0.9828767123287672,,0.9828767123287672,0.30500000000000005,,
ClinTox,20284680,global,292,3,0.9075342465753424,0.3333333333333333,0.9134948096885813,0.9726027397260274,0.6666666666666666,0.9757785467128027,0.30500000000000005,,
ClinTox,20284680,aps,292,3,1.0,1.0,1.0,2.0,2.0,2.0,0.30500000000000005,0.9812734082397003,0.12
ClinTox,20284680,mondrian_predclass,292,3,0.9075342465753424,0.3333333333333333,0.9134948096885813,0.9726027397260274,0.6666666666666666,0.9757785467128027,0.30500000000000005,,
ClinTox,20284680,mondrian_nnsim,292,3,0.9075342465753424,0.3333333333333333,0.9134948096885813,0.9726027397260274,0.6666666666666666,0.9757785467128027,0.30500000000000005,,
ClinTox,20292599,global,292,1,0.9143835616438356,1.0,0.9140893470790378,0.9623287671232876,1.0,0.9621993127147767,0.385,,
ClinTox,20292599,aps,292,1,1.0,1.0,1.0,2.0,2.0,2.0,0.385,0.967391304347826,0.0
ClinTox,20292599,mondrian_predclass,292,1,0.9143835616438356,1.0,0.9140893470790378,0.9623287671232876,1.0,0.9621993127147767,0.385,,
ClinTox,20292599,mondrian_nnsim,292,1,0.9075342465753424,1.0,0.9072164948453608,0.9417808219178082,1.0,0.9415807560137457,0.385,,
ClinTox,20300518,global,292,0,0.8835616438356164,,0.8835616438356164,0.9623287671232876,,0.9623287671232876,0.265,,
ClinTox,20300518,aps,292,0,1.0,,1.0,2.0,,2.0,0.265,0.9772727272727273,0.0
ClinTox,20300518,mondrian_predclass,292,0,0.8835616438356164,,0.8835616438356164,0.9623287671232876,,0.9623287671232876,0.265,,
ClinTox,20300518,mondrian_nnsim,292,0,0.8595890410958904,,0.8595890410958904,0.928082191780822,,0.928082191780822,0.265,,
ClinTox,20308437,global,292,2,0.8904109589041096,0.0,0.896551724137931,0.9315068493150684,0.0,0.9379310344827586,0.21999999999999997,,
ClinTox,20308437,aps,292,2,1.0,1.0,1.0,2.0,2.0,2.0,0.21999999999999997,0.959409594095941,0.0
ClinTox,20308437,mondrian_predclass,292,2,0.8904109589041096,0.0,0.896551724137931,0.9315068493150684,0.0,0.9379310344827586,0.21999999999999997,,
ClinTox,20308437,mondrian_nnsim,292,2,0.886986301369863,0.0,0.8931034482758621,0.928082191780822,0.0,0.9344827586206896,0.21999999999999997,,
ClinTox,20316356,global,292,1,0.928082191780822,1.0,0.9278350515463918,1.0,1.0,1.0,0.495,,
ClinTox,20316356,aps,292,1,1.0,1.0,1.0,2.0,2.0,2.0,0.495,0.9962825278810409,0.13043478260869565
ClinTox,20316356,mondrian_predclass,292,1,0.928082191780822,1.0,0.9278350515463918,1.0,1.0,1.0,0.495,,
ClinTox,20316356,mondrian_nnsim,292,1,0.9315068493150684,1.0,0.9312714776632303,1.0034246575342465,1.0,1.0034364261168385,0.495,,
ClinTox,20324275,global,292,0,0.910958904109589,,0.910958904109589,0.9931506849315068,,0.9931506849315068,0.42000000000000004,,
ClinTox,20324275,aps,292,0,1.0,,1.0,2.0,,2.0,0.42000000000000004,0.9924528301886792,0.1111111111111111
ClinTox,20324275,mondrian_predclass,292,0,0.910958904109589,,0.910958904109589,0.9931506849315068,,0.9931506849315068,0.42000000000000004,,
ClinTox,20324275,mondrian_nnsim,292,0,0.8972602739726028,,0.8972602739726028,0.9794520547945206,,0.9794520547945206,0.42000000000000004,,
ClinTox,20332194,global,292,3,0.9178082191780822,0.6666666666666666,0.9204152249134948,0.9828767123287672,1.0,0.9826989619377162,0.345,,
ClinTox,20332194,aps,292,3,1.0,1.0,1.0,2.0,2.0,2.0,0.345,0.9925650557620818,0.043478260869565216
ClinTox,20332194,mondrian_predclass,292,3,0.9178082191780822,0.6666666666666666,0.9204152249134948,0.9828767123287672,1.0,0.9826989619377162,0.345,,
ClinTox,20332194,mondrian_nnsim,292,3,0.9178082191780822,0.6666666666666666,0.9204152249134948,0.9828767123287672,1.0,0.9826989619377162,0.345,,
Tox21_NR-AR,20260923,global,1451,8,0.9000689179875948,0.0,0.9050589050589051,0.9138525155065472,0.25,0.9175329175329175,0.08499999999999996,,
Tox21_NR-AR,20260923,aps,1451,8,1.0,1.0,1.0,1.9965541006202618,1.875,1.9972279972279972,0.08499999999999996,0.9249463902787706,0.23076923076923078
Tox21_NR-AR,20260923,mondrian_predclass,1451,8,0.9000689179875948,0.0,0.9050589050589051,0.9138525155065472,0.25,0.9175329175329175,0.08499999999999996,,
Tox21_NR-AR,20260923,mondrian_nnsim,1451,8,0.9000689179875948,0.0,0.9050589050589051,0.9138525155065472,0.25,0.9175329175329175,0.08499999999999996,,
Tox21_NR-AR,20268842,global,1451,10,0.8952446588559614,0.0,0.9014573213046495,0.9152308752584425,0.3,0.919500346981263,0.07999999999999996,,
Tox21_NR-AR,20268842,aps,1451,10,1.0,1.0,1.0,1.9972432804962095,2.0,1.9972241498959056,0.07999999999999996,0.9312092686459088,0.18571428571428572
Tox21_NR-AR,20268842,mondrian_predclass,1451,10,0.8952446588559614,0.0,0.9014573213046495,0.9152308752584425,0.3,0.919500346981263,0.07999999999999996,,
Tox21_NR-AR,20268842,mondrian_nnsim,1451,10,0.8952446588559614,0.0,0.9014573213046495,0.9152308752584425,0.3,0.919500346981263,0.07999999999999996,,
Tox21_NR-AR,20276761,global,1451,8,0.912474155754652,0.0,0.9175329175329175,0.926946933149552,0.125,0.9313929313929314,0.08499999999999996,,
Tox21_NR-AR,20276761,aps,1451,8,1.0,1.0,1.0,1.9986216402481047,2.0,1.9986139986139986,0.08499999999999996,0.9359886201991465,0.17777777777777778
Tox21_NR-AR,20276761,mondrian_predclass,1451,8,0.912474155754652,0.0,0.9175329175329175,0.926946933149552,0.125,0.9313929313929314,0.08499999999999996,,
Tox21_NR-AR,20276761,mondrian_nnsim,1451,8,0.9166092350103378,0.125,0.920997920997921,0.9310820124052378,0.25,0.9348579348579349,0.08499999999999996,,
Tox21_NR-AR,20284680,global,1451,7,0.8993797381116472,0.14285714285714285,0.9030470914127424,0.9172984148862853,0.42857142857142855,0.9196675900277008,0.07908333333333328,,
Tox21_NR-AR,20284680,aps,1451,7,1.0,1.0,1.0,1.9875947622329428,1.7142857142857142,1.9889196675900278,0.07908333333333328,0.9316546762589928,0.16393442622950818
Tox21_NR-AR,20284680,mondrian_predclass,1451,7,0.8993797381116472,0.14285714285714285,0.9030470914127424,0.9172984148862853,0.42857142857142855,0.9196675900277008,0.07908333333333328,,
Tox21_NR-AR,20284680,mondrian_nnsim,1451,7,0.9048931771192281,0.14285714285714285,0.9085872576177285,0.923501033769814,0.42857142857142855,0.9259002770083102,0.07908333333333328,,
Tox21_NR-AR,20292599,global,1451,6,0.8973121984838043,0.0,0.9010380622837371,0.9131633356305996,0.0,0.916955017301038,0.07999999999999996,,
Tox21_NR-AR,20292599,aps,1451,6,1.0,1.0,1.0,1.997932460372157,2.0,1.997923875432526,0.07999999999999996,0.9294456443484521,0.1774193548387097
Tox21_NR-AR,20292599,mondrian_predclass,1451,6,0.8973121984838043,0.0,0.9010380622837371,0.9131633356305996,0.0,0.916955017301038,0.07999999999999996,,
Tox21_NR-AR,20292599,mondrian_nnsim,1451,6,0.8973121984838043,0.0,0.9010380622837371,0.9131633356305996,0.0,0.916955017301038,0.07999999999999996,,
Tox21_NR-AR,20300518,global,1451,8,0.9035148173673329,0.0,0.9085239085239085,0.9255685733976567,0.5,0.9279279279279279,0.06999999999999995,,
Tox21_NR-AR,20300518,aps,1451,8,1.0,1.0,1.0,1.9993108201240524,2.0,1.9993069993069994,0.06999999999999995,0.9368269921033741,0.10344827586206896
Tox21_NR-AR,20300518,mondrian_predclass,1451,8,0.9035148173673329,0.0,0.9085239085239085,0.9255685733976567,0.5,0.9279279279279279,0.06999999999999995,,
Tox21_NR-AR,20300518,mondrian_nnsim,1451,8,0.9035148173673329,0.0,0.9085239085239085,0.9255685733976567,0.5,0.9279279279279279,0.06999999999999995,,
Tox21_NR-AR,20308437,global,1451,8,0.9055823569951758,0.125,0.9099099099099099,0.9207443142660234,0.125,0.9251559251559252,0.07999999999999996,,
Tox21_NR-AR,20308437,aps,1451,8,0.9993108201240524,1.0,0.9993069993069993,1.9965541006202618,1.875,1.9972279972279972,0.07999999999999996,0.9410496046010065,0.08333333333333333
Tox21_NR-AR,20308437,mondrian_predclass,1451,8,0.9055823569951758,0.125,0.9099099099099099,0.9207443142660234,0.125,0.9251559251559252,0.07999999999999996,,
Tox21_NR-AR,20308437,mondrian_nnsim,1451,8,0.9083390764989663,0.375,0.9112959112959113,0.923501033769814,0.375,0.9265419265419266,0.07999999999999996,,
Tox21_NR-AR,20316356,global,1451,7,0.90144727773949,0.0,0.9058171745152355,0.9221226740179187,0.42857142857142855,0.9245152354570637,0.08499999999999996,,
Tox21_NR-AR,20316356,aps,1451,7,1.0,1.0,1.0,1.9993108201240524,2.0,1.9993074792243768,0.08499999999999996,0.9351585014409222,0.15873015873015872
Tox21_NR-AR,20316356,mondrian_predclass,1451,7,0.90144727773949,0.0,0.9058171745152355,0.9221226740179187,0.42857142857142855,0.9245152354570637,0.08499999999999996,,
Tox21_NR-AR,20316356,mondrian_nnsim,1451,7,0.9000689179875948,0.0,0.9044321329639889,0.9207443142660234,0.42857142857142855,0.9231301939058172,0.08499999999999996,,
Tox21_NR-AR,20324275,global,1451,6,0.9042039972432805,0.0,0.9079584775086506,0.923501033769814,0.16666666666666666,0.9266435986159169,0.07499999999999996,,
Tox21_NR-AR,20324275,aps,1451,6,1.0,1.0,1.0,1.9937973811164713,1.5,1.9958477508650518,0.07499999999999996,0.9372294372294372,0.2
Tox21_NR-AR,20324275,mondrian_predclass,1451,6,0.9042039972432805,0.0,0.9079584775086506,0.923501033769814,0.16666666666666666,0.9266435986159169,0.07499999999999996,,
Tox21_NR-AR,20324275,mondrian_nnsim,1451,6,0.9055823569951758,0.16666666666666666,0.9086505190311419,0.9248793935217091,0.3333333333333333,0.9273356401384083,0.07499999999999996,,
Tox21_NR-AR,20332194,global,1451,4,0.9097174362508614,0.0,0.912232204561161,0.9303928325292902,0.5,0.9315825846579129,0.06999999999999995,,
Tox21_NR-AR,20332194,aps,1451,4,1.0,1.0,1.0,1.994486560992419,2.0,1.9944713199723565,0.06999999999999995,0.9424874191229331,0.15
Tox21_NR-AR,20332194,mondrian_predclass,1451,4,0.9097174362508614,0.0,0.912232204561161,0.9303928325292902,0.5,0.9315825846579129,0.06999999999999995,,
Tox21_NR-AR,20332194,mondrian_nnsim,1451,4,0.9042039972432805,0.0,0.9067035245335177,0.9248793935217091,0.5,0.9260539046302695,0.06999999999999995,,
HIV,20260923,global,8224,38,0.8982247081712063,0.02631578947368421,0.9022721720009773,0.91318093385214,0.10526315789473684,0.9169313462008307,0.050000000000000044,,
HIV,20260923,aps,8224,38,0.9998784046692607,0.9736842105263158,1.0,1.9990272373540856,1.9736842105263157,1.9991448815050086,0.050000000000000044,0.9320363820111167,0.02922077922077922
HIV,20260923,mondrian_predclass,8224,38,0.8982247081712063,0.02631578947368421,0.9022721720009773,0.91318093385214,0.10526315789473684,0.9169313462008307,0.050000000000000044,,
HIV,20260923,mondrian_nnsim,8224,38,0.9005350194552529,0.02631578947368421,0.9045932079159541,0.915612840466926,0.13157894736842105,0.9192523821158075,0.050000000000000044,,
HIV,20268842,global,8224,38,0.9081955252918288,0.05263157894736842,0.9121671145858783,0.919260700389105,0.15789473684210525,0.9227950158807721,0.05500000000000005,,
HIV,20268842,aps,8224,38,1.0,1.0,1.0,1.9998784046692606,2.0,1.9998778402150013,0.05500000000000005,0.9362449799196787,0.03515625
HIV,20268842,mondrian_predclass,8224,38,0.9081955252918288,0.05263157894736842,0.9121671145858783,0.919260700389105,0.15789473684210525,0.9227950158807721,0.05500000000000005,,
HIV,20268842,mondrian_nnsim,8224,38,0.9106274319066148,0.07894736842105263,0.9144881505008551,0.922057392996109,0.23684210526315788,0.9252382115807476,0.05500000000000005,,
HIV,20276761,global,8224,34,0.9142752918287937,0.0,0.918070818070818,0.9276507782101168,0.23529411764705882,0.9305250305250305,0.05500000000000005,,
HIV,20276761,aps,8224,34,1.0,1.0,1.0,1.999635214007782,2.0,1.9996336996336996,0.05500000000000005,0.9469238527483611,0.0273972602739726
HIV,20276761,mondrian_predclass,8224,34,0.9142752918287937,0.0,0.918070818070818,0.9276507782101168,0.23529411764705882,0.9305250305250305,0.05500000000000005,,
HIV,20276761,mondrian_nnsim,8224,34,0.9113570038910506,0.029411764705882353,0.915018315018315,0.9247324902723736,0.29411764705882354,0.9273504273504274,0.05500000000000005,,
HIV,20284680,global,8224,37,0.9044260700389105,0.05405405405405406,0.9082692072798338,0.9162208171206225,0.2702702702702703,0.9191401001587883,0.05500000000000005,,
HIV,20284680,aps,8224,37,1.0,1.0,1.0,1.999635214007782,1.972972972972973,1.999755710272383,0.05500000000000005,0.9369482976040353,0.027210884353741496
HIV,20284680,mondrian_predclass,8224,37,0.9044260700389105,0.05405405405405406,0.9082692072798338,0.9162208171206225,0.2702702702702703,0.9191401001587883,0.05500000000000005,,
HIV,20284680,mondrian_nnsim,8224,37,0.9063715953307393,0.08108108108108109,0.9101013802369611,0.9181663424124513,0.2972972972972973,0.9209722731159155,0.05500000000000005,,
HIV,20292599,global,8224,41,0.9032101167315175,0.024390243902439025,0.9076133447390933,0.9160992217898832,0.1951219512195122,0.9197115972137357,0.050000000000000044,,
HIV,20292599,aps,8224,41,1.0,1.0,1.0,2.0,2.0,2.0,0.050000000000000044,0.9340133484447802,0.038869257950530034
HIV,20292599,mondrian_predclass,8224,41,0.9032101167315175,0.024390243902439025,0.9076133447390933,0.9160992217898832,0.1951219512195122,0.9197115972137357,0.050000000000000044,,
HIV,20292599,mondrian_nnsim,8224,41,0.9064931906614786,0.04878048780487805,0.9107906635708175,0.9196254863813229,0.2682926829268293,0.9228889160454601,0.050000000000000044,,
HIV,20300518,global,8224,29,0.8977383268482491,0.13793103448275862,0.9004270896888347,0.9112354085603113,0.20689655172413793,0.9137278828553996,0.050000000000000044,,
HIV,20300518,aps,8224,29,1.0,1.0,1.0,1.999635214007782,2.0,1.999633923123856,0.050000000000000044,0.9298046628859483,0.01730103806228374
HIV,20300518,mondrian_predclass,8224,29,0.8977383268482491,0.13793103448275862,0.9004270896888347,0.9112354085603113,0.20689655172413793,0.9137278828553996,0.050000000000000044,,
HIV,20300518,mondrian_nnsim,8224,29,0.9002918287937743,0.13793103448275862,0.9029896278218426,0.9137889105058365,0.20689655172413793,0.9162904209884075,0.050000000000000044,,
HIV,20308437,global,8224,40,0.9027237354085603,0.025,0.9070136852394917,0.9167071984435797,0.3,0.9197214076246334,0.05500000000000005,,
HIV,20308437,aps,8224,40,1.0,1.0,1.0,2.0,2.0,2.0,0.05500000000000005,0.9348291945039707,0.027491408934707903
HIV,20308437,mondrian_predclass,8224,40,0.9027237354085603,0.025,0.9070136852394917,0.9167071984435797,0.3,0.9197214076246334,0.05500000000000005,,
HIV,20308437,mondrian_nnsim,8224,40,0.900170233463035,0.075,0.9042033235581622,0.9140321011673151,0.375,0.9166666666666666,0.05500000000000005,,
HIV,20316356,global,8224,38,0.9028453307392996,0.05263157894736842,0.906792084045932,0.9163424124513618,0.21052631578947367,0.9196188614708039,0.050000000000000044,,
HIV,20316356,aps,8224,38,1.0,1.0,1.0,1.9998784046692606,2.0,1.9998778402150013,0.050000000000000044,0.932855526216522,0.02214022140221402
HIV,20316356,mondrian_predclass,8224,38,0.9028453307392996,0.05263157894736842,0.906792084045932,0.9163424124513618,0.21052631578947367,0.9196188614708039,0.050000000000000044,,
HIV,20316356,mondrian_nnsim,8224,38,0.9046692607003891,0.07894736842105263,0.908502321035915,0.9184095330739299,0.2894736842105263,0.9213290984607867,0.050000000000000044,,
HIV,20324275,global,8224,31,0.9049124513618677,0.0,0.9083363847186623,0.9187743190661478,0.16129032258064516,0.9216404247528378,0.050000000000000044,,
HIV,20324275,aps,8224,31,0.9998784046692607,1.0,0.9998779445868424,1.9995136186770428,2.0,1.9995117783473697,0.050000000000000044,0.936130007558579,0.038461538461538464
HIV,20324275,mondrian_predclass,8224,31,0.9049124513618677,0.0,0.9083363847186623,0.9187743190661478,0.16129032258064516,0.9216404247528378,0.050000000000000044,,
HIV,20324275,mondrian_nnsim,8224,31,0.9057636186770428,0.06451612903225806,0.9089466617844502,0.9196254863813229,0.22580645161290322,0.9222507018186257,0.050000000000000044,,
HIV,20332194,global,8224,40,0.9040612840466926,0.025,0.908357771260997,0.9178015564202334,0.225,0.9211876832844574,0.05500000000000005,,
HIV,20332194,aps,8224,40,1.0,1.0,1.0,1.9998784046692606,1.975,2.0,0.05500000000000005,0.9372395504482889,0.04262295081967213
HIV,20332194,mondrian_predclass,8224,40,0.9040612840466926,0.025,0.908357771260997,0.9178015564202334,0.225,0.9211876832844574,0.05500000000000005,,
HIV,20332194,mondrian_nnsim,8224,40,0.9071011673151751,0.05,0.9112903225806451,0.9213278210116731,0.325,0.9242424242424242,0.05500000000000005,,
