method,group_def,side,coverage_mean,coverage_sd,n_mean,k_sum,n_sum,width_mean,rmse_mean,ci_lo,ci_hi,dataset
cluster,defA,all,0.9065182829888713,0.013041304432663098,629.0,5702,6290,2.6353282218536505,0.7664745397077214,0.8990740151682618,0.9134663123026233,CHEMBL233_Ki
cluster,defA,cliff,0.8182781164329679,0.06082471952858994,52.9,432,529,2.7445486161399653,1.0105388976721084,0.7814167242435826,0.8472881080369898,CHEMBL233_Ki
cluster,defA,noncliff,0.9148129387113236,0.011890775538277039,576.1,5270,5761,2.626175377167546,0.7391988119430464,0.9072822589756708,0.9217084485983817,CHEMBL233_Ki
cluster,defB_oracle,all,0.9065182829888713,0.013041304432663098,629.0,5702,6290,2.6353282218536505,0.7664745397077214,0.8990740151682618,0.9134663123026233,CHEMBL233_Ki
cluster,defB_oracle,cliff,0.7018199494132172,0.09865087692763995,26.0,183,260,2.7659429613946083,1.1832882244058804,0.6457081478042653,0.7560482724103351,CHEMBL233_Ki
cluster,defB_oracle,noncliff,0.9152727171873684,0.01169929269048464,603.0,5519,6030,2.629810054008816,0.7423264390756826,0.9079606291154333,0.9220247183913285,CHEMBL233_Ki
cluster,defC_proxy,all,0.9065182829888713,0.013041304432663098,629.0,5702,6290,2.6353282218536505,0.7664745397077214,0.8990740151682618,0.9134663123026233,CHEMBL233_Ki
cluster,defC_proxy,cliff,0.8407264957264957,0.13729475236584776,8.6,73,86,2.892756423433672,1.0429754841404653,0.7583643480040613,0.9094787701686765,CHEMBL233_Ki
cluster,defC_proxy,noncliff,0.9073067895265279,0.012908946214049257,620.4,5629,6204,2.631291247385194,0.7610461629690075,0.8998477481413457,0.9142838680613835,CHEMBL233_Ki
global,defA,all,0.8960254372019077,0.012296474838175484,629.0,5636,6290,2.5216154121260352,0.7664745397077214,0.8882391101856528,0.9033283343704577,CHEMBL233_Ki
global,defA,cliff,0.7909236684384336,0.05475721706407622,52.9,419,529,2.5216154121260352,1.0105388976721084,0.7554321131159035,0.8244777172563259,CHEMBL233_Ki
global,defA,noncliff,0.9056090444169739,0.011733223228391794,576.1,5217,5761,2.5216154121260352,0.7391988119430464,0.8977482563254469,0.9128551285863646,CHEMBL233_Ki
global,defB_oracle,all,0.8960254372019077,0.012296474838175484,629.0,5636,6290,2.5216154121260352,0.7664745397077214,0.8882391101856528,0.9033283343704577,CHEMBL233_Ki
global,defB_oracle,cliff,0.658660792845926,0.09212550860147721,26.0,172,260,2.5216154121260352,1.1832882244058804,0.6020416775264725,0.7163313347190599,CHEMBL233_Ki
global,defB_oracle,noncliff,0.9061857092673437,0.012314959180486855,603.0,5464,6030,2.5216154121260352,0.7423264390756826,0.8985142407616298,0.9132405979141129,CHEMBL233_Ki
global,defC_proxy,all,0.8960254372019077,0.012296474838175484,629.0,5636,6290,2.5216154121260352,0.7664745397077214,0.8882391101856528,0.9033283343704577,CHEMBL233_Ki
global,defC_proxy,cliff,0.7854273504273503,0.14577354680683632,8.6,67,86,2.5216154121260352,1.0429754841404653,0.6805235720815125,0.853750922456678,CHEMBL233_Ki
global,defC_proxy,noncliff,0.8976722546232461,0.012654942392533048,620.4,5569,6204,2.5216154121260352,0.7610461629690075,0.8898564231180621,0.9049448025139653,CHEMBL233_Ki
knn_weighted,defA,all,0.895389507154213,0.013896199289928276,629.0,5632,6290,2.467470138966104,0.7664745397077214,0.887583250439822,0.902713110303272,CHEMBL233_Ki
knn_weighted,defA,cliff,0.8007236011420714,0.0539916019705945,52.9,423,529,2.524067632638221,1.0105388976721084,0.7634059751023586,0.8315177020108994,CHEMBL233_Ki
knn_weighted,defA,noncliff,0.9042188039319818,0.012839060307671445,576.1,5209,5761,2.462432283499551,0.7391988119430464,0.8963111286607327,0.9115168113209292,CHEMBL233_Ki
knn_weighted,defB_oracle,all,0.895389507154213,0.013896199289928276,629.0,5632,6290,2.467470138966104,0.7664745397077214,0.887583250439822,0.902713110303272,CHEMBL233_Ki
knn_weighted,defB_oracle,cliff,0.6729006045639987,0.11267090081875157,26.0,176,260,2.5227312050225295,1.1832882244058804,0.6178597703721045,0.7308344811349072,CHEMBL233_Ki
knn_weighted,defB_oracle,noncliff,0.9048592722057375,0.013706167592772704,603.0,5456,6030,2.4649510699980177,0.7423264390756826,0.8971420483285193,0.9119610799718023,CHEMBL233_Ki
knn_weighted,defC_proxy,all,0.895389507154213,0.013896199289928276,629.0,5632,6290,2.467470138966104,0.7664745397077214,0.887583250439822,0.902713110303272,CHEMBL233_Ki
knn_weighted,defC_proxy,cliff,0.7917307692307692,0.1418312785595198,8.6,68,86,2.5974288798322203,1.0429754841404653,0.6932340925568325,0.8633018392537823,CHEMBL233_Ki
knn_weighted,defC_proxy,noncliff,0.8968624306651011,0.013692735395306575,620.4,5564,6204,2.4652998362532483,0.7610461629690075,0.8890247917058115,0.9041655680453241,CHEMBL233_Ki
cluster,defA,all,0.9043715846994536,0.015957573285915506,732.0,6620,7320,2.2711293016251437,0.6818055643031775,0.8974210238419179,0.910897948283027,CHEMBL234_Ki
cluster,defA,cliff,0.8307947630868349,0.05182264663265257,46.0,381,460,2.3276160012342553,0.8535714872926651,0.7911120636702195,0.859972470187163,CHEMBL234_Ki
cluster,defA,noncliff,0.9093978946270902,0.014502648158692079,686.0,6239,6860,2.267729990130318,0.6687501515242192,0.9024541535895885,0.9160379449976148,CHEMBL234_Ki
cluster,defB_oracle,all,0.9043715846994536,0.015957573285915506,732.0,6620,7320,2.2711293016251437,0.6818055643031775,0.8974210238419179,0.910897948283027,CHEMBL234_Ki
cluster,defB_oracle,cliff,0.7588696581196581,0.08347895478476622,24.0,182,240,2.2483562191803443,0.9399901610967782,0.70037769496489,0.808149446398638,CHEMBL234_Ki
cluster,defB_oracle,noncliff,0.9092982540973795,0.014665807896236933,708.0,6438,7080,2.271803891790369,0.6711033022367232,0.9024095034680792,0.9157906261780899,CHEMBL234_Ki
cluster,defC_proxy,all,0.9043715846994536,0.015957573285915506,732.0,6620,7320,2.2711293016251437,0.6818055643031775,0.8974210238419179,0.910897948283027,CHEMBL234_Ki
cluster,defC_proxy,cliff,0.9032661782661784,0.11271913286882299,9.2,83,92,2.265479627648321,0.6160066496913763,0.8244322048381333,0.9476762429103883,CHEMBL234_Ki
cluster,defC_proxy,noncliff,0.9043816320316178,0.0159948087087435,722.8,6537,7228,2.2710148166199042,0.6822405105550315,0.8974043999885768,0.9109650911414615,CHEMBL234_Ki
global,defA,all,0.8995901639344263,0.017283205568623256,732.0,6585,7320,2.2518514374785275,0.6818055643031775,0.8924942033675308,0.9062669430735043,CHEMBL234_Ki
global,defA,cliff,0.8225422094887642,0.041163053383972484,46.0,378,460,2.2518514374785275,0.8535714872926651,0.7841423780584824,0.854006701483853,CHEMBL234_Ki
global,defA,noncliff,0.9046887769836648,0.01669165620701388,686.0,6207,6860,2.2518514374785275,0.6687501515242192,0.8976373908576458,0.9115304830393507,CHEMBL234_Ki
global,defB_oracle,all,0.8995901639344263,0.017283205568623256,732.0,6585,7320,2.2518514374785275,0.6818055643031775,0.8924942033675308,0.9062669430735043,CHEMBL234_Ki
global,defB_oracle,cliff,0.7498317053317053,0.06509027913433264,24.0,180,240,2.2518514374785275,0.9399901610967782,0.6915695792009672,0.8005534608282535,CHEMBL234_Ki
global,defB_oracle,noncliff,0.9046402893609056,0.01564519498692102,708.0,6405,7080,2.2518514374785275,0.6711033022367232,0.8975990673352893,0.911284083608905,CHEMBL234_Ki
global,defC_proxy,all,0.8995901639344263,0.017283205568623256,732.0,6585,7320,2.2518514374785275,0.6818055643031775,0.8924942033675308,0.9062669430735043,CHEMBL234_Ki
global,defC_proxy,cliff,0.9267521367521369,0.0791626086880477,9.2,85,92,2.2518514374785275,0.6160066496913763,0.8511875992283273,0.9626564402903846,CHEMBL234_Ki
global,defC_proxy,noncliff,0.8992661728334962,0.017656096528187587,722.8,6500,7228,2.2518514374785275,0.6822405105550315,0.89212894114925,0.9060080247766108,CHEMBL234_Ki
knn_weighted,defA,all,0.8868852459016393,0.01614875064429982,732.0,6492,7320,2.0475303637463815,0.6818055643031775,0.8794255745089472,0.8939390636862703,CHEMBL234_Ki
knn_weighted,defA,cliff,0.8104421113979974,0.04230389942628078,46.0,372,460,2.133360403400207,0.8535714872926651,0.7702532391556627,0.842024931756578,CHEMBL234_Ki
knn_weighted,defA,noncliff,0.8920465112031277,0.014309571195226661,686.0,6120,6860,2.0420571159564194,0.6687501515242192,0.8845666222674595,0.8992510157530378,CHEMBL234_Ki
knn_weighted,defB_oracle,all,0.8868852459016393,0.01614875064429982,732.0,6492,7320,2.0475303637463815,0.6818055643031775,0.8794255745089472,0.8939390636862703,CHEMBL234_Ki
knn_weighted,defB_oracle,cliff,0.7349608262108263,0.07782459954990537,24.0,176,240,2.1111375750985166,0.9399901610967782,0.67403117563904,0.7852836617215657,CHEMBL234_Ki
knn_weighted,defB_oracle,noncliff,0.89208678972406,0.014320910930321605,708.0,6316,7080,2.0453408123139214,0.6711033022367232,0.8846494714984475,0.8991060702192079,CHEMBL234_Ki
knn_weighted,defC_proxy,all,0.8868852459016393,0.01614875064429982,732.0,6492,7320,2.0475303637463815,0.6818055643031775,0.8794255745089472,0.8939390636862703,CHEMBL234_Ki
knn_weighted,defC_proxy,cliff,0.8981807081807082,0.0988904744473809,9.2,83,92,2.0861647680961015,0.6160066496913763,0.8244322048381333,0.9476762429103883,CHEMBL234_Ki
knn_weighted,defC_proxy,noncliff,0.8866891422080923,0.01661140056905972,722.8,6409,7228,2.046921967173403,0.6822405105550315,0.8791769791971019,0.8937935058211867,CHEMBL234_Ki
cluster,defA,all,0.9016129032258065,0.01235389816459792,620.0,5590,6200,2.738248329737159,0.8005226684856238,0.8939487085479685,0.9087797352808753,CHEMBL244_Ki
cluster,defA,cliff,0.8213401551878272,0.04867360430420063,58.6,479,586,2.8028253664048712,1.0134874872731103,0.784092933433783,0.8465850130499419,CHEMBL244_Ki
cluster,defA,noncliff,0.9103884354763689,0.011279915786204527,561.4,5111,5614,2.731732956031124,0.7733690526804515,0.9026482573965339,0.9175956091805265,CHEMBL244_Ki
cluster,defB_oracle,all,0.9016129032258065,0.01235389816459792,620.0,5590,6200,2.738248329737159,0.8005226684856238,0.8939487085479685,0.9087797352808753,CHEMBL244_Ki
cluster,defB_oracle,cliff,0.7344305435666005,0.0902170907881234,29.7,218,297,2.7946078557505,1.1619491855457942,0.6809990145006694,0.7810383673977012,CHEMBL244_Ki
cluster,defB_oracle,noncliff,0.9100348388589466,0.011824114920276787,590.3,5372,5903,2.735429369176246,0.7771884953175074,0.9024777267287697,0.9170804133954972,CHEMBL244_Ki
cluster,defC_proxy,all,0.9016129032258065,0.01235389816459792,620.0,5590,6200,2.738248329737159,0.8005226684856238,0.8939487085479685,0.9087797352808753,CHEMBL244_Ki
cluster,defC_proxy,cliff,0.8542446524064171,0.09532978084521974,14.7,126,147,2.874372634147452,0.9332712521939088,0.7914691424459974,0.9046259551545497,CHEMBL244_Ki
cluster,defC_proxy,noncliff,0.9026939591251175,0.011248143729340722,605.3,5464,6053,2.7349067435089385,0.7968636624392893,0.8949691836805217,0.9099057718791034,CHEMBL244_Ki
global,defA,all,0.8938709677419355,0.019035599002068665,620.0,5542,6200,2.5990174453061052,0.8005226684856238,0.8859589049635846,0.9012952556107273,CHEMBL244_Ki
global,defA,cliff,0.7987279118640254,0.05857808587232085,58.6,466,586,2.5990174453061057,1.0134874872731103,0.7606762952773692,0.8259220097854502,CHEMBL244_Ki
global,defA,noncliff,0.904132704913942,0.015440923658628182,561.4,5076,5614,2.5990174453061052,0.7733690526804515,0.8961894432803599,0.9115941215040804,CHEMBL244_Ki
global,defB_oracle,all,0.8938709677419355,0.019035599002068665,620.0,5542,6200,2.5990174453061052,0.8005226684856238,0.8859589049635846,0.9012952556107273,CHEMBL244_Ki
global,defB_oracle,cliff,0.698543868848404,0.09649059444052817,29.7,209,297,2.5990174453061052,1.1619491855457942,0.6494385578599737,0.7527666450875288,CHEMBL244_Ki
global,defB_oracle,noncliff,0.9034749640635507,0.017280444945948267,590.3,5333,5903,2.5990174453061052,0.7771884953175074,0.89563980521433,0.9107133080705045,CHEMBL244_Ki
global,defC_proxy,all,0.8938709677419355,0.019035599002068665,620.0,5542,6200,2.5990174453061052,0.8005226684856238,0.8859589049635846,0.9012952556107273,CHEMBL244_Ki
global,defC_proxy,cliff,0.8224027035056446,0.1192310446921821,14.7,121,147,2.5990174453061052,0.9332712521939088,0.7534560867727113,0.876344239627784,CHEMBL244_Ki
global,defC_proxy,noncliff,0.8956136126684209,0.018035860595427722,605.3,5421,6053,2.5990174453061052,0.7968636624392893,0.8876328856397053,0.9030432501910728,CHEMBL244_Ki
knn_weighted,defA,all,0.8893548387096774,0.013129732353001885,620.0,5514,6200,2.5450067057378147,0.8005226684856238,0.8813041521603151,0.8969233431821866,CHEMBL244_Ki
knn_weighted,defA,cliff,0.7755516173165671,0.05138874798962251,58.6,452,586,2.5232341516712595,1.0134874872731103,0.735625360136965,0.803502561857187,CHEMBL244_Ki
knn_weighted,defA,noncliff,0.9016356890632311,0.010285109565434214,561.4,5062,5614,2.547153283854585,0.7733690526804515,0.8936087507834796,0.9091906932839124,CHEMBL244_Ki
knn_weighted,defB_oracle,all,0.8893548387096774,0.013129732353001885,620.0,5514,6200,2.5450067057378147,0.8005226684856238,0.8813041521603151,0.8969233431821866,CHEMBL244_Ki
knn_weighted,defB_oracle,cliff,0.6658167791104448,0.08767746311652935,29.7,198,297,2.5253039279422445,1.1619491855457942,0.6112271875354468,0.7178497966943279,CHEMBL244_Ki
knn_weighted,defB_oracle,noncliff,0.9005583745941577,0.011923705253343192,590.3,5316,5903,2.5459097885045017,0.7771884953175074,0.8926626058769006,0.9079344700676685,CHEMBL244_Ki
knn_weighted,defC_proxy,all,0.8893548387096774,0.013129732353001885,620.0,5514,6200,2.5450067057378147,0.8005226684856238,0.8813041521603151,0.8969233431821866,CHEMBL244_Ki
knn_weighted,defC_proxy,cliff,0.8314936125965537,0.1145454957547688,14.7,122,147,2.584451124277049,0.9332712521939088,0.7609894313410643,0.8820698492994412,CHEMBL244_Ki
knn_weighted,defC_proxy,noncliff,0.8908178519917888,0.013265932182668501,605.3,5392,6053,2.544050724953296,0.7968636624392893,0.8826914772516338,0.8984087103899224,CHEMBL244_Ki
cluster,defA,all,0.9045180722891566,0.023116366089578233,664.0,6006,6640,2.3550744429675823,0.688725282807906,0.8972137570298016,0.9113546041052862,CHEMBL214_Ki
cluster,defA,cliff,0.7792433301350571,0.06220051347808679,48.8,379,488,2.3626204198651175,0.9704354730600544,0.7376067940477056,0.8113505887792498,CHEMBL214_Ki
cluster,defA,noncliff,0.9146412844168603,0.021885142062252484,615.2,5627,6152,2.354477562005498,0.6610060808009364,0.9074191314948215,0.9213871387981463,CHEMBL214_Ki
cluster,defB_oracle,all,0.9045180722891566,0.023116366089578233,664.0,6006,6640,2.3550744429675823,0.688725282807906,0.8972137570298016,0.9113546041052862,CHEMBL214_Ki
cluster,defB_oracle,cliff,0.675582772206758,0.0720349017358045,26.2,177,262,2.370941081488627,1.1158157237160888,0.6167012272124519,0.7293696994523484,CHEMBL214_Ki
cluster,defB_oracle,noncliff,0.9138299120992613,0.021360276312363227,637.8,5829,6378,2.355228915701697,0.6653753505447232,0.9067878437623786,0.9205595659264378,CHEMBL214_Ki
cluster,defC_proxy,all,0.9045180722891566,0.023116366089578233,664.0,6006,6640,2.3550744429675823,0.688725282807906,0.8972137570298016,0.9113546041052862,CHEMBL214_Ki
cluster,defC_proxy,cliff,0.7968939393939394,0.1695076392415659,7.9,64,79,2.407445993856881,0.9294344690450002,0.7100735815818702,0.8814176922024057,CHEMBL214_Ki
cluster,defC_proxy,noncliff,0.9056276455117007,0.022888625739196526,656.1,5942,6561,2.354707699582149,0.6850782680516418,0.8983423243048934,0.9124921845540948,CHEMBL214_Ki
global,defA,all,0.8938253012048193,0.025243068447338608,664.0,5935,6640,2.247019544235726,0.688725282807906,0.8861865308419167,0.9010086532117897,CHEMBL214_Ki
global,defA,cliff,0.7442473090273529,0.048769409107657265,48.8,362,488,2.247019544235726,0.9704354730600544,0.7011914061689772,0.7786380099316208,CHEMBL214_Ki
global,defA,noncliff,0.9058345208701019,0.02512016285261391,615.2,5573,6152,2.2470195442357266,0.6610060808009364,0.8983324807096594,0.9129294780992546,CHEMBL214_Ki
global,defB_oracle,all,0.8938253012048193,0.025243068447338608,664.0,5935,6640,2.247019544235726,0.688725282807906,0.8861865308419167,0.9010086532117897,CHEMBL214_Ki
global,defB_oracle,cliff,0.6390434316359773,0.0731293736152838,26.2,168,262,2.2470195442357266,1.1158157237160888,0.5814873354967,0.6968740620380308,CHEMBL214_Ki
global,defB_oracle,noncliff,0.9040770184382078,0.024190794833009052,637.8,5767,6378,2.247019544235726,0.6653753505447232,0.8967337288103169,0.911183552317626,CHEMBL214_Ki
global,defC_proxy,all,0.8938253012048193,0.025243068447338608,664.0,5935,6640,2.247019544235726,0.688725282807906,0.8861865308419167,0.9010086532117897,CHEMBL214_Ki
global,defC_proxy,cliff,0.771497113997114,0.1421010710576337,7.9,62,79,2.2470195442357266,0.9294344690450002,0.682128319163289,0.8610779526794132,CHEMBL214_Ki
global,defC_proxy,noncliff,0.8951441825233344,0.025334038758807974,656.1,5873,6561,2.2470195442357266,0.6850782680516418,0.8874918852772368,0.9023215523394931,CHEMBL214_Ki
knn_weighted,defA,all,0.8873493975903614,0.023936888466161634,664.0,5892,6640,2.1939739807381415,0.688725282807906,0.8795197024342385,0.8947311631053916,CHEMBL214_Ki
knn_weighted,defA,cliff,0.7407737676532296,0.0553708062083998,48.8,361,488,2.2571813482913723,0.9704354730600544,0.6990596165955208,0.7767034485211738,CHEMBL214_Ki
knn_weighted,defA,noncliff,0.8989965254901608,0.02388578574464917,615.2,5531,6152,2.1888677124125757,0.6610060808009364,0.8912785669445147,0.9063378162656912,CHEMBL214_Ki
knn_weighted,defB_oracle,all,0.8873493975903614,0.023936888466161634,664.0,5892,6640,2.1939739807381415,0.688725282807906,0.8795197024342385,0.8947311631053916,CHEMBL214_Ki
knn_weighted,defB_oracle,cliff,0.6341957449994975,0.09910699948478278,26.2,168,262,2.260606885680313,1.1158157237160888,0.5814873354967,0.6968740620380308,CHEMBL214_Ki
knn_weighted,defB_oracle,noncliff,0.8973282180628528,0.0228909596947089,637.8,5724,6378,2.1913431866218134,0.6653753505447232,0.8897742506477452,0.9046672961557206,CHEMBL214_Ki
knn_weighted,defC_proxy,all,0.8873493975903614,0.023936888466161634,664.0,5892,6640,2.1939739807381415,0.688725282807906,0.8795197024342385,0.8947311631053916,CHEMBL214_Ki
knn_weighted,defC_proxy,cliff,0.7726082251082251,0.16480771515832124,7.9,62,79,2.293474663182101,0.9294344690450002,0.682128319163289,0.8610779526794132,CHEMBL214_Ki
knn_weighted,defC_proxy,noncliff,0.8885827954648235,0.023912119225936748,656.1,5830,6561,2.1929519332380627,0.6850782680516418,0.8807419781649992,0.8959713715761204,CHEMBL214_Ki
cluster,defA,all,0.9071290944123314,0.020688374489698902,519.0,4708,5190,2.4232613120284388,0.7028501623197403,0.8989285781640746,0.9147273706179178,CHEMBL236_Ki
cluster,defA,cliff,0.8432578101985202,0.06101994691607085,54.0,454,540,2.522584887324343,0.9147458331664339,0.8074863029088628,0.8691814906756836,CHEMBL236_Ki
cluster,defA,noncliff,0.9147973171745246,0.019709505283594716,465.0,4254,4650,2.4118906310714223,0.6731849785074348,0.9064696928912814,0.9225228789737763,CHEMBL236_Ki
cluster,defB_oracle,all,0.9071290944123314,0.020688374489698902,519.0,4708,5190,2.4232613120284388,0.7028501623197403,0.8989285781640746,0.9147273706179178,CHEMBL236_Ki
cluster,defB_oracle,cliff,0.7715824175824176,0.11258046257967497,24.6,188,246,2.5886906644920415,1.0670835102812934,0.7073735492885967,0.812956425622806,CHEMBL236_Ki
cluster,defB_oracle,noncliff,0.9142014319632945,0.018832412431445334,494.4,4520,4944,2.415391969946633,0.6785190567128161,0.9061091020408202,0.9217266388756381,CHEMBL236_Ki
cluster,defC_proxy,all,0.9071290944123314,0.020688374489698902,519.0,4708,5190,2.4232613120284388,0.7028501623197403,0.8989285781640746,0.9147273706179178,CHEMBL236_Ki
cluster,defC_proxy,cliff,0.7084733893557422,0.1347828297765824,9.3,68,93,2.660377009047545,1.1922481723212326,0.6332377843443057,0.8107869187491933,CHEMBL236_Ki
cluster,defC_proxy,noncliff,0.9103487647812306,0.02069938516963639,509.7,4640,5097,2.41905096126973,0.6912657819519035,0.9021840546031584,0.9178767204218122,CHEMBL236_Ki
global,defA,all,0.9026974951830443,0.019101184788648747,519.0,4685,5190,2.358119590227741,0.7028501623197403,0.8943341176170067,0.910465188087851,CHEMBL236_Ki
global,defA,cliff,0.8302354620379848,0.05420191350609361,54.0,448,540,2.3581195902277416,0.9147458331664339,0.7956182176820543,0.8589843217638653,CHEMBL236_Ki
global,defA,noncliff,0.911100795897051,0.018097427025730067,465.0,4237,4650,2.358119590227741,0.6731849785074348,0.9026631177328905,0.919023661637763,CHEMBL236_Ki
global,defB_oracle,all,0.9026974951830443,0.019101184788648747,519.0,4685,5190,2.358119590227741,0.7028501623197403,0.8943341176170067,0.910465188087851,CHEMBL236_Ki
global,defB_oracle,cliff,0.7440780798149219,0.10441589081253443,24.6,182,246,2.3581195902277416,1.0670835102812934,0.6816239743457341,0.7906755413430776,CHEMBL236_Ki
global,defB_oracle,noncliff,0.910729231384279,0.017309587443604266,494.4,4503,4944,2.358119590227741,0.6785190567128161,0.9025335882938431,0.9184304692263362,CHEMBL236_Ki
global,defC_proxy,all,0.9026974951830443,0.019101184788648747,519.0,4685,5190,2.358119590227741,0.7028501623197403,0.8943341176170067,0.910465188087851,CHEMBL236_Ki
global,defC_proxy,cliff,0.6413608776844071,0.12800239058930835,9.3,61,93,2.3581195902277416,1.1922481723212326,0.5549092077246491,0.7445493129663152,CHEMBL236_Ki
global,defC_proxy,noncliff,0.9071883928120308,0.01863702872286213,509.7,4624,5097,2.358119590227741,0.6912657819519035,0.8989251996732806,0.9148621006204447,CHEMBL236_Ki
knn_weighted,defA,all,0.9028901734104047,0.019293496062189965,519.0,4686,5190,2.317989163568955,0.7028501623197403,0.8945337680921901,0.910650609050804,CHEMBL236_Ki
knn_weighted,defA,cliff,0.8389435530146621,0.06232331697821426,54.0,453,540,2.411869860783967,0.9147458331664339,0.8055047841090631,0.8674854671190454,CHEMBL236_Ki
knn_weighted,defA,noncliff,0.9102771584548199,0.01705081490797731,465.0,4233,4650,2.306894803898392,0.6731849785074348,0.9017680657218478,0.9181997036501223,CHEMBL236_Ki
knn_weighted,defB_oracle,all,0.9028901734104047,0.019293496062189965,519.0,4686,5190,2.317989163568955,0.7028501623197403,0.8945337680921901,0.910650609050804,CHEMBL236_Ki
knn_weighted,defB_oracle,cliff,0.7398326585695008,0.10484428510460504,24.6,182,246,2.4208321165559683,1.0670835102812934,0.6816239743457341,0.7906755413430776,CHEMBL236_Ki
knn_weighted,defB_oracle,noncliff,0.9109594002558075,0.016485707315920646,494.4,4504,4944,2.3130933771070956,0.6785190567128161,0.9027438126442368,0.9186244615463118,CHEMBL236_Ki
knn_weighted,defC_proxy,all,0.9028901734104047,0.019293496062189965,519.0,4686,5190,2.317989163568955,0.7028501623197403,0.8945337680921901,0.910650609050804,CHEMBL236_Ki
knn_weighted,defC_proxy,cliff,0.6925910364145658,0.12277969298983842,9.3,66,93,2.4790704590656527,1.1922481723212326,0.6105740949932597,0.7921459845566579,CHEMBL236_Ki
knn_weighted,defC_proxy,noncliff,0.9063936192622679,0.01933227783412704,509.7,4620,5097,2.315186389422037,0.6912657819519035,0.8981109221051068,0.9141080095058071,CHEMBL236_Ki
cluster,defA,all,0.9098003629764065,0.016256453979419123,551.0,5013,5510,2.771495834564646,0.7996786254809651,0.9019481705639061,0.9170815446948795,CHEMBL204_Ki
cluster,defA,cliff,0.8475872677410912,0.05379933265940899,51.1,435,511,2.796265246956815,0.9911103394520007,0.8178038579481117,0.879498182999275,CHEMBL204_Ki
cluster,defA,noncliff,0.9158345861936713,0.015584028763313988,499.9,4578,4999,2.769408576941108,0.7771299586317447,0.9077617988818182,0.923165991698201,CHEMBL204_Ki
cluster,defB_oracle,all,0.9098003629764065,0.016256453979419123,551.0,5013,5510,2.771495834564646,0.7996786254809651,0.9019481705639061,0.9170815446948795,CHEMBL204_Ki
cluster,defB_oracle,cliff,0.7734002919175332,0.06180654959829062,25.7,200,257,2.7688604047516407,1.132127711991808,0.7235294134244115,0.8246963197336756,CHEMBL204_Ki
cluster,defB_oracle,noncliff,0.9162529132486095,0.016281447466104153,525.3,4813,5253,2.77114690959774,0.7795052658743951,0.9084391925882401,0.9234291515982379,CHEMBL204_Ki
cluster,defC_proxy,all,0.9098003629764065,0.016256453979419123,551.0,5013,5510,2.771495834564646,0.7996786254809651,0.9019481705639061,0.9170815446948795,CHEMBL204_Ki
cluster,defC_proxy,cliff,0.8500627150627149,0.08865415027025586,12.1,103,121,2.888455018784257,1.0930008667083997,0.7770809679977386,0.9037825912953552,CHEMBL204_Ki
cluster,defC_proxy,noncliff,0.9110849829755931,0.016779552594990324,538.9,4910,5389,2.769132606802638,0.7915596523369762,0.9032215368251485,0.9184232368687865,CHEMBL204_Ki
global,defA,all,0.9038112522686026,0.019073058403429436,551.0,4980,5510,2.673225599773582,0.7996786254809651,0.8957422854399509,0.911317553555088,CHEMBL204_Ki
global,defA,cliff,0.836319172278144,0.05815564021671824,51.1,429,511,2.673225599773582,0.9911103394520007,0.8051910208267459,0.8688028739051292,CHEMBL204_Ki
global,defA,noncliff,0.9103904171325958,0.018623787644664578,499.9,4551,4999,2.673225599773582,0.7771299586317447,0.9021457268902149,0.9179881977549182,CHEMBL204_Ki
global,defB_oracle,all,0.9038112522686026,0.019073058403429436,551.0,4980,5510,2.673225599773582,0.7996786254809651,0.8957422854399509,0.911317553555088,CHEMBL204_Ki
global,defB_oracle,cliff,0.7767600802773217,0.05978488558742695,25.7,200,257,2.6732255997735814,1.132127711991808,0.7235294134244115,0.8246963197336756,CHEMBL204_Ki
global,defB_oracle,noncliff,0.9099700153868084,0.01850008925922294,525.3,4780,5253,2.673225599773582,0.7795052658743951,0.9019129474195605,0.9174003291437053,CHEMBL204_Ki
global,defC_proxy,all,0.9038112522686026,0.019073058403429436,551.0,4980,5510,2.673225599773582,0.7996786254809651,0.8957422854399509,0.911317553555088,CHEMBL204_Ki
global,defC_proxy,cliff,0.8209718059718061,0.08595672807443908,12.1,99,121,2.673225599773582,1.0930008667083997,0.7400294816388653,0.8767528014854669,CHEMBL204_Ki
global,defC_proxy,noncliff,0.9056907821971114,0.018435364434270768,538.9,4881,5389,2.673225599773582,0.7915596523369762,0.8976409217065698,0.9132488538212066,CHEMBL204_Ki
knn_weighted,defA,all,0.9096188747731396,0.018345376439563497,551.0,5012,5510,2.6551673367463193,0.7996786254809651,0.9017599702871774,0.9169070214484644,CHEMBL204_Ki
knn_weighted,defA,cliff,0.8621965573702252,0.05472540373890276,51.1,442,511,2.7250740944155067,0.9911103394520007,0.8326014371772893,0.8918934410215275,CHEMBL204_Ki
knn_weighted,defA,noncliff,0.9141400874956263,0.019813966857101226,499.9,4570,4999,2.6479310411525554,0.7771299586317447,0.9060968326109181,0.9216327754698758,CHEMBL204_Ki
knn_weighted,defB_oracle,all,0.9096188747731396,0.018345376439563497,551.0,5012,5510,2.6551673367463193,0.7996786254809651,0.9017599702871774,0.9169070214484644,CHEMBL204_Ki
knn_weighted,defB_oracle,cliff,0.7946792556102901,0.08378868916342658,25.7,205,257,2.734075208753621,1.132127711991808,0.7443314676664614,0.8422317293488346,CHEMBL204_Ki
knn_weighted,defB_oracle,noncliff,0.9150903152581096,0.01914645907993999,525.3,4807,5253,2.6511251175646633,0.7795052658743951,0.9072517081433545,0.9223338964752666,CHEMBL204_Ki
knn_weighted,defC_proxy,all,0.9096188747731396,0.018345376439563497,551.0,5012,5510,2.6551673367463193,0.7996786254809651,0.9017599702871774,0.9169070214484644,CHEMBL204_Ki
knn_weighted,defC_proxy,cliff,0.8433960483960483,0.1121606253935375,12.1,102,121,2.898548856239042,1.0930008667083997,0.7677344176119717,0.8971088226389315,CHEMBL204_Ki
knn_weighted,defC_proxy,noncliff,0.9110801411038553,0.018136431896036687,538.9,4910,5389,2.6499510117475493,0.7915596523369762,0.9032215368251485,0.9184232368687865,CHEMBL204_Ki
cluster,defA,all,0.9017307692307692,0.014231635455272002,520.0,4689,5200,2.4893728994542488,0.7384203561733088,0.8933409241384561,0.909527501631538,CHEMBL237_Ki
cluster,defA,cliff,0.8124537739383276,0.05340269034041684,51.9,421,519,2.5403080048577666,0.9417584374618461,0.7752645288153954,0.8425135653865243,CHEMBL237_Ki
cluster,defA,noncliff,0.9116976133174642,0.015072834132720038,468.1,4268,4681,2.483499967425985,0.711984514943485,0.9033045885520028,0.9195621047790477,CHEMBL237_Ki
cluster,defB_oracle,all,0.9017307692307692,0.014231635455272002,520.0,4689,5200,2.4893728994542488,0.7384203561733088,0.8933409241384561,0.909527501631538,CHEMBL237_Ki
cluster,defB_oracle,cliff,0.7363771032741842,0.10034983434081388,22.1,160,221,2.5661875146765176,1.069718170248741,0.6615990556573178,0.7787111990406389,CHEMBL237_Ki
cluster,defB_oracle,noncliff,0.9096236844854179,0.013601830591437708,497.9,4529,4979,2.4862642483288733,0.7193526021230751,0.9013372208599348,0.917272007169847,CHEMBL237_Ki
cluster,defC_proxy,all,0.9017307692307692,0.014231635455272002,520.0,4689,5200,2.4893728994542488,0.7384203561733088,0.8933409241384561,0.909527501631538,CHEMBL237_Ki
cluster,defC_proxy,cliff,0.9089285714285713,0.11174880779831019,6.7,61,67,2.5367753771609864,0.720203006652496,0.8180724780033378,0.9583090493620113,CHEMBL237_Ki
cluster,defC_proxy,noncliff,0.9016284902368248,0.014961277270568916,513.3,4628,5133,2.488767641986366,0.7385667385700194,0.8931664878095165,0.9094668099186463,CHEMBL237_Ki
global,defA,all,0.8986538461538462,0.01636939022157414,520.0,4673,5200,2.429585635147782,0.7384203561733088,0.8901548092671131,0.906564313098228,CHEMBL237_Ki
global,defA,cliff,0.7966804842962592,0.06763277113340883,51.9,413,519,2.429585635147782,0.9417584374618461,0.7589637666197504,0.8282123167238702,CHEMBL237_Ki
global,defA,noncliff,0.9099612151304379,0.013171641522131272,468.1,4260,4681,2.429585635147782,0.711984514943485,0.9015264764397455,0.9179249465687898,CHEMBL237_Ki
global,defB_oracle,all,0.8986538461538462,0.01636939022157414,520.0,4673,5200,2.429585635147782,0.7384203561733088,0.8901548092671131,0.906564313098228,CHEMBL237_Ki
global,defB_oracle,cliff,0.6980640371181865,0.12541680428468135,22.1,152,221,2.429585635147782,1.069718170248741,0.6239187012353715,0.7452303001780669,CHEMBL237_Ki
global,defB_oracle,noncliff,0.9079951291846997,0.01175599642827714,497.9,4521,4979,2.429585635147782,0.7193526021230751,0.8996684519636582,0.9157297567848104,CHEMBL237_Ki
global,defC_proxy,all,0.8986538461538462,0.01636939022157414,520.0,4673,5200,2.429585635147782,0.7384203561733088,0.8901548092671131,0.906564313098228,CHEMBL237_Ki
global,defC_proxy,cliff,0.8579761904761904,0.09534063593594384,6.7,58,67,2.429585635147782,0.720203006652496,0.7639962773866296,0.927689083357045,CHEMBL237_Ki
global,defC_proxy,noncliff,0.8990943771244154,0.01634166873306162,513.3,4615,5133,2.429585635147782,0.7385667385700194,0.8905433085808142,0.9070285131005543,CHEMBL237_Ki
knn_weighted,defA,all,0.8978846153846154,0.01811847379616091,520.0,4669,5200,2.412224427038585,0.7384203561733088,0.8893586489041309,0.9058231476100472,CHEMBL237_Ki
knn_weighted,defA,cliff,0.8065070018673379,0.07201476009513127,51.9,418,519,2.4767664650077847,0.9417584374618461,0.7691423264167063,0.8371600137133512,CHEMBL237_Ki
knn_weighted,defA,noncliff,0.9080206891245013,0.014916539655494068,468.1,4251,4681,2.4048992504655113,0.711984514943485,0.8995271630754952,0.91608208082021,CHEMBL237_Ki
knn_weighted,defB_oracle,all,0.8978846153846154,0.01811847379616091,520.0,4669,5200,2.412224427038585,0.7384203561733088,0.8893586489041309,0.9058231476100472,CHEMBL237_Ki
knn_weighted,defB_oracle,cliff,0.7102000359636835,0.13154309641760945,22.1,154,221,2.495935094073477,1.069718170248741,0.6332976213374911,0.753641693397077,CHEMBL237_Ki
knn_weighted,defB_oracle,noncliff,0.9067707771864839,0.013523137356425827,497.9,4515,4979,2.4084156442959146,0.7193526021230751,0.8984173619620536,0.9145725823254302,CHEMBL237_Ki
knn_weighted,defC_proxy,all,0.8978846153846154,0.01811847379616091,520.0,4669,5200,2.412224427038585,0.7384203561733088,0.8893586489041309,0.9058231476100472,CHEMBL237_Ki
knn_weighted,defC_proxy,cliff,0.8946428571428571,0.10787704069119272,6.7,60,67,2.499264704347012,0.720203006652496,0.7996871695126198,0.9484623023121714,CHEMBL237_Ki
knn_weighted,defC_proxy,noncliff,0.8979247716753893,0.018834176602162807,513.3,4609,5133,2.4110736976390266,0.7385667385700194,0.889333153479332,0.9059026023342854,CHEMBL237_Ki
cluster,defA,all,0.9102966841186737,0.022047625406427598,573.0,5216,5730,2.3516851169156654,0.6830008026100705,0.9026202844978048,0.9174233169461532,CHEMBL264_Ki
cluster,defA,cliff,0.8759596467831763,0.04510534832864796,38.9,341,389,2.3078476322517316,0.7478254949936354,0.8401933600043946,0.9056545983032213,CHEMBL264_Ki
cluster,defA,noncliff,0.9127511375464895,0.020657463854011834,534.1,4875,5341,2.3552359465414026,0.6778212526056918,0.9048824415913916,0.9200250947628894,CHEMBL264_Ki
cluster,defB_oracle,all,0.9102966841186737,0.022047625406427598,573.0,5216,5730,2.3516851169156654,0.6830008026100705,0.9026202844978048,0.9174233169461532,CHEMBL264_Ki
cluster,defB_oracle,cliff,0.821124507774124,0.0957201121891508,17.7,145,177,2.2896075252751347,0.8791612719621466,0.755930068648768,0.8689266469345789,CHEMBL264_Ki
cluster,defB_oracle,noncliff,0.9132028724425523,0.02127095535261818,555.3,5071,5553,2.3538269625828314,0.6750319872737907,0.9055064451428866,0.9203224063741234,CHEMBL264_Ki
cluster,defC_proxy,all,0.9102966841186737,0.022047625406427598,573.0,5216,5730,2.3516851169156654,0.6830008026100705,0.9026202844978048,0.9174233169461532,CHEMBL264_Ki
cluster,defC_proxy,cliff,0.7697619047619048,0.16514059456655994,6.2,51,62,2.275356624778197,0.7768365584050277,0.7095843311430364,0.8979356223399492,CHEMBL264_Ki
cluster,defC_proxy,noncliff,0.9112685172353784,0.02190907459137738,566.8,5165,5668,2.352838777285481,0.6823847829652075,0.903571653535186,0.9183836203996635,CHEMBL264_Ki
global,defA,all,0.9050610820244328,0.016230262238484523,573.0,5186,5730,2.2705911191465993,0.6830008026100705,0.8971975707615215,0.9123818418082049,CHEMBL264_Ki
global,defA,cliff,0.8905706388183168,0.04334953725713345,38.9,347,389,2.2705911191465993,0.7478254949936354,0.8572700561675999,0.9191245762003961,CHEMBL264_Ki
global,defA,noncliff,0.9060153531580246,0.016505024116835455,534.1,4839,5341,2.2705911191465993,0.6778212526056918,0.8978896013377683,0.9135470022386701,CHEMBL264_Ki
global,defB_oracle,all,0.9050610820244328,0.016230262238484523,573.0,5186,5730,2.2705911191465993,0.6830008026100705,0.8971975707615215,0.9123818418082049,CHEMBL264_Ki
global,defB_oracle,cliff,0.8355491109487273,0.08935425452735826,17.7,147,177,2.2705911191465997,0.8791612719621466,0.7683568203985661,0.8786187169753416,CHEMBL264_Ki
global,defB_oracle,noncliff,0.9074495197807231,0.0166640368517296,555.3,5039,5553,2.2705911191465993,0.6750319872737907,0.8995304639657955,0.9147810533831848,CHEMBL264_Ki
global,defC_proxy,all,0.9050610820244328,0.016230262238484523,573.0,5186,5730,2.2705911191465993,0.6830008026100705,0.8971975707615215,0.9123818418082049,CHEMBL264_Ki
global,defC_proxy,cliff,0.784047619047619,0.17912629842826472,6.2,52,62,2.2705911191465993,0.7768365584050277,0.7279366398602256,0.9099593112969091,CHEMBL264_Ki
global,defC_proxy,noncliff,0.9057988814085813,0.015941434276886202,566.8,5134,5668,2.2705911191465993,0.6823847829652075,0.8979046028895566,0.9131194769260392,CHEMBL264_Ki
knn_weighted,defA,all,0.887260034904014,0.01394220098098449,573.0,5084,5730,2.09793844490472,0.6830008026100705,0.8788101371083631,0.8951910332889755,CHEMBL264_Ki
knn_weighted,defA,cliff,0.8263476232671279,0.06788508212383405,38.9,323,389,2.0924991406681333,0.7478254949936354,0.7898475080406285,0.8643604280858467,CHEMBL264_Ki
knn_weighted,defA,noncliff,0.8914094963486392,0.013805673628786774,534.1,4761,5341,2.098288040357206,0.6778212526056918,0.8827789899450721,0.8994705926127072,CHEMBL264_Ki
knn_weighted,defB_oracle,all,0.887260034904014,0.01394220098098449,573.0,5084,5730,2.09793844490472,0.6830008026100705,0.8788101371083631,0.8951910332889755,CHEMBL264_Ki
knn_weighted,defB_oracle,cliff,0.7332131693257014,0.10921497353734863,17.7,129,177,2.102150596619391,0.8791612719621466,0.6589760548896225,0.7889300863692367,CHEMBL264_Ki
knn_weighted,defB_oracle,noncliff,0.8923116902677612,0.013784355852007546,555.3,4955,5553,2.097802679550849,0.6750319872737907,0.8838843482787883,0.9001941668791139,CHEMBL264_Ki
knn_weighted,defC_proxy,all,0.887260034904014,0.01394220098098449,573.0,5084,5730,2.09793844490472,0.6830008026100705,0.8788101371083631,0.8951910332889755,CHEMBL264_Ki
knn_weighted,defC_proxy,cliff,0.7447619047619047,0.14398059134060964,6.2,49,62,2.078816388272199,0.7768365584050277,0.6736078510298068,0.8731601071048801,CHEMBL264_Ki
knn_weighted,defC_proxy,noncliff,0.8883316121376599,0.014296500054817491,566.8,5035,5668,2.0981424039422913,0.6823847829652075,0.8798561189710598,0.8962586634959518,CHEMBL264_Ki
