method,group_def,gap_mean,gap_sd,gap_min,gap_max,n_seeds,frac_seeds_gap_positive,perm_p_mean,perm_p_frac_sig,dataset
cluster,defA,0.09653482227835584,0.058987324699759536,0.035371329879101854,0.21191924778761062,10,1.0,0.07906046976511745,0.7,CHEMBL233_Ki
global,defA,0.11468537597854027,0.05274244926345787,0.03460353886104239,0.1964231354642313,10,1.0,0.054522738630684665,0.7,CHEMBL233_Ki
knn_weighted,defA,0.10349520278991035,0.050695004070093794,0.025008635578583793,0.19629424778761062,10,1.0,0.06006996501749125,0.6,CHEMBL233_Ki
cluster,defB_oracle,0.21345276777415118,0.09509573123534093,0.06343054017472616,0.430478651408884,10,1.0,0.031484257871064465,0.9,CHEMBL233_Ki
global,defB_oracle,0.2475249164214175,0.08966966899048459,0.05346376276608833,0.3710001434926101,10,1.0,0.036631684157921035,0.9,CHEMBL233_Ki
knn_weighted,defB_oracle,0.2319586676417389,0.11099651486595148,0.05346376276608833,0.4708379475821336,10,1.0,0.03883058470764618,0.9,CHEMBL233_Ki
cluster,defC_proxy,0.06658029380003208,0.13891773752893752,-0.10032362459546929,0.32788461538461544,10,0.7,0.5020489755122439,0.0,CHEMBL233_Ki
global,defC_proxy,0.11224490419589558,0.1483936317358367,-0.1217948717948718,0.2958333333333334,10,0.8,0.38775612193903053,0.2,CHEMBL233_Ki
knn_weighted,defC_proxy,0.10513166143433177,0.14201761569153967,-0.1282051282051282,0.3038461538461539,10,0.8,0.3768615692153923,0.0,CHEMBL233_Ki
cluster,defA,0.07860313154025549,0.0470169986114436,0.023171299891287522,0.15229072837397117,10,1.0,0.14652673663168417,0.4,CHEMBL234_Ki
global,defA,0.08214656749490054,0.03878252062489164,0.024631153905886105,0.1435316042863799,10,1.0,0.09085457271364318,0.4,CHEMBL234_Ki
knn_weighted,defA,0.0816043998051304,0.033233475414171806,0.012952321789097776,0.1268615984405459,10,1.0,0.11779110444777612,0.6,CHEMBL234_Ki
cluster,defB_oracle,0.15042859597772132,0.07781930104327985,0.027423167848699803,0.25,10,1.0,0.08550724637681159,0.6,CHEMBL234_Ki
global,defB_oracle,0.1548085840292002,0.05273871771679828,0.0672970843183609,0.22434081499237302,10,1.0,0.040479760119940034,0.7,CHEMBL234_Ki
knn_weighted,defB_oracle,0.15712596351323366,0.06712069623590895,0.05594956658786443,0.2870995859664416,10,1.0,0.07051474262868565,0.7,CHEMBL234_Ki
cluster,defC_proxy,0.0011154537654396112,0.11466462060894776,-0.10359116022099446,0.19605911330049264,10,0.5,0.646976511744128,0.0,CHEMBL234_Ki
global,defC_proxy,-0.027485963918640454,0.08399611013687074,-0.1312154696132597,0.1574585635359116,10,0.4,0.7008995502248876,0.0,CHEMBL234_Ki
knn_weighted,defC_proxy,-0.011491565972616047,0.1050417829176291,-0.14779005524861877,0.17674876847290644,10,0.4,0.6382808595702149,0.0,CHEMBL234_Ki
cluster,defA,0.0890482802885417,0.048280345302304704,0.021005104043973377,0.18051948051948052,10,1.0,0.07841079460269865,0.7,CHEMBL244_Ki
global,defA,0.10540479304991672,0.04903815437281991,0.018038813370949813,0.2015584415584416,10,1.0,0.05807096451774112,0.8,CHEMBL244_Ki
knn_weighted,defA,0.12608407174666397,0.04828738440910259,0.06716821977145138,0.2015584415584416,10,1.0,0.025087456271864067,0.8,CHEMBL244_Ki
cluster,defB_oracle,0.17560429529234614,0.0907955459589302,0.039982521302163065,0.37344632768361585,10,1.0,0.04312843578210894,0.8,CHEMBL244_Ki
global,defB_oracle,0.2049310952151467,0.08924238957432917,0.07586206896551728,0.4180790960451978,10,1.0,0.010194902548725637,0.9,CHEMBL244_Ki
knn_weighted,defB_oracle,0.23474159548371293,0.0862008074488604,0.1432405624598868,0.4180790960451978,10,1.0,0.006296851574212893,1.0,CHEMBL244_Ki
cluster,defC_proxy,0.048449306718700305,0.08975798426061404,-0.08666666666666667,0.20622378304555644,10,0.6,0.43203398300849577,0.1,CHEMBL244_Ki
global,defC_proxy,0.07321090916277616,0.11057013497328855,-0.08059210526315785,0.2667056872500243,10,0.7,0.40299850074962523,0.2,CHEMBL244_Ki
knn_weighted,defC_proxy,0.05932423939523503,0.11426292194993914,-0.10032894736842102,0.26836406204272756,10,0.6,0.4324837581209396,0.2,CHEMBL244_Ki
cluster,defA,0.13539795428180312,0.05399267767421188,0.04325973792855864,0.20043139206902272,10,1.0,0.03513243378310845,0.8,CHEMBL214_Ki
global,defA,0.16158721184274896,0.045214365510097,0.08685897435897438,0.22571760411481667,10,1.0,0.016491754122938528,0.8,CHEMBL214_Ki
knn_weighted,defA,0.15822275783693135,0.05293157571847673,0.08205128205128209,0.24156005379495848,10,1.0,0.019790104947526237,0.9,CHEMBL214_Ki
cluster,defB_oracle,0.2382471398925034,0.06554388775373347,0.09209883247352701,0.3116460259317403,10,1.0,0.013393303348325836,0.9,CHEMBL214_Ki
global,defB_oracle,0.26503358680223055,0.07545976155697735,0.08265001357588919,0.33782569631626236,10,1.0,0.017841079460269867,0.9,CHEMBL214_Ki
knn_weighted,defB_oracle,0.26313247306335524,0.10178936790430872,0.07792560412707028,0.4442084395355424,10,1.0,0.02843578210894553,0.8,CHEMBL214_Ki
cluster,defC_proxy,0.1087337061177613,0.17122826878638542,-0.10992366412213739,0.43051359516616317,10,0.6,0.46216891554222883,0.1,CHEMBL214_Ki
global,defC_proxy,0.12364706852622047,0.1438459992443518,-0.07012195121951215,0.4108761329305136,10,0.7,0.4097951024487756,0.0,CHEMBL214_Ki
knn_weighted,defC_proxy,0.1159745703565985,0.16795463659889293,-0.10687022900763354,0.41389728096676737,10,0.7,0.4246376811594203,0.1,CHEMBL214_Ki
cluster,defA,0.0715395069760044,0.057423245903721144,-0.08067940552016983,0.12550940438871472,10,0.9,0.14732633683158422,0.6,CHEMBL236_Ki
global,defA,0.08086533385906615,0.051748321734855544,-0.026671974522292974,0.13467207074428889,10,0.9,0.15762118940529732,0.6,CHEMBL236_Ki
knn_weighted,defA,0.07133360544015788,0.056351036587776245,-0.039012738853503204,0.15149892933618847,10,0.9,0.18225887056471765,0.5,CHEMBL236_Ki
cluster,defB_oracle,0.14261901438087693,0.10751687649175175,-0.07599999999999996,0.27515993134654393,10,0.9,0.14802598700649675,0.5,CHEMBL236_Ki
global,defB_oracle,0.16665115156935695,0.1021883154396555,0.0038854805725970776,0.26485829959514173,10,1.0,0.15782108945527235,0.7,CHEMBL236_Ki
knn_weighted,defB_oracle,0.17112674168630673,0.09697751369098546,0.02926315789473688,0.3428340080971659,10,1.0,0.10829585207396304,0.6,CHEMBL236_Ki
cluster,defC_proxy,0.20187537542548828,0.13474630237297408,-0.0006535947712418277,0.39473684210526316,10,0.9,0.19855072463768114,0.4,CHEMBL236_Ki
global,defC_proxy,0.26582751512762365,0.12625485265274072,0.015032679738562149,0.4017681728880157,10,1.0,0.1219390304847576,0.6,CHEMBL236_Ki
knn_weighted,defC_proxy,0.213802582847702,0.12420772605172356,0.0013071895424836555,0.3908382066276803,10,1.0,0.16981509245377308,0.4,CHEMBL236_Ki
cluster,defA,0.06824731845258009,0.049959983589335684,0.0067946434461376715,0.15398191993112353,10,1.0,0.14237881059470264,0.4,CHEMBL204_Ki
global,defA,0.07407124485445178,0.05509019839503514,-0.013568627450980308,0.1915195867412829,10,0.9,0.13843078460769614,0.3,CHEMBL204_Ki
knn_weighted,defA,0.051943530125401274,0.058820495431233216,-0.013744588744588726,0.15596211795092552,10,0.8,0.2486256871564218,0.3,CHEMBL204_Ki
cluster,defB_oracle,0.14285262133107612,0.05967798477551178,0.05299098606938002,0.24465408805031452,10,1.0,0.05277361319340329,0.7,CHEMBL204_Ki
global,defB_oracle,0.13320993510948678,0.05261470364429534,0.054177897574124056,0.23522012578616358,10,1.0,0.06486756621689155,0.7,CHEMBL204_Ki
knn_weighted,defB_oracle,0.12041105964781958,0.08651268257592283,0.008057675996607339,0.26024310297732856,10,1.0,0.13523238380809594,0.5,CHEMBL204_Ki
cluster,defC_proxy,0.061022267912878125,0.09281912857190104,-0.0396766169154229,0.2710437710437711,10,0.7,0.4150924537731135,0.1,CHEMBL204_Ki
global,defC_proxy,0.08471897622530537,0.08006628493107007,0.001700680272108901,0.2617845117845118,10,1.0,0.3524737631184408,0.1,CHEMBL204_Ki
knn_weighted,defC_proxy,0.06768409270780698,0.11084587793866899,-0.018707482993197244,0.3656565656565657,10,0.8,0.4361819090454772,0.1,CHEMBL204_Ki
cluster,defA,0.0992438393791367,0.0578971801519598,0.011649238671803341,0.20353689473877712,10,1.0,0.10089955022488754,0.4,CHEMBL237_Ki
global,defA,0.11328073083417863,0.06358977097948357,0.006787745367822451,0.20530166550240814,10,1.0,0.09530234882558722,0.6,CHEMBL237_Ki
knn_weighted,defA,0.10151368725716337,0.06753221364313858,0.008897450009172636,0.2179124232508548,10,1.0,0.12363818090954522,0.5,CHEMBL237_Ki
cluster,defB_oracle,0.17324658121123368,0.10101988667873957,0.023030303030303068,0.397218905822038,10,1.0,0.10654672663668166,0.5,CHEMBL237_Ki
global,defB_oracle,0.20993109206651323,0.11824808068166223,-0.0008080808080808133,0.4174450452981248,10,0.9,0.08960519740129935,0.7,CHEMBL237_Ki
knn_weighted,defB_oracle,0.19657074122280024,0.12444024320989341,0.00121212121212122,0.4478544841632137,10,1.0,0.10749625187406298,0.6,CHEMBL237_Ki
cluster,defC_proxy,-0.007300081191746521,0.12073660548731918,-0.12621359223300976,0.2632944228274968,10,0.5,0.7225887056471765,0.0,CHEMBL237_Ki
global,defC_proxy,0.04111818664822496,0.09420360640904069,-0.09197651663405093,0.251621271076524,10,0.8,0.5981509245377312,0.0,CHEMBL237_Ki
knn_weighted,defC_proxy,0.003281914532532071,0.11794905181211816,-0.13035019455252916,0.25940337224383925,10,0.6,0.6867566216891554,0.0,CHEMBL237_Ki
cluster,defA,0.03679149076331327,0.027103187678273258,0.00527622594661703,0.08327594687653717,10,1.0,0.2957021489255372,0.1,CHEMBL264_Ki
global,defA,0.015444714339707866,0.04330537512627872,-0.07073290703393997,0.094638465322184,10,0.7,0.43348325837081453,0.0,CHEMBL264_Ki
knn_weighted,defA,0.06506187308151119,0.06794188797716055,-0.010898661567877665,0.21244568590937307,10,0.9,0.25477261369315346,0.2,CHEMBL264_Ki
cluster,defB_oracle,0.09207836466842814,0.08924225394394357,-0.006059245960502668,0.23423423423423428,10,0.9,0.26006996501749124,0.3,CHEMBL264_Ki
global,defB_oracle,0.0719004088319957,0.0925191643575222,-0.12208258527827653,0.218018018018018,10,0.8,0.2845077461269366,0.2,CHEMBL264_Ki
knn_weighted,defB_oracle,0.15909852094205998,0.10994154536719325,-0.01648841354723707,0.3324593128390596,10,0.9,0.14992503748125935,0.4,CHEMBL264_Ki
cluster,defC_proxy,0.14150661247347354,0.16085084412185674,-0.09236234458259329,0.3949211908931699,10,0.8,0.3701649175412294,0.0,CHEMBL264_Ki
global,defC_proxy,0.12175126236096231,0.17554150104303076,-0.12014134275618371,0.39842381786339753,10,0.7,0.426736631684158,0.0,CHEMBL264_Ki
knn_weighted,defC_proxy,0.14356970737575517,0.14405000721916297,-0.11190053285968027,0.37215411558669,10,0.8,0.30579710144927535,0.0,CHEMBL264_Ki
