seed,detector,auc,n_bad,n_test,dataset
71339737,d_nb,0.6703404684761247,67,629,CHEMBL233_Ki
71339737,d_wstd,0.52692147158786,67,629,CHEMBL233_Ki
71339737,d_std,0.5237165344940672,67,629,CHEMBL233_Ki
71339737,d_range,0.48676286446842765,67,629,CHEMBL233_Ki
71339737,d_iqr,0.5733796296296296,67,629,CHEMBL233_Ki
71339737,d_pair_gap,0.40266638338556326,67,629,CHEMBL233_Ki
71339737,d_nn_sim,0.7138811042871623,67,629,CHEMBL233_Ki
71339737,naive_proxy,0.35123523093447906,67,629,CHEMBL233_Ki
71339737,oracle,0.9473684210526315,67,629,CHEMBL233_Ki
71339737,rf_std,0.7752164444680512,67,629,CHEMBL233_Ki
99182118,d_nb,0.6778265963678969,60,629,CHEMBL233_Ki
99182118,d_wstd,0.5381125226860254,60,629,CHEMBL233_Ki
99182118,d_std,0.536706878758763,60,629,CHEMBL233_Ki
99182118,d_range,0.47818582968577633,60,629,CHEMBL233_Ki
99182118,d_iqr,0.5582202392018343,60,629,CHEMBL233_Ki
99182118,d_pair_gap,0.417091388400703,60,629,CHEMBL233_Ki
99182118,d_nn_sim,0.5992135511191773,60,629,CHEMBL233_Ki
99182118,naive_proxy,0.6772458310919849,60,629,CHEMBL233_Ki
99182118,oracle,0.8864981172673481,60,629,CHEMBL233_Ki
99182118,rf_std,0.6969537199765671,60,629,CHEMBL233_Ki
89709943,d_nb,0.6541004891599734,58,629,CHEMBL233_Ki
89709943,d_wstd,0.5538444244604317,58,629,CHEMBL233_Ki
89709943,d_std,0.55193345323741,58,629,CHEMBL233_Ki
89709943,d_range,0.5288893884892086,58,629,CHEMBL233_Ki
89709943,d_iqr,0.5507672491039427,58,629,CHEMBL233_Ki
89709943,d_pair_gap,0.41709946252793045,58,629,CHEMBL233_Ki
89709943,d_nn_sim,0.618611360911271,58,629,CHEMBL233_Ki
89709943,naive_proxy,0.8055555555555556,58,629,CHEMBL233_Ki
89709943,oracle,0.8518518518518519,58,629,CHEMBL233_Ki
89709943,rf_std,0.7680415484026814,58,629,CHEMBL233_Ki
86921808,d_nb,0.6328180354267311,54,629,CHEMBL233_Ki
86921808,d_wstd,0.5620609318996416,54,629,CHEMBL233_Ki
86921808,d_std,0.5550896057347671,54,629,CHEMBL233_Ki
86921808,d_range,0.516774193548387,54,629,CHEMBL233_Ki
86921808,d_iqr,0.5208242714223575,54,629,CHEMBL233_Ki
86921808,d_pair_gap,0.41201288244766504,54,629,CHEMBL233_Ki
86921808,d_nn_sim,0.6018996415770609,54,629,CHEMBL233_Ki
86921808,naive_proxy,0.5244755244755245,54,629,CHEMBL233_Ki
86921808,oracle,0.847027972027972,54,629,CHEMBL233_Ki
86921808,rf_std,0.7187761674718196,54,629,CHEMBL233_Ki
89165191,d_nb,0.6900291737248259,77,629,CHEMBL233_Ki
89165191,d_wstd,0.4932753983033313,77,629,CHEMBL233_Ki
89165191,d_std,0.4927581212497414,77,629,CHEMBL233_Ki
89165191,d_range,0.4409916201117318,77,629,CHEMBL233_Ki
89165191,d_iqr,0.6212491426611797,77,629,CHEMBL233_Ki
89165191,d_pair_gap,0.40242094861660077,77,629,CHEMBL233_Ki
89165191,d_nn_sim,0.7000698324022346,77,629,CHEMBL233_Ki
89165191,naive_proxy,0.6953781512605042,77,629,CHEMBL233_Ki
89165191,oracle,0.7373949579831933,77,629,CHEMBL233_Ki
89165191,rf_std,0.80371259175607,77,629,CHEMBL233_Ki
34332121,d_nb,0.629473562687601,61,629,CHEMBL233_Ki
34332121,d_wstd,0.5775572811810948,61,629,CHEMBL233_Ki
34332121,d_std,0.5725881187486019,61,629,CHEMBL233_Ki
34332121,d_range,0.5434282427379925,61,629,CHEMBL233_Ki
34332121,d_iqr,0.6329369078814755,61,629,CHEMBL233_Ki
34332121,d_pair_gap,0.44178596167166934,61,629,CHEMBL233_Ki
34332121,d_nn_sim,0.6017479947592114,61,629,CHEMBL233_Ki
34332121,naive_proxy,0.6806526806526807,61,629,CHEMBL233_Ki
34332121,oracle,0.8892773892773893,61,629,CHEMBL233_Ki
34332121,rf_std,0.7431597783421843,61,629,CHEMBL233_Ki
57652534,d_nb,0.6623306412463039,83,629,CHEMBL233_Ki
57652534,d_wstd,0.5013248191621844,83,629,CHEMBL233_Ki
57652534,d_std,0.5030735804562677,83,629,CHEMBL233_Ki
57652534,d_range,0.44875599480670886,83,629,CHEMBL233_Ki
57652534,d_iqr,0.605427974947808,83,629,CHEMBL233_Ki
57652534,d_pair_gap,0.43895361666446003,83,629,CHEMBL233_Ki
57652534,d_nn_sim,0.6503007339498158,83,629,CHEMBL233_Ki
57652534,naive_proxy,0.5429292929292929,83,629,CHEMBL233_Ki
57652534,oracle,0.8838383838383839,83,629,CHEMBL233_Ki
57652534,rf_std,0.7428394898274416,83,629,CHEMBL233_Ki
65555877,d_nb,0.6343050065876152,77,629,CHEMBL233_Ki
65555877,d_wstd,0.6167651742099155,77,629,CHEMBL233_Ki
65555877,d_std,0.6129868026880414,77,629,CHEMBL233_Ki
65555877,d_range,0.5583893341969611,77,629,CHEMBL233_Ki
65555877,d_iqr,0.6296828437633035,77,629,CHEMBL233_Ki
65555877,d_pair_gap,0.457709862601167,77,629,CHEMBL233_Ki
65555877,d_nn_sim,0.6094783148463012,77,629,CHEMBL233_Ki
65555877,naive_proxy,0.5592705167173252,77,629,CHEMBL233_Ki
65555877,oracle,0.9442755825734549,77,629,CHEMBL233_Ki
65555877,rf_std,0.7344955768868813,77,629,CHEMBL233_Ki
80882938,d_nb,0.6163129553373455,55,629,CHEMBL233_Ki
80882938,d_wstd,0.6262167987762481,55,629,CHEMBL233_Ki
80882938,d_std,0.623835349742734,55,629,CHEMBL233_Ki
80882938,d_range,0.6167605340008344,55,629,CHEMBL233_Ki
80882938,d_iqr,0.6472,55,629,CHEMBL233_Ki
80882938,d_pair_gap,0.42884067152359834,55,629,CHEMBL233_Ki
80882938,d_nn_sim,0.5880962314003616,55,629,CHEMBL233_Ki
80882938,naive_proxy,0.6938271604938272,55,629,CHEMBL233_Ki
80882938,oracle,0.8617283950617284,55,629,CHEMBL233_Ki
80882938,rf_std,0.7818498574596136,55,629,CHEMBL233_Ki
62569839,d_nb,0.6206720132743363,64,629,CHEMBL233_Ki
62569839,d_wstd,0.5683603896103896,64,629,CHEMBL233_Ki
62569839,d_std,0.5619805194805195,64,629,CHEMBL233_Ki
62569839,d_range,0.5432142857142858,64,629,CHEMBL233_Ki
62569839,d_iqr,0.5613478260869565,64,629,CHEMBL233_Ki
62569839,d_pair_gap,0.4663716814159292,64,629,CHEMBL233_Ki
62569839,d_nn_sim,0.5974025974025974,64,629,CHEMBL233_Ki
62569839,naive_proxy,0.7222222222222222,64,629,CHEMBL233_Ki
62569839,oracle,0.9070216049382716,64,629,CHEMBL233_Ki
62569839,rf_std,0.7438882743362832,64,629,CHEMBL233_Ki
71339737,d_nb,0.7000437511568816,93,732,CHEMBL234_Ki
71339737,d_wstd,0.5596181394932402,93,732,CHEMBL234_Ki
71339737,d_std,0.5534850926672039,93,732,CHEMBL234_Ki
71339737,d_range,0.4892671680544364,93,732,CHEMBL234_Ki
71339737,d_iqr,0.650467784642542,93,732,CHEMBL234_Ki
71339737,d_pair_gap,0.37031988826627626,93,732,CHEMBL234_Ki
71339737,d_nn_sim,0.6366841257050766,93,732,CHEMBL234_Ki
71339737,naive_proxy,0.6611721611721612,93,732,CHEMBL234_Ki
71339737,oracle,0.8467643467643468,93,732,CHEMBL234_Ki
71339737,rf_std,0.7697847779628788,93,732,CHEMBL234_Ki
99182118,d_nb,0.6367530549214448,55,732,CHEMBL234_Ki
99182118,d_wstd,0.5557288958224995,55,732,CHEMBL234_Ki
99182118,d_std,0.5518114057895649,55,732,CHEMBL234_Ki
99182118,d_range,0.5149592650372682,55,732,CHEMBL234_Ki
99182118,d_iqr,0.619837296620776,55,732,CHEMBL234_Ki
99182118,d_pair_gap,0.4304417886397207,55,732,CHEMBL234_Ki
99182118,d_nn_sim,0.6048708615011267,55,732,CHEMBL234_Ki
99182118,naive_proxy,0.6186868686868687,55,732,CHEMBL234_Ki
99182118,oracle,0.7708333333333334,55,732,CHEMBL234_Ki
99182118,rf_std,0.7503827044447429,55,732,CHEMBL234_Ki
89709943,d_nb,0.7437435788086145,79,732,CHEMBL234_Ki
89709943,d_wstd,0.4607109079445145,79,732,CHEMBL234_Ki
89709943,d_std,0.45775535939470363,79,732,CHEMBL234_Ki
89709943,d_range,0.4196484867591425,79,732,CHEMBL234_Ki
89709943,d_iqr,0.5102162218084005,79,732,CHEMBL234_Ki
89709943,d_pair_gap,0.32935623315951695,79,732,CHEMBL234_Ki
89709943,d_nn_sim,0.6540431904161412,79,732,CHEMBL234_Ki
89709943,naive_proxy,0.8688524590163934,79,732,CHEMBL234_Ki
89709943,oracle,0.6121926229508197,79,732,CHEMBL234_Ki
89709943,rf_std,0.7477465252873786,79,732,CHEMBL234_Ki
86921808,d_nb,0.7304526748971193,84,732,CHEMBL234_Ki
86921808,d_wstd,0.4851351351351351,84,732,CHEMBL234_Ki
86921808,d_std,0.4870967741935484,84,732,CHEMBL234_Ki
86921808,d_range,0.41008064516129034,84,732,CHEMBL234_Ki
86921808,d_iqr,0.6240150093808631,84,732,CHEMBL234_Ki
86921808,d_pair_gap,0.31019437095825986,84,732,CHEMBL234_Ki
86921808,d_nn_sim,0.6395488230165649,84,732,CHEMBL234_Ki
86921808,naive_proxy,0.6268115942028986,84,732,CHEMBL234_Ki
86921808,oracle,0.7855072463768116,84,732,CHEMBL234_Ki
86921808,rf_std,0.7486772486772487,84,732,CHEMBL234_Ki
89165191,d_nb,0.7168730174971861,58,732,CHEMBL234_Ki
89165191,d_wstd,0.5624,58,732,CHEMBL234_Ki
89165191,d_std,0.5596615384615384,58,732,CHEMBL234_Ki
89165191,d_range,0.4672153846153846,58,732,CHEMBL234_Ki
89165191,d_iqr,0.6859513035983624,58,732,CHEMBL234_Ki
89165191,d_pair_gap,0.39080886114806096,58,732,CHEMBL234_Ki
89165191,d_nn_sim,0.6671538461538462,58,732,CHEMBL234_Ki
89165191,naive_proxy,0.7745098039215687,58,732,CHEMBL234_Ki
89165191,oracle,0.619281045751634,58,732,CHEMBL234_Ki
89165191,rf_std,0.7722807735598076,58,732,CHEMBL234_Ki
34332121,d_nb,0.6938662299239222,56,732,CHEMBL234_Ki
34332121,d_wstd,0.4383074534161491,56,732,CHEMBL234_Ki
34332121,d_std,0.43274844720496897,56,732,CHEMBL234_Ki
34332121,d_range,0.4168944099378882,56,732,CHEMBL234_Ki
34332121,d_iqr,0.5698431488606096,56,732,CHEMBL234_Ki
34332121,d_pair_gap,0.41076711749788675,56,732,CHEMBL234_Ki
34332121,d_nn_sim,0.6248913043478261,56,732,CHEMBL234_Ki
34332121,naive_proxy,0.6847826086956522,56,732,CHEMBL234_Ki
34332121,oracle,0.7493961352657005,56,732,CHEMBL234_Ki
34332121,rf_std,0.7172707100591716,56,732,CHEMBL234_Ki
57652534,d_nb,0.7375422081244244,58,732,CHEMBL234_Ki
57652534,d_wstd,0.5749706572769953,58,732,CHEMBL234_Ki
57652534,d_std,0.5712702138758476,58,732,CHEMBL234_Ki
57652534,d_range,0.4738686750130412,58,732,CHEMBL234_Ki
57652534,d_iqr,0.6601651186790506,58,732,CHEMBL234_Ki
57652534,d_pair_gap,0.38876240663051265,58,732,CHEMBL234_Ki
57652534,d_nn_sim,0.6899615284298383,58,732,CHEMBL234_Ki
57652534,naive_proxy,0.6364734299516909,58,732,CHEMBL234_Ki
57652534,oracle,0.6407004830917874,58,732,CHEMBL234_Ki
57652534,rf_std,0.7867082779085235,58,732,CHEMBL234_Ki
65555877,d_nb,0.6344606813977176,73,732,CHEMBL234_Ki
65555877,d_wstd,0.6097209584470731,73,732,CHEMBL234_Ki
65555877,d_std,0.6065488828227682,73,732,CHEMBL234_Ki
65555877,d_range,0.5375214841775351,73,732,CHEMBL234_Ki
65555877,d_iqr,0.6506724191542289,73,732,CHEMBL234_Ki
65555877,d_pair_gap,0.42143554991997006,73,732,CHEMBL234_Ki
65555877,d_nn_sim,0.6123116975027802,73,732,CHEMBL234_Ki
65555877,naive_proxy,0.784,73,732,CHEMBL234_Ki
65555877,oracle,0.744,73,732,CHEMBL234_Ki
65555877,rf_std,0.7756875298813063,73,732,CHEMBL234_Ki
80882938,d_nb,0.7425667586914564,61,732,CHEMBL234_Ki
80882938,d_wstd,0.5215785381026439,61,732,CHEMBL234_Ki
80882938,d_std,0.5217405391394505,61,732,CHEMBL234_Ki
80882938,d_range,0.42765033696215654,61,732,CHEMBL234_Ki
80882938,d_iqr,0.5568469323213157,61,732,CHEMBL234_Ki
80882938,d_pair_gap,0.3653587745229777,61,732,CHEMBL234_Ki
80882938,d_nn_sim,0.6484739502332815,61,732,CHEMBL234_Ki
80882938,naive_proxy,0.5735524256651017,61,732,CHEMBL234_Ki
80882938,oracle,0.7488262910798122,61,732,CHEMBL234_Ki
80882938,rf_std,0.7776990545063643,61,732,CHEMBL234_Ki
62569839,d_nb,0.7107790246007769,70,732,CHEMBL234_Ki
62569839,d_wstd,0.569031762295082,70,732,CHEMBL234_Ki
62569839,d_std,0.5644211065573771,70,732,CHEMBL234_Ki
62569839,d_range,0.4687115778688525,70,732,CHEMBL234_Ki
62569839,d_iqr,0.6546868432114333,70,732,CHEMBL234_Ki
62569839,d_pair_gap,0.40170479067760034,70,732,CHEMBL234_Ki
62569839,d_nn_sim,0.64453125,70,732,CHEMBL234_Ki
62569839,naive_proxy,0.7543103448275862,70,732,CHEMBL234_Ki
62569839,oracle,0.7,70,732,CHEMBL234_Ki
62569839,rf_std,0.7568191627104014,70,732,CHEMBL234_Ki
71339737,d_nb,0.6186412865113227,66,620,CHEMBL244_Ki
71339737,d_wstd,0.5806534090909091,66,620,CHEMBL244_Ki
71339737,d_std,0.5770596590909091,66,620,CHEMBL244_Ki
71339737,d_range,0.5318892045454545,66,620,CHEMBL244_Ki
71339737,d_iqr,0.5516862745098039,66,620,CHEMBL244_Ki
71339737,d_pair_gap,0.4608631440761405,66,620,CHEMBL244_Ki
71339737,d_nn_sim,0.63765625,66,620,CHEMBL244_Ki
71339737,naive_proxy,0.7012138188608776,66,620,CHEMBL244_Ki
71339737,oracle,0.7782446311858077,66,620,CHEMBL244_Ki
71339737,rf_std,0.7163603544469971,66,620,CHEMBL244_Ki
99182118,d_nb,0.6162548801687042,63,620,CHEMBL244_Ki
99182118,d_wstd,0.5995854531750519,63,620,CHEMBL244_Ki
99182118,d_std,0.591671377426041,63,620,CHEMBL244_Ki
99182118,d_range,0.5672853463978393,63,620,CHEMBL244_Ki
99182118,d_iqr,0.6312923419946831,63,620,CHEMBL244_Ki
99182118,d_pair_gap,0.4561141033313385,63,620,CHEMBL244_Ki
99182118,d_nn_sim,0.679479932165065,63,620,CHEMBL244_Ki
99182118,naive_proxy,0.4416839199447895,63,620,CHEMBL244_Ki
99182118,oracle,0.8129744651483782,63,620,CHEMBL244_Ki
99182118,rf_std,0.7655809181841498,63,620,CHEMBL244_Ki
89709943,d_nb,0.5820070626934984,76,620,CHEMBL244_Ki
89709943,d_wstd,0.6401963761514323,76,620,CHEMBL244_Ki
89709943,d_std,0.63947514930661,76,620,CHEMBL244_Ki
89709943,d_range,0.6034264601680333,76,620,CHEMBL244_Ki
89709943,d_iqr,0.587646404501734,76,620,CHEMBL244_Ki
89709943,d_pair_gap,0.51937403250774,76,620,CHEMBL244_Ki
89709943,d_nn_sim,0.6344392144953943,76,620,CHEMBL244_Ki
89709943,naive_proxy,0.6376623376623377,76,620,CHEMBL244_Ki
89709943,oracle,0.8337662337662337,76,620,CHEMBL244_Ki
89709943,rf_std,0.7609568498452013,76,620,CHEMBL244_Ki
86921808,d_nb,0.54434956157571,54,620,CHEMBL244_Ki
86921808,d_wstd,0.6372549019607843,54,620,CHEMBL244_Ki
86921808,d_std,0.6298220832072109,54,620,CHEMBL244_Ki
86921808,d_range,0.6135438738102446,54,620,CHEMBL244_Ki
86921808,d_iqr,0.6006751227495908,54,620,CHEMBL244_Ki
86921808,d_pair_gap,0.5454946996466431,54,620,CHEMBL244_Ki
86921808,d_nn_sim,0.5397706252312245,54,620,CHEMBL244_Ki
86921808,naive_proxy,0.7038690476190477,54,620,CHEMBL244_Ki
86921808,oracle,0.7554563492063492,54,620,CHEMBL244_Ki
86921808,rf_std,0.6999411071849234,54,620,CHEMBL244_Ki
89165191,d_nb,0.6324859211584876,55,620,CHEMBL244_Ki
89165191,d_wstd,0.526989247311828,55,620,CHEMBL244_Ki
89165191,d_std,0.5229569892473118,55,620,CHEMBL244_Ki
89165191,d_range,0.4663799283154122,55,620,CHEMBL244_Ki
89165191,d_iqr,0.5468073978985404,55,620,CHEMBL244_Ki
89165191,d_pair_gap,0.4427031375703942,55,620,CHEMBL244_Ki
89165191,d_nn_sim,0.6364516129032258,55,620,CHEMBL244_Ki
89165191,naive_proxy,0.6619883040935672,55,620,CHEMBL244_Ki
89165191,oracle,0.6099415204678362,55,620,CHEMBL244_Ki
89165191,rf_std,0.7201930812550281,55,620,CHEMBL244_Ki
34332121,d_nb,0.5411869413725193,46,620,CHEMBL244_Ki
34332121,d_wstd,0.5917211328976035,46,620,CHEMBL244_Ki
34332121,d_std,0.5874232521291345,46,620,CHEMBL244_Ki
34332121,d_range,0.5532382650029709,46,620,CHEMBL244_Ki
34332121,d_iqr,0.6713320463320464,46,620,CHEMBL244_Ki
34332121,d_pair_gap,0.5055105287077716,46,620,CHEMBL244_Ki
34332121,d_nn_sim,0.6119627649039414,46,620,CHEMBL244_Ki
34332121,naive_proxy,0.6948051948051948,46,620,CHEMBL244_Ki
34332121,oracle,0.6866883116883117,46,620,CHEMBL244_Ki
34332121,rf_std,0.7343205574912892,46,620,CHEMBL244_Ki
57652534,d_nb,0.667462904676259,64,620,CHEMBL244_Ki
57652534,d_wstd,0.5714954583762525,64,620,CHEMBL244_Ki
57652534,d_std,0.5670006554920872,64,620,CHEMBL244_Ki
57652534,d_range,0.5351780753503761,64,620,CHEMBL244_Ki
57652534,d_iqr,0.5594581789990525,64,620,CHEMBL244_Ki
57652534,d_pair_gap,0.4517198741007194,64,620,CHEMBL244_Ki
57652534,d_nn_sim,0.6755938446171614,64,620,CHEMBL244_Ki
57652534,naive_proxy,0.6320346320346321,64,620,CHEMBL244_Ki
57652534,oracle,0.8095238095238095,64,620,CHEMBL244_Ki
57652534,rf_std,0.7109375,64,620,CHEMBL244_Ki
65555877,d_nb,0.6287662337662338,70,620,CHEMBL244_Ki
65555877,d_wstd,0.5530811729706757,70,620,CHEMBL244_Ki
65555877,d_std,0.545587193653492,70,620,CHEMBL244_Ki
65555877,d_range,0.5226661000141664,70,620,CHEMBL244_Ki
65555877,d_iqr,0.5941435290547716,70,620,CHEMBL244_Ki
65555877,d_pair_gap,0.474961038961039,70,620,CHEMBL244_Ki
65555877,d_nn_sim,0.7169995750106247,70,620,CHEMBL244_Ki
65555877,naive_proxy,0.8531879194630873,70,620,CHEMBL244_Ki
65555877,oracle,0.5822147651006712,70,620,CHEMBL244_Ki
65555877,rf_std,0.7605974025974026,70,620,CHEMBL244_Ki
80882938,d_nb,0.580420466058764,56,620,CHEMBL244_Ki
80882938,d_wstd,0.5931407942238267,56,620,CHEMBL244_Ki
80882938,d_std,0.5865277321956023,56,620,CHEMBL244_Ki
80882938,d_range,0.5645224811289793,56,620,CHEMBL244_Ki
80882938,d_iqr,0.5914647456887142,56,620,CHEMBL244_Ki
80882938,d_pair_gap,0.4594889817629179,56,620,CHEMBL244_Ki
80882938,d_nn_sim,0.6271250410239579,56,620,CHEMBL244_Ki
80882938,naive_proxy,0.62,56,620,CHEMBL244_Ki
80882938,oracle,0.7491666666666666,56,620,CHEMBL244_Ki
80882938,rf_std,0.7524379432624113,56,620,CHEMBL244_Ki
62569839,d_nb,0.6628053608610223,61,620,CHEMBL244_Ki
62569839,d_wstd,0.5844244231267824,61,620,CHEMBL244_Ki
62569839,d_std,0.580065465387607,61,620,CHEMBL244_Ki
62569839,d_range,0.5269153487166192,61,620,CHEMBL244_Ki
62569839,d_iqr,0.6023550724637681,61,620,CHEMBL244_Ki
62569839,d_pair_gap,0.3936185811900642,61,620,CHEMBL244_Ki
62569839,d_nn_sim,0.7329854809437386,61,620,CHEMBL244_Ki
62569839,naive_proxy,0.7994323557237465,61,620,CHEMBL244_Ki
62569839,oracle,0.5912961210974456,61,620,CHEMBL244_Ki
62569839,rf_std,0.7718408164462301,61,620,CHEMBL244_Ki
71339737,d_nb,0.6567891972993248,62,664,CHEMBL214_Ki
71339737,d_wstd,0.533025496888175,62,664,CHEMBL214_Ki
71339737,d_std,0.5297965602623302,62,664,CHEMBL214_Ki
71339737,d_range,0.47743090410225525,62,664,CHEMBL214_Ki
71339737,d_iqr,0.6442368496694453,62,664,CHEMBL214_Ki
71339737,d_pair_gap,0.3915175222377023,62,664,CHEMBL214_Ki
71339737,d_nn_sim,0.6312654754734658,62,664,CHEMBL214_Ki
71339737,naive_proxy,0.7026515151515151,62,664,CHEMBL214_Ki
71339737,oracle,0.8503787878787878,62,664,CHEMBL214_Ki
71339737,rf_std,0.7142053370485478,62,664,CHEMBL214_Ki
99182118,d_nb,0.6196285598459511,66,664,CHEMBL214_Ki
99182118,d_wstd,0.6385007974481659,66,664,CHEMBL214_Ki
99182118,d_std,0.6402711323763955,66,664,CHEMBL214_Ki
99182118,d_range,0.5870494417862839,66,664,CHEMBL214_Ki
99182118,d_iqr,0.6809635994087213,66,664,CHEMBL214_Ki
99182118,d_pair_gap,0.3491309415222459,66,664,CHEMBL214_Ki
99182118,d_nn_sim,0.5960446570972887,66,664,CHEMBL214_Ki
99182118,naive_proxy,0.6652037617554859,66,664,CHEMBL214_Ki
99182118,oracle,0.8871473354231975,66,664,CHEMBL214_Ki
99182118,rf_std,0.7360646599777034,66,664,CHEMBL214_Ki
89709943,d_nb,0.6220553089791738,58,664,CHEMBL214_Ki
89709943,d_wstd,0.5521509895315962,58,664,CHEMBL214_Ki
89709943,d_std,0.5524757392832582,58,664,CHEMBL214_Ki
89709943,d_range,0.5149193856498816,58,664,CHEMBL214_Ki
89709943,d_iqr,0.6174866627148785,58,664,CHEMBL214_Ki
89709943,d_pair_gap,0.4049448048253101,58,664,CHEMBL214_Ki
89709943,d_nn_sim,0.6616107587682433,58,664,CHEMBL214_Ki
89709943,naive_proxy,0.5132450331125827,58,664,CHEMBL214_Ki
89709943,oracle,0.859271523178808,58,664,CHEMBL214_Ki
89709943,rf_std,0.7334414475930352,58,664,CHEMBL214_Ki
86921808,d_nb,0.640341441064563,87,664,CHEMBL214_Ki
86921808,d_wstd,0.577354415307507,87,664,CHEMBL214_Ki
86921808,d_std,0.5760390994932573,87,664,CHEMBL214_Ki
86921808,d_range,0.5366903885027552,87,664,CHEMBL214_Ki
86921808,d_iqr,0.560040285094515,87,664,CHEMBL214_Ki
86921808,d_pair_gap,0.4411442459013128,87,664,CHEMBL214_Ki
86921808,d_nn_sim,0.5797635200620275,87,664,CHEMBL214_Ki
86921808,naive_proxy,0.6375661375661376,87,664,CHEMBL214_Ki
86921808,oracle,0.8227513227513228,87,664,CHEMBL214_Ki
86921808,rf_std,0.778919898802765,87,664,CHEMBL214_Ki
89165191,d_nb,0.683617107530151,66,664,CHEMBL214_Ki
89165191,d_wstd,0.5488609112709832,66,664,CHEMBL214_Ki
89165191,d_std,0.5413169464428457,66,664,CHEMBL214_Ki
89165191,d_range,0.4787336797228884,66,664,CHEMBL214_Ki
89165191,d_iqr,0.5870693588866074,66,664,CHEMBL214_Ki
89165191,d_pair_gap,0.39216580520928346,66,664,CHEMBL214_Ki
89165191,d_nn_sim,0.6618705035971223,66,664,CHEMBL214_Ki
89165191,naive_proxy,0.557088122605364,66,664,CHEMBL214_Ki
89165191,oracle,0.9172413793103448,66,664,CHEMBL214_Ki
89165191,rf_std,0.7063443802574237,66,664,CHEMBL214_Ki
34332121,d_nb,0.6204133821321322,72,664,CHEMBL214_Ki
34332121,d_wstd,0.5022933867066967,72,664,CHEMBL214_Ki
34332121,d_std,0.5,72,664,CHEMBL214_Ki
34332121,d_range,0.4678647874794985,72,664,CHEMBL214_Ki
34332121,d_iqr,0.577631407895307,72,664,CHEMBL214_Ki
34332121,d_pair_gap,0.44881991366366364,72,664,CHEMBL214_Ki
34332121,d_nn_sim,0.6075945848275095,72,664,CHEMBL214_Ki
34332121,naive_proxy,0.6432748538011696,72,664,CHEMBL214_Ki
34332121,oracle,0.9598997493734336,72,664,CHEMBL214_Ki
34332121,rf_std,0.765625,72,664,CHEMBL214_Ki
57652534,d_nb,0.5967167415208301,77,664,CHEMBL214_Ki
57652534,d_wstd,0.5623854484865315,77,664,CHEMBL214_Ki
57652534,d_std,0.5596917522910303,77,664,CHEMBL214_Ki
57652534,d_range,0.5145792835323522,77,664,CHEMBL214_Ki
57652534,d_iqr,0.630428617728083,77,664,CHEMBL214_Ki
57652534,d_pair_gap,0.4507953715790172,77,664,CHEMBL214_Ki
57652534,d_nn_sim,0.6767425715079145,77,664,CHEMBL214_Ki
57652534,naive_proxy,0.5855130784708249,77,664,CHEMBL214_Ki
57652534,oracle,0.9305835010060363,77,664,CHEMBL214_Ki
57652534,rf_std,0.6961437199938052,77,664,CHEMBL214_Ki
65555877,d_nb,0.6703094901759342,65,664,CHEMBL214_Ki
65555877,d_wstd,0.608715938783128,65,664,CHEMBL214_Ki
65555877,d_std,0.6090518850317282,65,664,CHEMBL214_Ki
65555877,d_range,0.5463419186263531,65,664,CHEMBL214_Ki
65555877,d_iqr,0.6487268518518519,65,664,CHEMBL214_Ki
65555877,d_pair_gap,0.37427764222421983,65,664,CHEMBL214_Ki
65555877,d_nn_sim,0.601063829787234,65,664,CHEMBL214_Ki
65555877,naive_proxy,0.7012820512820512,65,664,CHEMBL214_Ki
65555877,oracle,0.9064102564102564,65,664,CHEMBL214_Ki
65555877,rf_std,0.7817387954282778,65,664,CHEMBL214_Ki
80882938,d_nb,0.6467295725108225,48,664,CHEMBL214_Ki
80882938,d_wstd,0.5473752151462995,48,664,CHEMBL214_Ki
80882938,d_std,0.5424913941480206,48,664,CHEMBL214_Ki
80882938,d_range,0.4940404475043029,48,664,CHEMBL214_Ki
80882938,d_iqr,0.6346563476285146,48,664,CHEMBL214_Ki
80882938,d_pair_gap,0.4330695346320346,48,664,CHEMBL214_Ki
80882938,d_nn_sim,0.5266566265060241,48,664,CHEMBL214_Ki
80882938,naive_proxy,0.7506666666666667,48,664,CHEMBL214_Ki
80882938,oracle,0.868,48,664,CHEMBL214_Ki
80882938,rf_std,0.7869318181818182,48,664,CHEMBL214_Ki
62569839,d_nb,0.6376547356299779,51,664,CHEMBL214_Ki
62569839,d_wstd,0.611650266317595,51,664,CHEMBL214_Ki
62569839,d_std,0.6067075923083868,51,664,CHEMBL214_Ki
62569839,d_range,0.5746592037555295,51,664,CHEMBL214_Ki
62569839,d_iqr,0.6708578912901113,51,664,CHEMBL214_Ki
62569839,d_pair_gap,0.4726673703739244,51,664,CHEMBL214_Ki
62569839,d_nn_sim,0.5032951160061389,51,664,CHEMBL214_Ki
62569839,naive_proxy,0.4909722222222222,51,664,CHEMBL214_Ki
62569839,oracle,0.9326388888888889,51,664,CHEMBL214_Ki
62569839,rf_std,0.7358858714774654,51,664,CHEMBL214_Ki
71339737,d_nb,0.5524710764587525,71,519,CHEMBL236_Ki
71339737,d_wstd,0.6317667157979365,71,519,CHEMBL236_Ki
71339737,d_std,0.6263399437223637,71,519,CHEMBL236_Ki
71339737,d_range,0.5776329894144446,71,519,CHEMBL236_Ki
71339737,d_iqr,0.6118251928020566,71,519,CHEMBL236_Ki
71339737,d_pair_gap,0.5152948943661971,71,519,CHEMBL236_Ki
71339737,d_nn_sim,0.5934945732279244,71,519,CHEMBL236_Ki
71339737,naive_proxy,0.7213541666666666,71,519,CHEMBL236_Ki
71339737,oracle,0.7977430555555556,71,519,CHEMBL236_Ki
71339737,rf_std,0.761569416498994,71,519,CHEMBL236_Ki
99182118,d_nb,0.5266987635408688,38,519,CHEMBL236_Ki
99182118,d_wstd,0.5765215852795471,38,519,CHEMBL236_Ki
99182118,d_std,0.5659943382873319,38,519,CHEMBL236_Ki
99182118,d_range,0.5424333569238028,38,519,CHEMBL236_Ki
99182118,d_iqr,0.5476089566998658,38,519,CHEMBL236_Ki
99182118,d_pair_gap,0.5482000218842324,38,519,CHEMBL236_Ki
99182118,d_nn_sim,0.5380101439018636,38,519,CHEMBL236_Ki
99182118,naive_proxy,0.8441780821917808,38,519,CHEMBL236_Ki
99182118,oracle,0.6797945205479452,38,519,CHEMBL236_Ki
99182118,rf_std,0.7180216653900865,38,519,CHEMBL236_Ki
89709943,d_nb,0.6475901253918496,55,519,CHEMBL236_Ki
89709943,d_wstd,0.6644101021152443,55,519,CHEMBL236_Ki
89709943,d_std,0.6602388767323122,55,519,CHEMBL236_Ki
89709943,d_range,0.5754695477753464,55,519,CHEMBL236_Ki
89709943,d_iqr,0.6935196724230016,55,519,CHEMBL236_Ki
89709943,d_pair_gap,0.4380094043887147,55,519,CHEMBL236_Ki
89709943,d_nn_sim,0.6448304157549234,55,519,CHEMBL236_Ki
89709943,naive_proxy,0.7828282828282829,55,519,CHEMBL236_Ki
89709943,oracle,0.7508417508417509,55,519,CHEMBL236_Ki
89709943,rf_std,0.8043887147335423,55,519,CHEMBL236_Ki
86921808,d_nb,0.6107826851670901,43,519,CHEMBL236_Ki
86921808,d_wstd,0.6056530534142475,43,519,CHEMBL236_Ki
86921808,d_std,0.6001038762232792,43,519,CHEMBL236_Ki
86921808,d_range,0.5483571155212946,43,519,CHEMBL236_Ki
86921808,d_iqr,0.6548363095238096,43,519,CHEMBL236_Ki
86921808,d_pair_gap,0.446843853820598,43,519,CHEMBL236_Ki
86921808,d_nn_sim,0.5899896123776721,43,519,CHEMBL236_Ki
86921808,naive_proxy,0.7513368983957219,43,519,CHEMBL236_Ki
86921808,oracle,0.7840909090909091,43,519,CHEMBL236_Ki
86921808,rf_std,0.7404729333593902,43,519,CHEMBL236_Ki
89165191,d_nb,0.655369790808763,52,519,CHEMBL236_Ki
89165191,d_wstd,0.5956314243759178,52,519,CHEMBL236_Ki
89165191,d_std,0.5879451174743024,52,519,CHEMBL236_Ki
89165191,d_range,0.5234489720998532,52,519,CHEMBL236_Ki
89165191,d_iqr,0.574490415953157,52,519,CHEMBL236_Ki
89165191,d_pair_gap,0.45542332399934116,52,519,CHEMBL236_Ki
89165191,d_nn_sim,0.6120365271659325,52,519,CHEMBL236_Ki
89165191,naive_proxy,0.9520676691729323,52,519,CHEMBL236_Ki
89165191,oracle,0.5737781954887218,52,519,CHEMBL236_Ki
89165191,rf_std,0.8015977598418712,52,519,CHEMBL236_Ki
34332121,d_nb,0.6132836990595611,55,519,CHEMBL236_Ki
34332121,d_wstd,0.6710772634445201,55,519,CHEMBL236_Ki
34332121,d_std,0.664674098025868,55,519,CHEMBL236_Ki
34332121,d_range,0.591750340367597,55,519,CHEMBL236_Ki
34332121,d_iqr,0.7004633715798765,55,519,CHEMBL236_Ki
34332121,d_pair_gap,0.5253722570532915,55,519,CHEMBL236_Ki
34332121,d_nn_sim,0.5547779101429544,55,519,CHEMBL236_Ki
34332121,naive_proxy,0.7746478873239436,55,519,CHEMBL236_Ki
34332121,oracle,0.6140845070422535,55,519,CHEMBL236_Ki
34332121,rf_std,0.7804075235109718,55,519,CHEMBL236_Ki
57652534,d_nb,0.5915762049500651,49,519,CHEMBL236_Ki
57652534,d_wstd,0.5821461609620722,49,519,CHEMBL236_Ki
57652534,d_std,0.5750693802035153,49,519,CHEMBL236_Ki
57652534,d_range,0.5384828862164662,49,519,CHEMBL236_Ki
57652534,d_iqr,0.6386119128837575,49,519,CHEMBL236_Ki
57652534,d_pair_gap,0.49307425097698654,49,519,CHEMBL236_Ki
57652534,d_nn_sim,0.5974329324699352,49,519,CHEMBL236_Ki
57652534,naive_proxy,0.6783284742468416,49,519,CHEMBL236_Ki
57652534,oracle,0.7546161321671526,49,519,CHEMBL236_Ki
57652534,rf_std,0.7305688232739904,49,519,CHEMBL236_Ki
65555877,d_nb,0.5639199423007573,47,519,CHEMBL236_Ki
65555877,d_wstd,0.7020507862195308,47,519,CHEMBL236_Ki
65555877,d_std,0.695613454786016,47,519,CHEMBL236_Ki
65555877,d_range,0.6354638440791818,47,519,CHEMBL236_Ki
65555877,d_iqr,0.6555929095354524,47,519,CHEMBL236_Ki
65555877,d_pair_gap,0.5206905878110349,47,519,CHEMBL236_Ki
65555877,d_nn_sim,0.5211185181415704,47,519,CHEMBL236_Ki
65555877,naive_proxy,0.7224903474903475,47,519,CHEMBL236_Ki
65555877,oracle,0.7463803088803089,47,519,CHEMBL236_Ki
65555877,rf_std,0.7748377208799134,47,519,CHEMBL236_Ki
80882938,d_nb,0.6304814423457932,67,519,CHEMBL236_Ki
80882938,d_wstd,0.6215542521994135,67,519,CHEMBL236_Ki
80882938,d_std,0.6177785923753666,67,519,CHEMBL236_Ki
80882938,d_range,0.5766129032258065,67,519,CHEMBL236_Ki
80882938,d_iqr,0.6329218106995885,67,519,CHEMBL236_Ki
80882938,d_pair_gap,0.4871549332981112,67,519,CHEMBL236_Ki
80882938,d_nn_sim,0.6354288856304985,67,519,CHEMBL236_Ki
80882938,naive_proxy,0.6939597315436241,67,519,CHEMBL236_Ki
80882938,oracle,0.7288590604026846,67,519,CHEMBL236_Ki
80882938,rf_std,0.7987386078457271,67,519,CHEMBL236_Ki
62569839,d_nb,0.5527661795407098,40,519,CHEMBL236_Ki
62569839,d_wstd,0.6456934641648018,40,519,CHEMBL236_Ki
62569839,d_std,0.6395822574166523,40,519,CHEMBL236_Ki
62569839,d_range,0.6073908303207666,40,519,CHEMBL236_Ki
62569839,d_iqr,0.6577092824601367,40,519,CHEMBL236_Ki
62569839,d_pair_gap,0.5593945720250522,40,519,CHEMBL236_Ki
62569839,d_nn_sim,0.5753428587823493,40,519,CHEMBL236_Ki
62569839,naive_proxy,0.79082774049217,40,519,CHEMBL236_Ki
62569839,oracle,0.6733780760626398,40,519,CHEMBL236_Ki
62569839,rf_std,0.7880480167014614,40,519,CHEMBL236_Ki
71339737,d_nb,0.5289162112932605,63,551,CHEMBL204_Ki
71339737,d_wstd,0.6408045977011494,63,551,CHEMBL204_Ki
71339737,d_std,0.6421156609195402,63,551,CHEMBL204_Ki
71339737,d_range,0.6218570402298851,63,551,CHEMBL204_Ki
71339737,d_iqr,0.6726009552757273,63,551,CHEMBL204_Ki
71339737,d_pair_gap,0.49079495186052563,63,551,CHEMBL204_Ki
71339737,d_nn_sim,0.6034123563218391,63,551,CHEMBL204_Ki
71339737,naive_proxy,0.5042511445389143,63,551,CHEMBL204_Ki
71339737,oracle,0.8574231523871811,63,551,CHEMBL204_Ki
71339737,rf_std,0.7570908144678636,63,551,CHEMBL204_Ki
99182118,d_nb,0.6367369345630215,45,551,CHEMBL204_Ki
99182118,d_wstd,0.5616702758685623,45,551,CHEMBL204_Ki
99182118,d_std,0.5599284436493739,45,551,CHEMBL204_Ki
99182118,d_range,0.4981875529611148,45,551,CHEMBL204_Ki
99182118,d_iqr,0.6567964368195315,45,551,CHEMBL204_Ki
99182118,d_pair_gap,0.41695212999560827,45,551,CHEMBL204_Ki
99182118,d_nn_sim,0.66290838904058,45,551,CHEMBL204_Ki
99182118,naive_proxy,0.6174242424242424,45,551,CHEMBL204_Ki
99182118,oracle,0.8153409090909091,45,551,CHEMBL204_Ki
99182118,rf_std,0.822266139657444,45,551,CHEMBL204_Ki
89709943,d_nb,0.5882910030133448,46,551,CHEMBL204_Ki
89709943,d_wstd,0.6224558371735791,46,551,CHEMBL204_Ki
89709943,d_std,0.6215677803379416,46,551,CHEMBL204_Ki
89709943,d_range,0.57642089093702,46,551,CHEMBL204_Ki
89709943,d_iqr,0.7216652136006975,46,551,CHEMBL204_Ki
89709943,d_pair_gap,0.4555101162290142,46,551,CHEMBL204_Ki
89709943,d_nn_sim,0.6040706605222734,46,551,CHEMBL204_Ki
89709943,naive_proxy,0.6452554744525547,46,551,CHEMBL204_Ki
89709943,oracle,0.8963503649635036,46,551,CHEMBL204_Ki
89709943,rf_std,0.7994834266035299,46,551,CHEMBL204_Ki
86921808,d_nb,0.5180212181490954,92,551,CHEMBL204_Ki
86921808,d_wstd,0.6720236890058716,92,551,CHEMBL204_Ki
86921808,d_std,0.6720236890058716,92,551,CHEMBL204_Ki
86921808,d_range,0.6409698319497874,92,551,CHEMBL204_Ki
86921808,d_iqr,0.6791836734693878,92,551,CHEMBL204_Ki
86921808,d_pair_gap,0.5523941460642228,92,551,CHEMBL204_Ki
86921808,d_nn_sim,0.582051022474185,92,551,CHEMBL204_Ki
86921808,naive_proxy,0.7616995073891626,92,551,CHEMBL204_Ki
86921808,oracle,0.8522167487684729,92,551,CHEMBL204_Ki
86921808,rf_std,0.8358435161504215,92,551,CHEMBL204_Ki
89165191,d_nb,0.5377932551319649,55,551,CHEMBL204_Ki
89165191,d_wstd,0.6657210602083157,55,551,CHEMBL204_Ki
89165191,d_std,0.6673723431281227,55,551,CHEMBL204_Ki
89165191,d_range,0.6424760775679567,55,551,CHEMBL204_Ki
89165191,d_iqr,0.6910084033613445,55,551,CHEMBL204_Ki
89165191,d_pair_gap,0.5175219941348974,55,551,CHEMBL204_Ki
89165191,d_nn_sim,0.5819502074688797,55,551,CHEMBL204_Ki
89165191,naive_proxy,0.4266409266409266,55,551,CHEMBL204_Ki
89165191,oracle,0.887065637065637,55,551,CHEMBL204_Ki
89165191,rf_std,0.8042888563049854,55,551,CHEMBL204_Ki
34332121,d_nb,0.5199675324675325,56,551,CHEMBL204_Ki
34332121,d_wstd,0.6356926268751995,56,551,CHEMBL204_Ki
34332121,d_std,0.6340967124162145,56,551,CHEMBL204_Ki
34332121,d_range,0.6151851260772423,56,551,CHEMBL204_Ki
34332121,d_iqr,0.6732861956581782,56,551,CHEMBL204_Ki
34332121,d_pair_gap,0.4747294372294372,56,551,CHEMBL204_Ki
34332121,d_nn_sim,0.6098388126396426,56,551,CHEMBL204_Ki
34332121,naive_proxy,0.7590551181102362,56,551,CHEMBL204_Ki
34332121,oracle,0.5511811023622047,56,551,CHEMBL204_Ki
34332121,rf_std,0.7991702741702742,56,551,CHEMBL204_Ki
57652534,d_nb,0.5665176506859874,52,551,CHEMBL204_Ki
57652534,d_wstd,0.627018905721798,52,551,CHEMBL204_Ki
57652534,d_std,0.6216351571303368,52,551,CHEMBL204_Ki
57652534,d_range,0.5886857810608906,52,551,CHEMBL204_Ki
57652534,d_iqr,0.6703268348623853,52,551,CHEMBL204_Ki
57652534,d_pair_gap,0.4496878372128873,52,551,CHEMBL204_Ki
57652534,d_nn_sim,0.6749092274946789,52,551,CHEMBL204_Ki
57652534,naive_proxy,0.6929223744292238,52,551,CHEMBL204_Ki
57652534,oracle,0.7054794520547946,52,551,CHEMBL204_Ki
57652534,rf_std,0.8331277940496378,52,551,CHEMBL204_Ki
65555877,d_nb,0.5983698165561893,52,551,CHEMBL204_Ki
65555877,d_wstd,0.6591794828814482,52,551,CHEMBL204_Ki
65555877,d_std,0.6542764949922474,52,551,CHEMBL204_Ki
65555877,d_range,0.6024598751204794,52,551,CHEMBL204_Ki
65555877,d_iqr,0.7148521761197818,52,551,CHEMBL204_Ki
65555877,d_pair_gap,0.41587020194234625,52,551,CHEMBL204_Ki
65555877,d_nn_sim,0.6126220508737376,52,551,CHEMBL204_Ki
65555877,naive_proxy,0.8540816326530613,52,551,CHEMBL204_Ki
65555877,oracle,0.7683673469387755,52,551,CHEMBL204_Ki
65555877,rf_std,0.8264991521504548,52,551,CHEMBL204_Ki
80882938,d_nb,0.5825270796087917,37,551,CHEMBL204_Ki
80882938,d_wstd,0.6157599855412976,37,551,CHEMBL204_Ki
80882938,d_std,0.6131694680402434,37,551,CHEMBL204_Ki
80882938,d_range,0.5957286583529128,37,551,CHEMBL204_Ki
80882938,d_iqr,0.650158013544018,37,551,CHEMBL204_Ki
80882938,d_pair_gap,0.5139604585129877,37,551,CHEMBL204_Ki
80882938,d_nn_sim,0.5713898427616122,37,551,CHEMBL204_Ki
80882938,naive_proxy,0.6106442577030813,37,551,CHEMBL204_Ki
80882938,oracle,0.8403361344537815,37,551,CHEMBL204_Ki
80882938,rf_std,0.8055526343464087,37,551,CHEMBL204_Ki
62569839,d_nb,0.5970238095238095,56,551,CHEMBL204_Ki
62569839,d_wstd,0.6353585275446295,56,551,CHEMBL204_Ki
62569839,d_std,0.6335264794853223,56,551,CHEMBL204_Ki
62569839,d_range,0.605001917259597,56,551,CHEMBL204_Ki
62569839,d_iqr,0.733668041360349,56,551,CHEMBL204_Ki
62569839,d_pair_gap,0.4490981240981241,56,551,CHEMBL204_Ki
62569839,d_nn_sim,0.6063866047462827,56,551,CHEMBL204_Ki
62569839,naive_proxy,0.6852112676056338,56,551,CHEMBL204_Ki
62569839,oracle,0.7940140845070423,56,551,CHEMBL204_Ki
62569839,rf_std,0.811002886002886,56,551,CHEMBL204_Ki
71339737,d_nb,0.593491124260355,65,520,CHEMBL237_Ki
71339737,d_wstd,0.5918864678899083,65,520,CHEMBL237_Ki
71339737,d_std,0.5877498361730014,65,520,CHEMBL237_Ki
71339737,d_range,0.523673001310616,65,520,CHEMBL237_Ki
71339737,d_iqr,0.6257056946489936,65,520,CHEMBL237_Ki
71339737,d_pair_gap,0.44808114961961115,65,520,CHEMBL237_Ki
71339737,d_nn_sim,0.6006716906946264,65,520,CHEMBL237_Ki
71339737,naive_proxy,0.5334742776603242,65,520,CHEMBL237_Ki
71339737,oracle,0.9351656095842142,65,520,CHEMBL237_Ki
71339737,rf_std,0.7619611158072697,65,520,CHEMBL237_Ki
99182118,d_nb,0.6452991452991453,52,520,CHEMBL237_Ki
99182118,d_wstd,0.556131671582152,52,520,CHEMBL237_Ki
99182118,d_std,0.5542051184473409,52,520,CHEMBL237_Ki
99182118,d_range,0.5117733802682903,52,520,CHEMBL237_Ki
99182118,d_iqr,0.6922775689223057,52,520,CHEMBL237_Ki
99182118,d_pair_gap,0.4012368507560815,52,520,CHEMBL237_Ki
99182118,d_nn_sim,0.6508419750737323,52,520,CHEMBL237_Ki
99182118,naive_proxy,0.7105691056910569,52,520,CHEMBL237_Ki
99182118,oracle,0.8943089430894309,52,520,CHEMBL237_Ki
99182118,rf_std,0.8162393162393162,52,520,CHEMBL237_Ki
89709943,d_nb,0.5829157990629881,68,520,CHEMBL237_Ki
89709943,d_wstd,0.5659562211981567,68,520,CHEMBL237_Ki
89709943,d_std,0.5651127386438446,68,520,CHEMBL237_Ki
89709943,d_range,0.5408780447662936,68,520,CHEMBL237_Ki
89709943,d_iqr,0.5908494229612208,68,520,CHEMBL237_Ki
89709943,d_pair_gap,0.4571024206142634,68,520,CHEMBL237_Ki
89709943,d_nn_sim,0.612471198156682,68,520,CHEMBL237_Ki
89709943,naive_proxy,0.6614219114219114,68,520,CHEMBL237_Ki
89709943,oracle,0.828088578088578,68,520,CHEMBL237_Ki
89709943,rf_std,0.754424778761062,68,520,CHEMBL237_Ki
86921808,d_nb,0.6176031081888822,42,520,CHEMBL237_Ki
86921808,d_wstd,0.5905507035419699,42,520,CHEMBL237_Ki
86921808,d_std,0.5896106259097526,42,520,CHEMBL237_Ki
86921808,d_range,0.5452147016011645,42,520,CHEMBL237_Ki
86921808,d_iqr,0.5621105110095554,42,520,CHEMBL237_Ki
86921808,d_pair_gap,0.42100019924287707,42,520,CHEMBL237_Ki
86921808,d_nn_sim,0.6774623968947113,42,520,CHEMBL237_Ki
86921808,naive_proxy,0.950354609929078,42,520,CHEMBL237_Ki
86921808,oracle,0.1347517730496454,42,520,CHEMBL237_Ki
86921808,rf_std,0.7774457063159992,42,520,CHEMBL237_Ki
89165191,d_nb,0.6250052259709854,51,520,CHEMBL237_Ki
89165191,d_wstd,0.5158288179811359,51,520,CHEMBL237_Ki
89165191,d_std,0.5127684126028497,51,520,CHEMBL237_Ki
89165191,d_range,0.4798314268512944,51,520,CHEMBL237_Ki
89165191,d_iqr,0.6004072181411689,51,520,CHEMBL237_Ki
89165191,d_pair_gap,0.4243906517831013,51,520,CHEMBL237_Ki
89165191,d_nn_sim,0.5870459562512542,51,520,CHEMBL237_Ki
89165191,naive_proxy,0.6442577030812325,51,520,CHEMBL237_Ki
89165191,oracle,0.738562091503268,51,520,CHEMBL237_Ki
89165191,rf_std,0.7815544128099001,51,520,CHEMBL237_Ki
34332121,d_nb,0.732890625,40,520,CHEMBL237_Ki
34332121,d_wstd,0.5062231759656652,40,520,CHEMBL237_Ki
34332121,d_std,0.499928469241774,40,520,CHEMBL237_Ki
34332121,d_range,0.43680257510729614,40,520,CHEMBL237_Ki
34332121,d_iqr,0.5984115670501986,40,520,CHEMBL237_Ki
34332121,d_pair_gap,0.34447916666666667,40,520,CHEMBL237_Ki
34332121,d_nn_sim,0.7778254649499284,40,520,CHEMBL237_Ki
34332121,naive_proxy,0.4340277777777778,40,520,CHEMBL237_Ki
34332121,oracle,0.9305555555555556,40,520,CHEMBL237_Ki
34332121,rf_std,0.8025520833333334,40,520,CHEMBL237_Ki
57652534,d_nb,0.5783829455349019,49,520,CHEMBL237_Ki
57652534,d_wstd,0.5757339973026248,49,520,CHEMBL237_Ki
57652534,d_std,0.563881107998755,49,520,CHEMBL237_Ki
57652534,d_range,0.5230573710965868,49,520,CHEMBL237_Ki
57652534,d_iqr,0.6080097087378641,49,520,CHEMBL237_Ki
57652534,d_pair_gap,0.44339009489145975,49,520,CHEMBL237_Ki
57652534,d_nn_sim,0.5965349102604005,49,520,CHEMBL237_Ki
57652534,naive_proxy,0.5844155844155844,49,520,CHEMBL237_Ki
57652534,oracle,0.9461038961038961,49,520,CHEMBL237_Ki
57652534,rf_std,0.7442263529615668,49,520,CHEMBL237_Ki
65555877,d_nb,0.5690928270042194,46,520,CHEMBL237_Ki
65555877,d_wstd,0.6427498748539964,46,520,CHEMBL237_Ki
65555877,d_std,0.6400800934423494,46,520,CHEMBL237_Ki
65555877,d_range,0.5909672395572613,46,520,CHEMBL237_Ki
65555877,d_iqr,0.5944723618090453,46,520,CHEMBL237_Ki
65555877,d_pair_gap,0.491515318290222,46,520,CHEMBL237_Ki
65555877,d_nn_sim,0.6000055620446076,46,520,CHEMBL237_Ki
65555877,naive_proxy,0.47246376811594204,46,520,CHEMBL237_Ki
65555877,oracle,0.936231884057971,46,520,CHEMBL237_Ki
65555877,rf_std,0.7521555677857273,46,520,CHEMBL237_Ki
80882938,d_nb,0.5890891579526693,46,520,CHEMBL237_Ki
80882938,d_wstd,0.5304005722460658,46,520,CHEMBL237_Ki
80882938,d_std,0.5199775189045576,46,520,CHEMBL237_Ki
80882938,d_range,0.48643470263641936,46,520,CHEMBL237_Ki
80882938,d_iqr,0.5795175340629886,46,520,CHEMBL237_Ki
80882938,d_pair_gap,0.4179966978536048,46,520,CHEMBL237_Ki
80882938,d_nn_sim,0.6409155937052933,46,520,CHEMBL237_Ki
80882938,naive_proxy,0.4,46,520,CHEMBL237_Ki
80882938,oracle,0.9586206896551724,46,520,CHEMBL237_Ki
80882938,rf_std,0.7798569069895432,46,520,CHEMBL237_Ki
62569839,d_nb,0.5460105020491803,32,520,CHEMBL237_Ki
62569839,d_wstd,0.5526555174585404,32,520,CHEMBL237_Ki
62569839,d_std,0.5466377440347071,32,520,CHEMBL237_Ki
62569839,d_range,0.5168637604086488,32,520,CHEMBL237_Ki
62569839,d_iqr,0.6876717032967034,32,520,CHEMBL237_Ki
62569839,d_pair_gap,0.5381659836065574,32,520,CHEMBL237_Ki
62569839,d_nn_sim,0.6038415786159121,32,520,CHEMBL237_Ki
62569839,naive_proxy,0.6208651399491094,32,520,CHEMBL237_Ki
62569839,oracle,0.8231552162849872,32,520,CHEMBL237_Ki
62569839,rf_std,0.7547387295081968,32,520,CHEMBL237_Ki
71339737,d_nb,0.7101581928709588,56,573,CHEMBL264_Ki
71339737,d_wstd,0.6149738264099966,56,573,CHEMBL264_Ki
71339737,d_std,0.6103934481594057,56,573,CHEMBL264_Ki
71339737,d_range,0.5372129348193178,56,573,CHEMBL264_Ki
71339737,d_iqr,0.6297112090063632,56,573,CHEMBL264_Ki
71339737,d_pair_gap,0.4484318872616745,56,573,CHEMBL264_Ki
71339737,d_nn_sim,0.7006712259371833,56,573,CHEMBL264_Ki
71339737,naive_proxy,0.7443478260869565,56,573,CHEMBL264_Ki
71339737,oracle,0.8469565217391304,56,573,CHEMBL264_Ki
71339737,rf_std,0.8093741365017961,56,573,CHEMBL264_Ki
99182118,d_nb,0.6587211444007859,64,573,CHEMBL264_Ki
99182118,d_wstd,0.5122105263157894,64,573,CHEMBL264_Ki
99182118,d_std,0.5093859649122807,64,573,CHEMBL264_Ki
99182118,d_range,0.484140350877193,64,573,CHEMBL264_Ki
99182118,d_iqr,0.5732886904761905,64,573,CHEMBL264_Ki
99182118,d_pair_gap,0.4521273330058939,64,573,CHEMBL264_Ki
99182118,d_nn_sim,0.6600175438596492,64,573,CHEMBL264_Ki
99182118,naive_proxy,0.8557692307692307,64,573,CHEMBL264_Ki
99182118,oracle,0.5403846153846154,64,573,CHEMBL264_Ki
99182118,rf_std,0.7366466110019646,64,573,CHEMBL264_Ki
89709943,d_nb,0.7046027397260274,73,573,CHEMBL264_Ki
89709943,d_wstd,0.5740657126979717,73,573,CHEMBL264_Ki
89709943,d_std,0.5657474298416226,73,573,CHEMBL264_Ki
89709943,d_range,0.524676993609336,73,573,CHEMBL264_Ki
89709943,d_iqr,0.546943488711882,73,573,CHEMBL264_Ki
89709943,d_pair_gap,0.42415068493150687,73,573,CHEMBL264_Ki
89709943,d_nn_sim,0.5605029174770769,73,573,CHEMBL264_Ki
89709943,naive_proxy,0.9097222222222222,73,573,CHEMBL264_Ki
89709943,oracle,0.5541666666666667,73,573,CHEMBL264_Ki
89709943,rf_std,0.7581643835616438,73,573,CHEMBL264_Ki
86921808,d_nb,0.6410748560460653,52,573,CHEMBL264_Ki
86921808,d_wstd,0.6017812212947802,52,573,CHEMBL264_Ki
86921808,d_std,0.5977475138783498,52,573,CHEMBL264_Ki
86921808,d_range,0.5507009065857262,52,573,CHEMBL264_Ki
86921808,d_iqr,0.6287472035794184,52,573,CHEMBL264_Ki
86921808,d_pair_gap,0.5265022884984497,52,573,CHEMBL264_Ki
86921808,d_nn_sim,0.598506330125005,52,573,CHEMBL264_Ki
86921808,naive_proxy,0.6163265306122448,52,573,CHEMBL264_Ki
86921808,oracle,0.8435374149659864,52,573,CHEMBL264_Ki
86921808,rf_std,0.7569393178798169,52,573,CHEMBL264_Ki
89165191,d_nb,0.7015594541910332,60,573,CHEMBL264_Ki
89165191,d_wstd,0.5845394492689082,60,573,CHEMBL264_Ki
89165191,d_std,0.5767831960216729,60,573,CHEMBL264_Ki
89165191,d_range,0.5120426037259704,60,573,CHEMBL264_Ki
89165191,d_iqr,0.5879185267857143,60,573,CHEMBL264_Ki
89165191,d_pair_gap,0.4400259909031839,60,573,CHEMBL264_Ki
89165191,d_nn_sim,0.6534736138944556,60,573,CHEMBL264_Ki
89165191,naive_proxy,0.5796252927400468,60,573,CHEMBL264_Ki
89165191,oracle,0.7985948477751756,60,573,CHEMBL264_Ki
89165191,rf_std,0.7459389213775178,60,573,CHEMBL264_Ki
34332121,d_nb,0.7291978876757297,54,573,CHEMBL264_Ki
34332121,d_wstd,0.5883663366336633,54,573,CHEMBL264_Ki
34332121,d_std,0.5857560756075607,54,573,CHEMBL264_Ki
34332121,d_range,0.4999324932493249,54,573,CHEMBL264_Ki
34332121,d_iqr,0.6702040816326531,54,573,CHEMBL264_Ki
34332121,d_pair_gap,0.3800578034682081,54,573,CHEMBL264_Ki
34332121,d_nn_sim,0.6295004500450045,54,573,CHEMBL264_Ki
34332121,naive_proxy,0.5658536585365853,54,573,CHEMBL264_Ki
34332121,oracle,0.8991869918699187,54,573,CHEMBL264_Ki
34332121,rf_std,0.7256832940840648,54,573,CHEMBL264_Ki
57652534,d_nb,0.7036081028000674,71,573,CHEMBL264_Ki
57652534,d_wstd,0.5657916792383251,71,573,CHEMBL264_Ki
57652534,d_std,0.5597740453920681,71,573,CHEMBL264_Ki
57652534,d_range,0.49292634684367564,71,573,CHEMBL264_Ki
57652534,d_iqr,0.5812790023201856,71,573,CHEMBL264_Ki
57652534,d_pair_gap,0.43555356040626225,71,573,CHEMBL264_Ki
57652534,d_nn_sim,0.5802239431425794,71,573,CHEMBL264_Ki
57652534,naive_proxy,0.7037617554858934,71,573,CHEMBL264_Ki
57652534,oracle,0.7797805642633229,71,573,CHEMBL264_Ki
57652534,rf_std,0.7570001683407216,71,573,CHEMBL264_Ki
65555877,d_nb,0.7223028849188814,62,573,CHEMBL264_Ki
65555877,d_wstd,0.539733921457029,62,573,CHEMBL264_Ki
65555877,d_std,0.5343803357996585,62,573,CHEMBL264_Ki
65555877,d_range,0.4648015082527035,62,573,CHEMBL264_Ki
65555877,d_iqr,0.6919588507426345,62,573,CHEMBL264_Ki
65555877,d_pair_gap,0.4147623256107569,62,573,CHEMBL264_Ki
65555877,d_nn_sim,0.6705499430848036,62,573,CHEMBL264_Ki
65555877,naive_proxy,0.8589449541284404,62,573,CHEMBL264_Ki
65555877,oracle,0.6364678899082569,62,573,CHEMBL264_Ki
65555877,rf_std,0.7895334890474086,62,573,CHEMBL264_Ki
80882938,d_nb,0.7429212846857051,47,573,CHEMBL264_Ki
80882938,d_wstd,0.4911893203883495,47,573,CHEMBL264_Ki
80882938,d_std,0.4886165048543689,47,573,CHEMBL264_Ki
80882938,d_range,0.41106796116504857,47,573,CHEMBL264_Ki
80882938,d_iqr,0.5322593167701863,47,573,CHEMBL264_Ki
80882938,d_pair_gap,0.4371814578108567,47,573,CHEMBL264_Ki
80882938,d_nn_sim,0.6195873786407767,47,573,CHEMBL264_Ki
80882938,naive_proxy,0.5109375,47,573,CHEMBL264_Ki
80882938,oracle,0.890625,47,573,CHEMBL264_Ki
80882938,rf_std,0.7856160504813526,47,573,CHEMBL264_Ki
62569839,d_nb,0.7451498035363457,64,573,CHEMBL264_Ki
62569839,d_wstd,0.5257321428571429,64,573,CHEMBL264_Ki
62569839,d_std,0.5226071428571428,64,573,CHEMBL264_Ki
62569839,d_range,0.4352142857142857,64,573,CHEMBL264_Ki
62569839,d_iqr,0.6459098296514778,64,573,CHEMBL264_Ki
62569839,d_pair_gap,0.4026123526522593,64,573,CHEMBL264_Ki
62569839,d_nn_sim,0.6411964285714286,64,573,CHEMBL264_Ki
62569839,naive_proxy,0.675,64,573,CHEMBL264_Ki
62569839,oracle,0.8305555555555556,64,573,CHEMBL264_Ki
62569839,rf_std,0.8202971512770137,64,573,CHEMBL264_Ki
71339737,d_nb,0.5736083848746343,67,470,CHEMBL235_EC50
71339737,d_wstd,0.6309311141126748,67,470,CHEMBL235_EC50
71339737,d_std,0.6318243213803321,67,470,CHEMBL235_EC50
71339737,d_range,0.5998649296326958,67,470,CHEMBL235_EC50
71339737,d_iqr,0.6765040444893832,67,470,CHEMBL235_EC50
71339737,d_pair_gap,0.529258175623125,67,470,CHEMBL235_EC50
71339737,d_nn_sim,0.5127881138076772,67,470,CHEMBL235_EC50
71339737,naive_proxy,0.5743589743589743,67,470,CHEMBL235_EC50
71339737,oracle,0.8578347578347578,67,470,CHEMBL235_EC50
71339737,rf_std,0.7173808377467501,67,470,CHEMBL235_EC50
99182118,d_nb,0.5224077142007562,57,470,CHEMBL235_EC50
99182118,d_wstd,0.6272381594147093,57,470,CHEMBL235_EC50
99182118,d_std,0.6232912976511359,57,470,CHEMBL235_EC50
99182118,d_range,0.6086830958798614,57,470,CHEMBL235_EC50
99182118,d_iqr,0.6564132706374086,57,470,CHEMBL235_EC50
99182118,d_pair_gap,0.5608512807442335,57,470,CHEMBL235_EC50
99182118,d_nn_sim,0.5540527531767424,57,470,CHEMBL235_EC50
99182118,naive_proxy,0.6792035398230089,57,470,CHEMBL235_EC50
99182118,oracle,0.5848082595870207,57,470,CHEMBL235_EC50
99182118,rf_std,0.742024552907693,57,470,CHEMBL235_EC50
89709943,d_nb,0.6093117408906883,52,470,CHEMBL235_EC50
89709943,d_wstd,0.6101227310231023,52,470,CHEMBL235_EC50
89709943,d_std,0.6031353135313532,52,470,CHEMBL235_EC50
89709943,d_range,0.5472359735973598,52,470,CHEMBL235_EC50
89709943,d_iqr,0.6924066924066924,52,470,CHEMBL235_EC50
89709943,d_pair_gap,0.48325358851674644,52,470,CHEMBL235_EC50
89709943,d_nn_sim,0.5525474422442245,52,470,CHEMBL235_EC50
89709943,naive_proxy,0.7815126050420168,52,470,CHEMBL235_EC50
89709943,oracle,0.5532212885154062,52,470,CHEMBL235_EC50
89709943,rf_std,0.791497975708502,52,470,CHEMBL235_EC50
86921808,d_nb,0.5832453095920729,47,470,CHEMBL235_EC50
86921808,d_wstd,0.663655122413697,47,470,CHEMBL235_EC50
86921808,d_std,0.6665551279906308,47,470,CHEMBL235_EC50
86921808,d_range,0.62397523841392,47,470,CHEMBL235_EC50
86921808,d_iqr,0.6614478114478114,47,470,CHEMBL235_EC50
86921808,d_pair_gap,0.45732106030883757,47,470,CHEMBL235_EC50
86921808,d_nn_sim,0.5365010317327533,47,470,CHEMBL235_EC50
86921808,naive_proxy,0.5882012724117988,47,470,CHEMBL235_EC50
86921808,oracle,0.9277038750722961,47,470,CHEMBL235_EC50
86921808,rf_std,0.7475982093456064,47,470,CHEMBL235_EC50
89165191,d_nb,0.5428809523809524,50,470,CHEMBL235_EC50
89165191,d_wstd,0.6467247351263243,50,470,CHEMBL235_EC50
89165191,d_std,0.6464191116544418,50,470,CHEMBL235_EC50
89165191,d_range,0.6104828850855746,50,470,CHEMBL235_EC50
89165191,d_iqr,0.7248252745685352,50,470,CHEMBL235_EC50
89165191,d_pair_gap,0.49202380952380953,50,470,CHEMBL235_EC50
89165191,d_nn_sim,0.5097544824775876,50,470,CHEMBL235_EC50
89165191,naive_proxy,0.7931372549019607,50,470,CHEMBL235_EC50
89165191,oracle,0.6607843137254902,50,470,CHEMBL235_EC50
89165191,rf_std,0.7397142857142858,50,470,CHEMBL235_EC50
34332121,d_nb,0.519452380952381,50,470,CHEMBL235_EC50
34332121,d_wstd,0.6261208576998051,50,470,CHEMBL235_EC50
34332121,d_std,0.6219994430520747,50,470,CHEMBL235_EC50
34332121,d_range,0.5853244221665275,50,470,CHEMBL235_EC50
34332121,d_iqr,0.7231982942430704,50,470,CHEMBL235_EC50
34332121,d_pair_gap,0.5620238095238095,50,470,CHEMBL235_EC50
34332121,d_nn_sim,0.528098022834865,50,470,CHEMBL235_EC50
34332121,naive_proxy,0.6797052154195011,50,470,CHEMBL235_EC50
34332121,oracle,0.7760770975056689,50,470,CHEMBL235_EC50
34332121,rf_std,0.7369523809523809,50,470,CHEMBL235_EC50
57652534,d_nb,0.5877389875345705,61,470,CHEMBL235_EC50
57652534,d_wstd,0.5546403601187626,61,470,CHEMBL235_EC50
57652534,d_std,0.552293841586055,61,470,CHEMBL235_EC50
57652534,d_range,0.5245426683267886,61,470,CHEMBL235_EC50
57652534,d_iqr,0.5757357480963161,61,470,CHEMBL235_EC50
57652534,d_pair_gap,0.47184255881999276,61,470,CHEMBL235_EC50
57652534,d_nn_sim,0.5521741212527536,61,470,CHEMBL235_EC50
57652534,naive_proxy,0.7735042735042735,61,470,CHEMBL235_EC50
57652534,oracle,0.6324786324786325,61,470,CHEMBL235_EC50
57652534,rf_std,0.7310914265100805,61,470,CHEMBL235_EC50
65555877,d_nb,0.6317212853961184,21,470,CHEMBL235_EC50
65555877,d_wstd,0.4865280985373364,21,470,CHEMBL235_EC50
65555877,d_std,0.4852633894204333,21,470,CHEMBL235_EC50
65555877,d_range,0.4478170020895194,21,470,CHEMBL235_EC50
65555877,d_iqr,0.6458078958078958,21,470,CHEMBL235_EC50
65555877,d_pair_gap,0.46356983773464844,21,470,CHEMBL235_EC50
65555877,d_nn_sim,0.5072033432310569,21,470,CHEMBL235_EC50
65555877,naive_proxy,0.7278645833333334,21,470,CHEMBL235_EC50
65555877,oracle,0.7799479166666666,21,470,CHEMBL235_EC50
65555877,rf_std,0.6668787782373529,21,470,CHEMBL235_EC50
80882938,d_nb,0.5280095683133066,42,470,CHEMBL235_EC50
80882938,d_wstd,0.6978155339805825,42,470,CHEMBL235_EC50
80882938,d_std,0.6930250383239652,42,470,CHEMBL235_EC50
80882938,d_range,0.6818791517629024,42,470,CHEMBL235_EC50
80882938,d_iqr,0.6329507412721186,42,470,CHEMBL235_EC50
80882938,d_pair_gap,0.5486481975967957,42,470,CHEMBL235_EC50
80882938,d_nn_sim,0.5195132856412877,42,470,CHEMBL235_EC50
80882938,naive_proxy,0.6685314685314685,42,470,CHEMBL235_EC50
80882938,oracle,0.8996503496503496,42,470,CHEMBL235_EC50
80882938,rf_std,0.7275812194036493,42,470,CHEMBL235_EC50
62569839,d_nb,0.5617732558139535,40,470,CHEMBL235_EC50
62569839,d_wstd,0.5200163398692811,40,470,CHEMBL235_EC50
62569839,d_std,0.5203907952069716,40,470,CHEMBL235_EC50
62569839,d_range,0.5211737472766884,40,470,CHEMBL235_EC50
62569839,d_iqr,0.5669642857142857,40,470,CHEMBL235_EC50
62569839,d_pair_gap,0.4804651162790698,40,470,CHEMBL235_EC50
62569839,d_nn_sim,0.5820397603485838,40,470,CHEMBL235_EC50
62569839,naive_proxy,0.5798507462686567,40,470,CHEMBL235_EC50
62569839,oracle,0.7567164179104477,40,470,CHEMBL235_EC50
62569839,rf_std,0.7377906976744186,40,470,CHEMBL235_EC50
71339737,d_nb,0.5253529836133155,31,344,CHEMBL239_EC50
71339737,d_wstd,0.6954211418880724,31,344,CHEMBL239_EC50
71339737,d_std,0.6879592990390051,31,344,CHEMBL239_EC50
71339737,d_range,0.6289429055963821,31,344,CHEMBL239_EC50
71339737,d_iqr,0.7269969666329625,31,344,CHEMBL239_EC50
71339737,d_pair_gap,0.4851592291044007,31,344,CHEMBL239_EC50
71339737,d_nn_sim,0.5227812323346523,31,344,CHEMBL239_EC50
71339737,naive_proxy,0.5275974025974026,31,344,CHEMBL239_EC50
71339737,oracle,0.8457792207792207,31,344,CHEMBL239_EC50
71339737,rf_std,0.7388436566010512,31,344,CHEMBL239_EC50
99182118,d_nb,0.5921003134796238,25,344,CHEMBL239_EC50
99182118,d_wstd,0.5696774193548387,25,344,CHEMBL239_EC50
99182118,d_std,0.5629032258064516,25,344,CHEMBL239_EC50
99182118,d_range,0.5109677419354839,25,344,CHEMBL239_EC50
99182118,d_iqr,0.6023009950248757,25,344,CHEMBL239_EC50
99182118,d_pair_gap,0.5023824451410658,25,344,CHEMBL239_EC50
99182118,d_nn_sim,0.5830967741935484,25,344,CHEMBL239_EC50
99182118,naive_proxy,0.7904761904761904,25,344,CHEMBL239_EC50
99182118,oracle,0.9119047619047619,25,344,CHEMBL239_EC50
99182118,rf_std,0.7099686520376176,25,344,CHEMBL239_EC50
89709943,d_nb,0.48226840763346984,43,344,CHEMBL239_EC50
89709943,d_wstd,0.6983114783545895,43,344,CHEMBL239_EC50
89709943,d_std,0.6978624034488953,43,344,CHEMBL239_EC50
89709943,d_range,0.6865457158253997,43,344,CHEMBL239_EC50
89709943,d_iqr,0.6703159041394335,43,344,CHEMBL239_EC50
89709943,d_pair_gap,0.5463957351464112,43,344,CHEMBL239_EC50
89709943,d_nn_sim,0.46712771690317945,43,344,CHEMBL239_EC50
89709943,naive_proxy,0.35537190082644626,43,344,CHEMBL239_EC50
89709943,oracle,0.9421487603305785,43,344,CHEMBL239_EC50
89709943,rf_std,0.6371011357490536,43,344,CHEMBL239_EC50
86921808,d_nb,0.5362079326923077,32,344,CHEMBL239_EC50
86921808,d_wstd,0.6915032679738562,32,344,CHEMBL239_EC50
86921808,d_std,0.6852941176470588,32,344,CHEMBL239_EC50
86921808,d_range,0.6388344226579521,32,344,CHEMBL239_EC50
86921808,d_iqr,0.6799547639242296,32,344,CHEMBL239_EC50
86921808,d_pair_gap,0.5987079326923077,32,344,CHEMBL239_EC50
86921808,d_nn_sim,0.5859477124183007,32,344,CHEMBL239_EC50
86921808,naive_proxy,0.3939393939393939,32,344,CHEMBL239_EC50
86921808,oracle,0.9805194805194806,32,344,CHEMBL239_EC50
86921808,rf_std,0.6694711538461539,32,344,CHEMBL239_EC50
89165191,d_nb,0.6466433092224232,28,344,CHEMBL239_EC50
89165191,d_wstd,0.5821871628910464,28,344,CHEMBL239_EC50
89165191,d_std,0.5757146709816613,28,344,CHEMBL239_EC50
89165191,d_range,0.5123381877022654,28,344,CHEMBL239_EC50
89165191,d_iqr,0.6881977671451356,28,344,CHEMBL239_EC50
89165191,d_pair_gap,0.4740619349005425,28,344,CHEMBL239_EC50
89165191,d_nn_sim,0.45927723840345197,28,344,CHEMBL239_EC50
89165191,naive_proxy,0.5674157303370787,28,344,CHEMBL239_EC50
89165191,oracle,0.8139044943820225,28,344,CHEMBL239_EC50
89165191,rf_std,0.704000904159132,28,344,CHEMBL239_EC50
34332121,d_nb,0.5146969696969697,44,344,CHEMBL239_EC50
34332121,d_wstd,0.6539407889515041,44,344,CHEMBL239_EC50
34332121,d_std,0.6465592507341853,44,344,CHEMBL239_EC50
34332121,d_range,0.6236209222954203,44,344,CHEMBL239_EC50
34332121,d_iqr,0.6501336501336501,44,344,CHEMBL239_EC50
34332121,d_pair_gap,0.48746212121212124,44,344,CHEMBL239_EC50
34332121,d_nn_sim,0.5435748868957854,44,344,CHEMBL239_EC50
34332121,naive_proxy,0.6182336182336182,44,344,CHEMBL239_EC50
34332121,oracle,0.8532763532763533,44,344,CHEMBL239_EC50
34332121,rf_std,0.7250757575757576,44,344,CHEMBL239_EC50
57652534,d_nb,0.5565986394557824,50,344,CHEMBL239_EC50
57652534,d_wstd,0.6580049261083744,50,344,CHEMBL239_EC50
57652534,d_std,0.6548440065681445,50,344,CHEMBL239_EC50
57652534,d_range,0.6169950738916257,50,344,CHEMBL239_EC50
57652534,d_iqr,0.6771120293847567,50,344,CHEMBL239_EC50
57652534,d_pair_gap,0.4791496598639456,50,344,CHEMBL239_EC50
57652534,d_nn_sim,0.5708949096880132,50,344,CHEMBL239_EC50
57652534,naive_proxy,0.6275720164609053,50,344,CHEMBL239_EC50
57652534,oracle,0.8292181069958847,50,344,CHEMBL239_EC50
57652534,rf_std,0.7508843537414966,50,344,CHEMBL239_EC50
65555877,d_nb,0.5466944059177069,35,344,CHEMBL239_EC50
65555877,d_wstd,0.5897529069767442,35,344,CHEMBL239_EC50
65555877,d_std,0.5810838870431894,35,344,CHEMBL239_EC50
65555877,d_range,0.5696636212624585,35,344,CHEMBL239_EC50
65555877,d_iqr,0.5997583243823845,35,344,CHEMBL239_EC50
65555877,d_pair_gap,0.49773462783171524,35,344,CHEMBL239_EC50
65555877,d_nn_sim,0.5821220930232558,35,344,CHEMBL239_EC50
65555877,naive_proxy,0.7,35,344,CHEMBL239_EC50
65555877,oracle,0.735897435897436,35,344,CHEMBL239_EC50
65555877,rf_std,0.7406380027739251,35,344,CHEMBL239_EC50
80882938,d_nb,0.576627486437613,28,344,CHEMBL239_EC50
80882938,d_wstd,0.6331541218637993,28,344,CHEMBL239_EC50
80882938,d_std,0.6216845878136201,28,344,CHEMBL239_EC50
80882938,d_range,0.5682795698924731,28,344,CHEMBL239_EC50
80882938,d_iqr,0.6085334198572355,28,344,CHEMBL239_EC50
80882938,d_pair_gap,0.5385397830018083,28,344,CHEMBL239_EC50
80882938,d_nn_sim,0.5600358422939068,28,344,CHEMBL239_EC50
80882938,naive_proxy,0.5974358974358974,28,344,CHEMBL239_EC50
80882938,oracle,0.8564102564102564,28,344,CHEMBL239_EC50
80882938,rf_std,0.6802667269439421,28,344,CHEMBL239_EC50
62569839,d_nb,0.6194174757281553,35,344,CHEMBL239_EC50
62569839,d_wstd,0.6363255033557047,35,344,CHEMBL239_EC50
62569839,d_std,0.6352768456375839,35,344,CHEMBL239_EC50
62569839,d_range,0.5783347315436241,35,344,CHEMBL239_EC50
62569839,d_iqr,0.6029850746268657,35,344,CHEMBL239_EC50
62569839,d_pair_gap,0.469625520110957,35,344,CHEMBL239_EC50
62569839,d_nn_sim,0.5067638422818792,35,344,CHEMBL239_EC50
62569839,naive_proxy,0.6929411764705883,35,344,CHEMBL239_EC50
62569839,oracle,0.7576470588235295,35,344,CHEMBL239_EC50
62569839,rf_std,0.732963476652797,35,344,CHEMBL239_EC50
71339737,d_nb,0.6226993865030674,47,373,CHEMBL219_Ki
71339737,d_wstd,0.5377893428615815,47,373,CHEMBL219_Ki
71339737,d_std,0.5383330744135467,47,373,CHEMBL219_Ki
71339737,d_range,0.4732406400497126,47,373,CHEMBL219_Ki
71339737,d_iqr,0.5647793387256989,47,373,CHEMBL219_Ki
71339737,d_pair_gap,0.4269677587782274,47,373,CHEMBL219_Ki
71339737,d_nn_sim,0.6226114649681529,47,373,CHEMBL219_Ki
71339737,naive_proxy,0.7245762711864406,47,373,CHEMBL219_Ki
71339737,oracle,0.923728813559322,47,373,CHEMBL219_Ki
71339737,rf_std,0.6365357003002219,47,373,CHEMBL219_Ki
99182118,d_nb,0.7122569737954353,35,373,CHEMBL219_Ki
99182118,d_wstd,0.5504041065967672,35,373,CHEMBL219_Ki
99182118,d_std,0.5451616426387068,35,373,CHEMBL219_Ki
99182118,d_range,0.46630624726955,35,373,CHEMBL219_Ki
99182118,d_iqr,0.6941793893129771,35,373,CHEMBL219_Ki
99182118,d_pair_gap,0.4375316990701606,35,373,CHEMBL219_Ki
99182118,d_nn_sim,0.7170161642638707,35,373,CHEMBL219_Ki
99182118,naive_proxy,0.20833333333333334,35,373,CHEMBL219_Ki
99182118,oracle,0.9861111111111112,35,373,CHEMBL219_Ki
99182118,rf_std,0.6900253592561285,35,373,CHEMBL219_Ki
89709943,d_nb,0.7243910256410256,48,373,CHEMBL219_Ki
89709943,d_wstd,0.405517108804306,48,373,CHEMBL219_Ki
89709943,d_std,0.40383506343713954,48,373,CHEMBL219_Ki
89709943,d_range,0.3746155324875048,48,373,CHEMBL219_Ki
89709943,d_iqr,0.46902834008097166,48,373,CHEMBL219_Ki
89709943,d_pair_gap,0.40897435897435896,48,373,CHEMBL219_Ki
89709943,d_nn_sim,0.7084775086505191,48,373,CHEMBL219_Ki
89709943,naive_proxy,0.3162393162393162,48,373,CHEMBL219_Ki
89709943,oracle,0.9829059829059829,48,373,CHEMBL219_Ki
89709943,rf_std,0.7059615384615384,48,373,CHEMBL219_Ki
86921808,d_nb,0.663931788931789,37,373,CHEMBL219_Ki
86921808,d_wstd,0.5125897461826272,37,373,CHEMBL219_Ki
86921808,d_std,0.5095055111740318,37,373,CHEMBL219_Ki
86921808,d_range,0.4763879057538679,37,373,CHEMBL219_Ki
86921808,d_iqr,0.648389033420052,37,373,CHEMBL219_Ki
86921808,d_pair_gap,0.4437741312741313,37,373,CHEMBL219_Ki
86921808,d_nn_sim,0.6302457275760946,37,373,CHEMBL219_Ki
86921808,naive_proxy,0.5050505050505051,37,373,CHEMBL219_Ki
86921808,oracle,0.9343434343434344,37,373,CHEMBL219_Ki
86921808,rf_std,0.6478442728442728,37,373,CHEMBL219_Ki
89165191,d_nb,0.7023356054530874,29,373,CHEMBL219_Ki
89165191,d_wstd,0.5362983645791783,29,373,CHEMBL219_Ki
89165191,d_std,0.5355670788458982,29,373,CHEMBL219_Ki
89165191,d_range,0.4773301422683154,29,373,CHEMBL219_Ki
89165191,d_iqr,0.681640625,29,373,CHEMBL219_Ki
89165191,d_pair_gap,0.3665296712109062,29,373,CHEMBL219_Ki
89165191,d_nn_sim,0.6491822895891504,29,373,CHEMBL219_Ki
89165191,naive_proxy,0.9803921568627451,29,373,CHEMBL219_Ki
89165191,oracle,0.696078431372549,29,373,CHEMBL219_Ki
89165191,rf_std,0.688953488372093,29,373,CHEMBL219_Ki
34332121,d_nb,0.677405247813411,30,373,CHEMBL219_Ki
34332121,d_wstd,0.4768996247654784,30,373,CHEMBL219_Ki
34332121,d_std,0.4773686679174484,30,373,CHEMBL219_Ki
34332121,d_range,0.4017354596622889,30,373,CHEMBL219_Ki
34332121,d_iqr,0.44141082727911884,30,373,CHEMBL219_Ki
34332121,d_pair_gap,0.4542759961127308,30,373,CHEMBL219_Ki
34332121,d_nn_sim,0.6288109756097561,30,373,CHEMBL219_Ki
34332121,naive_proxy,0.6089743589743589,30,373,CHEMBL219_Ki
34332121,oracle,1.0,30,373,CHEMBL219_Ki
34332121,rf_std,0.7118561710398446,30,373,CHEMBL219_Ki
57652534,d_nb,0.7138550135501355,45,373,CHEMBL219_Ki
57652534,d_wstd,0.5202539046187254,45,373,CHEMBL219_Ki
57652534,d_std,0.5180823519585734,45,373,CHEMBL219_Ki
57652534,d_range,0.42015367911133383,45,373,CHEMBL219_Ki
57652534,d_iqr,0.5097336065573771,45,373,CHEMBL219_Ki
57652534,d_pair_gap,0.33868563685636854,45,373,CHEMBL219_Ki
57652534,d_nn_sim,0.6605278543389292,45,373,CHEMBL219_Ki
57652534,naive_proxy,0.7571428571428571,45,373,CHEMBL219_Ki
57652534,oracle,0.8238095238095238,45,373,CHEMBL219_Ki
57652534,rf_std,0.7434281842818428,45,373,CHEMBL219_Ki
65555877,d_nb,0.6611440817672272,36,373,CHEMBL219_Ki
65555877,d_wstd,0.5964698721850273,36,373,CHEMBL219_Ki
65555877,d_std,0.5921079326435382,36,373,CHEMBL219_Ki
65555877,d_range,0.5263237979306147,36,373,CHEMBL219_Ki
65555877,d_iqr,0.628680479825518,36,373,CHEMBL219_Ki
65555877,d_pair_gap,0.38880646224859877,36,373,CHEMBL219_Ki
65555877,d_nn_sim,0.6391763035098397,36,373,CHEMBL219_Ki
65555877,naive_proxy,0.4702702702702703,36,373,CHEMBL219_Ki
65555877,oracle,0.9405405405405406,36,373,CHEMBL219_Ki
65555877,rf_std,0.6367457962413452,36,373,CHEMBL219_Ki
80882938,d_nb,0.6844923154446964,49,373,CHEMBL219_Ki
80882938,d_wstd,0.49719055374592835,49,373,CHEMBL219_Ki
80882938,d_std,0.4936074918566775,49,373,CHEMBL219_Ki
80882938,d_range,0.4305374592833876,49,373,CHEMBL219_Ki
80882938,d_iqr,0.5933870967741935,49,373,CHEMBL219_Ki
80882938,d_pair_gap,0.43159486016628873,49,373,CHEMBL219_Ki
80882938,d_nn_sim,0.7208876221498371,49,373,CHEMBL219_Ki
80882938,naive_proxy,0.8805970149253731,49,373,CHEMBL219_Ki
80882938,oracle,1.0,49,373,CHEMBL219_Ki
80882938,rf_std,0.5990173847316704,49,373,CHEMBL219_Ki
62569839,d_nb,0.6884009009009009,40,373,CHEMBL219_Ki
62569839,d_wstd,0.45420442365779984,40,373,CHEMBL219_Ki
62569839,d_std,0.44787099288707005,40,373,CHEMBL219_Ki
62569839,d_range,0.416203839033421,40,373,CHEMBL219_Ki
62569839,d_iqr,0.6368725868725869,40,373,CHEMBL219_Ki
62569839,d_pair_gap,0.4333708708708709,40,373,CHEMBL219_Ki
62569839,d_nn_sim,0.689856767027185,40,373,CHEMBL219_Ki
62569839,naive_proxy,0.6084656084656085,40,373,CHEMBL219_Ki
62569839,oracle,0.8412698412698413,40,373,CHEMBL219_Ki
62569839,rf_std,0.7634384384384384,40,373,CHEMBL219_Ki
71339737,d_nb,0.6273648648648649,45,341,CHEMBL228_Ki
71339737,d_wstd,0.5675171440096813,45,341,CHEMBL228_Ki
71339737,d_std,0.5676179911254539,45,341,CHEMBL228_Ki
71339737,d_range,0.5132613957240822,45,341,CHEMBL228_Ki
71339737,d_iqr,0.627482845792705,45,341,CHEMBL228_Ki
71339737,d_pair_gap,0.48768768768768767,45,341,CHEMBL228_Ki
71339737,d_nn_sim,0.542910447761194,45,341,CHEMBL228_Ki
71339737,naive_proxy,0.646969696969697,45,341,CHEMBL228_Ki
71339737,oracle,0.9242424242424242,45,341,CHEMBL228_Ki
71339737,rf_std,0.6953453453453453,45,341,CHEMBL228_Ki
99182118,d_nb,0.7009966777408638,40,341,CHEMBL228_Ki
99182118,d_wstd,0.4987501487918105,40,341,CHEMBL228_Ki
99182118,d_std,0.5012498512081895,40,341,CHEMBL228_Ki
99182118,d_range,0.43119866682537794,40,341,CHEMBL228_Ki
99182118,d_iqr,0.6013824884792627,40,341,CHEMBL228_Ki
99182118,d_pair_gap,0.47159468438538205,40,341,CHEMBL228_Ki
99182118,d_nn_sim,0.5912391381978336,40,341,CHEMBL228_Ki
99182118,naive_proxy,0.5872093023255814,40,341,CHEMBL228_Ki
99182118,oracle,0.9302325581395349,40,341,CHEMBL228_Ki
99182118,rf_std,0.7213455149501661,40,341,CHEMBL228_Ki
89709943,d_nb,0.6907908428720083,31,341,CHEMBL228_Ki
89709943,d_wstd,0.5196678321678322,31,341,CHEMBL228_Ki
89709943,d_std,0.5168269230769231,31,341,CHEMBL228_Ki
89709943,d_range,0.47304778554778554,31,341,CHEMBL228_Ki
89709943,d_iqr,0.6541748849441157,31,341,CHEMBL228_Ki
89709943,d_pair_gap,0.4577003121748179,31,341,CHEMBL228_Ki
89709943,d_nn_sim,0.5985576923076923,31,341,CHEMBL228_Ki
89709943,naive_proxy,0.7818181818181819,31,341,CHEMBL228_Ki
89709943,oracle,0.7727272727272727,31,341,CHEMBL228_Ki
89709943,rf_std,0.7866805411030177,31,341,CHEMBL228_Ki
86921808,d_nb,0.6724817961165048,32,341,CHEMBL228_Ki
86921808,d_wstd,0.5454425711275026,32,341,CHEMBL228_Ki
86921808,d_std,0.5403055848261328,32,341,CHEMBL228_Ki
86921808,d_range,0.4934799789251844,32,341,CHEMBL228_Ki
86921808,d_iqr,0.7006172839506173,32,341,CHEMBL228_Ki
86921808,d_pair_gap,0.43861245954692557,32,341,CHEMBL228_Ki
86921808,d_nn_sim,0.6361959957850368,32,341,CHEMBL228_Ki
86921808,naive_proxy,0.42857142857142855,32,341,CHEMBL228_Ki
86921808,oracle,0.9523809523809523,32,341,CHEMBL228_Ki
86921808,rf_std,0.7690129449838188,32,341,CHEMBL228_Ki
89165191,d_nb,0.7291208791208791,26,341,CHEMBL228_Ki
89165191,d_wstd,0.40508474576271186,26,341,CHEMBL228_Ki
89165191,d_std,0.4029862792574657,26,341,CHEMBL228_Ki
89165191,d_range,0.36206618240516547,26,341,CHEMBL228_Ki
89165191,d_iqr,0.5897435897435898,26,341,CHEMBL228_Ki
89165191,d_pair_gap,0.42869352869352867,26,341,CHEMBL228_Ki
89165191,d_nn_sim,0.575544794188862,26,341,CHEMBL228_Ki
89165191,naive_proxy,0.7135416666666666,26,341,CHEMBL228_Ki
89165191,oracle,0.8854166666666666,26,341,CHEMBL228_Ki
89165191,rf_std,0.7608058608058608,26,341,CHEMBL228_Ki
34332121,d_nb,0.7306558585114222,46,341,CHEMBL228_Ki
34332121,d_wstd,0.45432018961430726,46,341,CHEMBL228_Ki
34332121,d_std,0.4480176686059039,46,341,CHEMBL228_Ki
34332121,d_range,0.41004093945270415,46,341,CHEMBL228_Ki
34332121,d_iqr,0.6036938676967648,46,341,CHEMBL228_Ki
34332121,d_pair_gap,0.40648489314664704,46,341,CHEMBL228_Ki
34332121,d_nn_sim,0.7062055591467357,46,341,CHEMBL228_Ki
34332121,naive_proxy,0.375886524822695,46,341,CHEMBL228_Ki
34332121,oracle,0.9148936170212766,46,341,CHEMBL228_Ki
34332121,rf_std,0.7291820191599115,46,341,CHEMBL228_Ki
57652534,d_nb,0.7400159744408946,28,341,CHEMBL228_Ki
57652534,d_wstd,0.44302961705338617,28,341,CHEMBL228_Ki
57652534,d_std,0.4393510658366346,28,341,CHEMBL228_Ki
57652534,d_range,0.37417468402188264,28,341,CHEMBL228_Ki
57652534,d_iqr,0.6608371559633027,28,341,CHEMBL228_Ki
57652534,d_pair_gap,0.39171611136467366,28,341,CHEMBL228_Ki
57652534,d_nn_sim,0.5017921146953405,28,341,CHEMBL228_Ki
57652534,naive_proxy,0.7994350282485876,28,341,CHEMBL228_Ki
57652534,oracle,0.8305084745762712,28,341,CHEMBL228_Ki
57652534,rf_std,0.7247832040164308,28,341,CHEMBL228_Ki
65555877,d_nb,0.6722222222222223,36,341,CHEMBL228_Ki
65555877,d_wstd,0.6075268817204301,36,341,CHEMBL228_Ki
65555877,d_std,0.60831541218638,36,341,CHEMBL228_Ki
65555877,d_range,0.5570609318996416,36,341,CHEMBL228_Ki
65555877,d_iqr,0.6307314410480349,36,341,CHEMBL228_Ki
65555877,d_pair_gap,0.473224043715847,36,341,CHEMBL228_Ki
65555877,d_nn_sim,0.5130465949820788,36,341,CHEMBL228_Ki
65555877,naive_proxy,0.4967948717948718,36,341,CHEMBL228_Ki
65555877,oracle,0.9262820512820513,36,341,CHEMBL228_Ki
65555877,rf_std,0.7342440801457195,36,341,CHEMBL228_Ki
80882938,d_nb,0.6683765647180281,54,341,CHEMBL228_Ki
80882938,d_wstd,0.4617760617760618,54,341,CHEMBL228_Ki
80882938,d_std,0.46163127413127414,54,341,CHEMBL228_Ki
80882938,d_range,0.4414092664092664,54,341,CHEMBL228_Ki
80882938,d_iqr,0.5845120226308345,54,341,CHEMBL228_Ki
80882938,d_pair_gap,0.44234739966447284,54,341,CHEMBL228_Ki
80882938,d_nn_sim,0.5727316602316602,54,341,CHEMBL228_Ki
80882938,naive_proxy,0.4918918918918919,54,341,CHEMBL228_Ki
80882938,oracle,0.7621621621621621,54,341,CHEMBL228_Ki
80882938,rf_std,0.7213834043102336,54,341,CHEMBL228_Ki
62569839,d_nb,0.6960132890365448,40,341,CHEMBL228_Ki
62569839,d_wstd,0.3970623501199041,40,341,CHEMBL228_Ki
62569839,d_std,0.3907673860911271,40,341,CHEMBL228_Ki
62569839,d_range,0.3630095923261391,40,341,CHEMBL228_Ki
62569839,d_iqr,0.4300682261208577,40,341,CHEMBL228_Ki
62569839,d_pair_gap,0.46748338870431894,40,341,CHEMBL228_Ki
62569839,d_nn_sim,0.5655275779376499,40,341,CHEMBL228_Ki
62569839,naive_proxy,0.6325757575757576,40,341,CHEMBL228_Ki
62569839,oracle,0.9356060606060606,40,341,CHEMBL228_Ki
62569839,rf_std,0.6771594684385382,40,341,CHEMBL228_Ki
71339737,d_nb,0.6233189887036041,22,191,CHEMBL237_EC50
71339737,d_wstd,0.42088712346905,22,191,CHEMBL237_EC50
71339737,d_std,0.42055610724925524,22,191,CHEMBL237_EC50
71339737,d_range,0.3872889771598808,22,191,CHEMBL237_EC50
71339737,d_iqr,0.5170918367346938,22,191,CHEMBL237_EC50
71339737,d_pair_gap,0.33082302313071543,22,191,CHEMBL237_EC50
71339737,d_nn_sim,0.7434624296590533,22,191,CHEMBL237_EC50
71339737,naive_proxy,0.8723404255319149,22,191,CHEMBL237_EC50
71339737,oracle,0.5319148936170213,22,191,CHEMBL237_EC50
71339737,rf_std,0.7980096826250672,22,191,CHEMBL237_EC50
99182118,d_nb,0.5207228915662651,25,191,CHEMBL237_EC50
99182118,d_wstd,0.5947452229299363,25,191,CHEMBL237_EC50
99182118,d_std,0.5930201698513801,25,191,CHEMBL237_EC50
99182118,d_range,0.5521496815286624,25,191,CHEMBL237_EC50
99182118,d_iqr,0.5947167188043101,25,191,CHEMBL237_EC50
99182118,d_pair_gap,0.46843373493975904,25,191,CHEMBL237_EC50
99182118,d_nn_sim,0.6269904458598726,25,191,CHEMBL237_EC50
99182118,naive_proxy,0.6495726495726496,25,191,CHEMBL237_EC50
99182118,oracle,0.5811965811965812,25,191,CHEMBL237_EC50
99182118,rf_std,0.6260240963855421,25,191,CHEMBL237_EC50
89709943,d_nb,0.4863519588953115,18,191,CHEMBL237_EC50
89709943,d_wstd,0.6871234939759037,18,191,CHEMBL237_EC50
89709943,d_std,0.6765813253012049,18,191,CHEMBL237_EC50
89709943,d_range,0.5845256024096386,18,191,CHEMBL237_EC50
89709943,d_iqr,0.7351609657947686,18,191,CHEMBL237_EC50
89709943,d_pair_gap,0.41714836223506746,18,191,CHEMBL237_EC50
89709943,d_nn_sim,0.6069277108433735,18,191,CHEMBL237_EC50
89709943,naive_proxy,0.4880952380952381,18,191,CHEMBL237_EC50
89709943,oracle,0.9226190476190477,18,191,CHEMBL237_EC50
89709943,rf_std,0.7186897880539499,18,191,CHEMBL237_EC50
86921808,d_nb,0.4334016393442623,8,191,CHEMBL237_EC50
86921808,d_wstd,0.39870689655172414,8,191,CHEMBL237_EC50
86921808,d_std,0.38326149425287354,8,191,CHEMBL237_EC50
86921808,d_range,0.47844827586206895,8,191,CHEMBL237_EC50
86921808,d_iqr,0.47732426303854875,8,191,CHEMBL237_EC50
86921808,d_pair_gap,0.5252732240437158,8,191,CHEMBL237_EC50
86921808,d_nn_sim,0.7140804597701149,8,191,CHEMBL237_EC50
86921808,naive_proxy,0.5595238095238095,8,191,CHEMBL237_EC50
86921808,oracle,0.9642857142857143,8,191,CHEMBL237_EC50
86921808,rf_std,0.700136612021858,8,191,CHEMBL237_EC50
89165191,d_nb,0.6440868263473054,24,191,CHEMBL237_EC50
89165191,d_wstd,0.5760869565217391,24,191,CHEMBL237_EC50
89165191,d_std,0.5715697346132129,24,191,CHEMBL237_EC50
89165191,d_range,0.48306041784302656,24,191,CHEMBL237_EC50
89165191,d_iqr,0.7113475177304964,24,191,CHEMBL237_EC50
89165191,d_pair_gap,0.40531437125748504,24,191,CHEMBL237_EC50
89165191,d_nn_sim,0.6482213438735178,24,191,CHEMBL237_EC50
89165191,naive_proxy,0.7391304347826086,24,191,CHEMBL237_EC50
89165191,oracle,0.8369565217391305,24,191,CHEMBL237_EC50
89165191,rf_std,0.7784431137724551,24,191,CHEMBL237_EC50
34332121,d_nb,0.6066287878787879,15,191,CHEMBL237_EC50
34332121,d_wstd,0.5391442876649978,15,191,CHEMBL237_EC50
34332121,d_std,0.5261720527992717,15,191,CHEMBL237_EC50
34332121,d_range,0.4638142922166591,15,191,CHEMBL237_EC50
34332121,d_iqr,0.6818518518518518,15,191,CHEMBL237_EC50
34332121,d_pair_gap,0.35890151515151514,15,191,CHEMBL237_EC50
34332121,d_nn_sim,0.634274010013655,15,191,CHEMBL237_EC50
34332121,naive_proxy,0.9615384615384616,15,191,CHEMBL237_EC50
34332121,oracle,0.75,15,191,CHEMBL237_EC50
34332121,rf_std,0.8132575757575757,15,191,CHEMBL237_EC50
57652534,d_nb,0.5378151260504201,21,191,CHEMBL237_EC50
57652534,d_wstd,0.6055880441845354,21,191,CHEMBL237_EC50
57652534,d_std,0.5935672514619883,21,191,CHEMBL237_EC50
57652534,d_range,0.5579922027290448,21,191,CHEMBL237_EC50
57652534,d_iqr,0.789044289044289,21,191,CHEMBL237_EC50
57652534,d_pair_gap,0.46680672268907564,21,191,CHEMBL237_EC50
57652534,d_nn_sim,0.6473359324236517,21,191,CHEMBL237_EC50
57652534,naive_proxy,0.5108695652173914,21,191,CHEMBL237_EC50
57652534,oracle,0.6956521739130435,21,191,CHEMBL237_EC50
57652534,rf_std,0.7145658263305322,21,191,CHEMBL237_EC50
65555877,d_nb,0.4398870360408822,22,191,CHEMBL237_EC50
65555877,d_wstd,0.6368682442302074,22,191,CHEMBL237_EC50
65555877,d_std,0.6297107800175284,22,191,CHEMBL237_EC50
65555877,d_range,0.6000584282792871,22,191,CHEMBL237_EC50
65555877,d_iqr,0.6633873456790124,22,191,CHEMBL237_EC50
65555877,d_pair_gap,0.6001882732651963,22,191,CHEMBL237_EC50
65555877,d_nn_sim,0.7050832602979842,22,191,CHEMBL237_EC50
65555877,naive_proxy,0.7659574468085106,22,191,CHEMBL237_EC50
65555877,oracle,0.9148936170212766,22,191,CHEMBL237_EC50
65555877,rf_std,0.7270037654653039,22,191,CHEMBL237_EC50
80882938,d_nb,0.7305236270753512,29,191,CHEMBL237_EC50
80882938,d_wstd,0.5420240137221269,29,191,CHEMBL237_EC50
80882938,d_std,0.5378787878787878,29,191,CHEMBL237_EC50
80882938,d_range,0.4609777015437393,29,191,CHEMBL237_EC50
80882938,d_iqr,0.523015873015873,29,191,CHEMBL237_EC50
80882938,d_pair_gap,0.29267773520647083,29,191,CHEMBL237_EC50
80882938,d_nn_sim,0.7447112635791882,29,191,CHEMBL237_EC50
80882938,naive_proxy,0.6698113207547169,29,191,CHEMBL237_EC50
80882938,oracle,0.7075471698113207,29,191,CHEMBL237_EC50
80882938,rf_std,0.7437207322264794,29,191,CHEMBL237_EC50
62569839,d_nb,0.6585529854760624,22,191,CHEMBL237_EC50
62569839,d_wstd,0.5463351630610268,22,191,CHEMBL237_EC50
62569839,d_std,0.5452050371327091,22,191,CHEMBL237_EC50
62569839,d_range,0.4681950274459154,22,191,CHEMBL237_EC50
62569839,d_iqr,0.583916083916084,22,191,CHEMBL237_EC50
62569839,d_pair_gap,0.3836740182894029,22,191,CHEMBL237_EC50
62569839,d_nn_sim,0.6876009041007427,22,191,CHEMBL237_EC50
62569839,naive_proxy,0.9444444444444444,22,191,CHEMBL237_EC50
62569839,oracle,0.6111111111111112,22,191,CHEMBL237_EC50
62569839,rf_std,0.8012372243141473,22,191,CHEMBL237_EC50
71339737,d_nb,0.7122695852534562,8,225,CHEMBL3979_EC50
71339737,d_wstd,0.7980487804878049,8,225,CHEMBL3979_EC50
71339737,d_std,0.8063414634146342,8,225,CHEMBL3979_EC50
71339737,d_range,0.6273170731707317,8,225,CHEMBL3979_EC50
71339737,d_iqr,0.8285714285714286,8,225,CHEMBL3979_EC50
71339737,d_pair_gap,0.32402073732718895,8,225,CHEMBL3979_EC50
71339737,d_nn_sim,0.49560975609756097,8,225,CHEMBL3979_EC50
71339737,naive_proxy,0.896551724137931,8,225,CHEMBL3979_EC50
71339737,oracle,0.603448275862069,8,225,CHEMBL3979_EC50
71339737,rf_std,0.7690092165898618,8,225,CHEMBL3979_EC50
99182118,d_nb,0.7457,25,225,CHEMBL3979_EC50
99182118,d_wstd,0.42430323299888517,25,225,CHEMBL3979_EC50
99182118,d_std,0.4261984392419175,25,225,CHEMBL3979_EC50
99182118,d_range,0.3879598662207358,25,225,CHEMBL3979_EC50
99182118,d_iqr,0.5799808429118773,25,225,CHEMBL3979_EC50
99182118,d_pair_gap,0.2699,25,225,CHEMBL3979_EC50
99182118,d_nn_sim,0.6529542920847269,25,225,CHEMBL3979_EC50
99182118,naive_proxy,0.48333333333333334,25,225,CHEMBL3979_EC50
99182118,oracle,0.9208333333333333,25,225,CHEMBL3979_EC50
99182118,rf_std,0.7292,25,225,CHEMBL3979_EC50
89709943,d_nb,0.6103096410978185,29,225,CHEMBL3979_EC50
89709943,d_wstd,0.48080982536941086,29,225,CHEMBL3979_EC50
89709943,d_std,0.48013816925734026,29,225,CHEMBL3979_EC50
89709943,d_range,0.4340817501439263,29,225,CHEMBL3979_EC50
89709943,d_iqr,0.49110623781676416,29,225,CHEMBL3979_EC50
89709943,d_pair_gap,0.3437719915552428,29,225,CHEMBL3979_EC50
89709943,d_nn_sim,0.7021684897332565,29,225,CHEMBL3979_EC50
89709943,naive_proxy,0.6666666666666666,29,225,CHEMBL3979_EC50
89709943,oracle,0.7685185185185185,29,225,CHEMBL3979_EC50
89709943,rf_std,0.6652005629838142,29,225,CHEMBL3979_EC50
86921808,d_nb,0.6648007165248545,22,225,CHEMBL3979_EC50
86921808,d_wstd,0.5831923293852228,22,225,CHEMBL3979_EC50
86921808,d_std,0.577834179357022,22,225,CHEMBL3979_EC50
86921808,d_range,0.4874506486181613,22,225,CHEMBL3979_EC50
86921808,d_iqr,0.5285984848484848,22,225,CHEMBL3979_EC50
86921808,d_pair_gap,0.498320644872369,22,225,CHEMBL3979_EC50
86921808,d_nn_sim,0.6355047941342358,22,225,CHEMBL3979_EC50
86921808,naive_proxy,0.6130952380952381,22,225,CHEMBL3979_EC50
86921808,oracle,0.8154761904761905,22,225,CHEMBL3979_EC50
86921808,rf_std,0.7098074339453649,22,225,CHEMBL3979_EC50
89165191,d_nb,0.6563338701019861,18,225,CHEMBL3979_EC50
89165191,d_wstd,0.5337583309185743,18,225,CHEMBL3979_EC50
89165191,d_std,0.5259345117357288,18,225,CHEMBL3979_EC50
89165191,d_range,0.4491451753115039,18,225,CHEMBL3979_EC50
89165191,d_iqr,0.6370738636363636,18,225,CHEMBL3979_EC50
89165191,d_pair_gap,0.382313472893183,18,225,CHEMBL3979_EC50
89165191,d_nn_sim,0.7461605331787887,18,225,CHEMBL3979_EC50
89165191,naive_proxy,,18,225,CHEMBL3979_EC50
89165191,oracle,,18,225,CHEMBL3979_EC50
89165191,rf_std,0.8883521202361782,18,225,CHEMBL3979_EC50
34332121,d_nb,0.5993568043331077,14,225,CHEMBL3979_EC50
34332121,d_wstd,0.6390796703296703,14,225,CHEMBL3979_EC50
34332121,d_std,0.6426854395604396,14,225,CHEMBL3979_EC50
34332121,d_range,0.5089285714285714,14,225,CHEMBL3979_EC50
34332121,d_iqr,0.6637426900584795,14,225,CHEMBL3979_EC50
34332121,d_pair_gap,0.42163168584969535,14,225,CHEMBL3979_EC50
34332121,d_nn_sim,0.5635302197802198,14,225,CHEMBL3979_EC50
34332121,naive_proxy,0.5212765957446809,14,225,CHEMBL3979_EC50
34332121,oracle,0.9148936170212766,14,225,CHEMBL3979_EC50
34332121,rf_std,0.7626946513202437,14,225,CHEMBL3979_EC50
57652534,d_nb,0.730617744610282,24,225,CHEMBL3979_EC50
57652534,d_wstd,0.5057397959183674,24,225,CHEMBL3979_EC50
57652534,d_std,0.5068558673469388,24,225,CHEMBL3979_EC50
57652534,d_range,0.4421237244897959,24,225,CHEMBL3979_EC50
57652534,d_iqr,0.47119450317124734,24,225,CHEMBL3979_EC50
57652534,d_pair_gap,0.31467661691542287,24,225,CHEMBL3979_EC50
57652534,d_nn_sim,0.6466836734693877,24,225,CHEMBL3979_EC50
57652534,naive_proxy,0.3076923076923077,24,225,CHEMBL3979_EC50
57652534,oracle,0.8557692307692307,24,225,CHEMBL3979_EC50
57652534,rf_std,0.5941127694859039,24,225,CHEMBL3979_EC50
65555877,d_nb,0.6956668923493569,14,225,CHEMBL3979_EC50
65555877,d_wstd,0.568853021978022,14,225,CHEMBL3979_EC50
65555877,d_std,0.5789835164835165,14,225,CHEMBL3979_EC50
65555877,d_range,0.4538118131868132,14,225,CHEMBL3979_EC50
65555877,d_iqr,0.3992264718521702,14,225,CHEMBL3979_EC50
65555877,d_pair_gap,0.3476641841570752,14,225,CHEMBL3979_EC50
65555877,d_nn_sim,0.7012362637362637,14,225,CHEMBL3979_EC50
65555877,naive_proxy,0.5245901639344263,14,225,CHEMBL3979_EC50
65555877,oracle,0.8032786885245902,14,225,CHEMBL3979_EC50
65555877,rf_std,0.7410291130670278,14,225,CHEMBL3979_EC50
80882938,d_nb,0.5323604060913706,28,225,CHEMBL3979_EC50
80882938,d_wstd,0.544973544973545,28,225,CHEMBL3979_EC50
80882938,d_std,0.5461073318216175,28,225,CHEMBL3979_EC50
80882938,d_range,0.5319349962207105,28,225,CHEMBL3979_EC50
80882938,d_iqr,0.564138315672058,28,225,CHEMBL3979_EC50
80882938,d_pair_gap,0.49963741841914433,28,225,CHEMBL3979_EC50
80882938,d_nn_sim,0.5474300831443688,28,225,CHEMBL3979_EC50
80882938,naive_proxy,0.5651041666666666,28,225,CHEMBL3979_EC50
80882938,oracle,0.75,28,225,CHEMBL3979_EC50
80882938,rf_std,0.6185641769398115,28,225,CHEMBL3979_EC50
62569839,d_nb,0.6856157383750638,19,225,CHEMBL3979_EC50
62569839,d_wstd,0.5892205638474295,19,225,CHEMBL3979_EC50
62569839,d_std,0.5922056384742952,19,225,CHEMBL3979_EC50
62569839,d_range,0.4955223880597015,19,225,CHEMBL3979_EC50
62569839,d_iqr,0.5776137270550679,19,225,CHEMBL3979_EC50
62569839,d_pair_gap,0.3571793561573838,19,225,CHEMBL3979_EC50
62569839,d_nn_sim,0.5868988391376451,19,225,CHEMBL3979_EC50
62569839,naive_proxy,0.3878787878787879,19,225,CHEMBL3979_EC50
62569839,oracle,0.9333333333333333,19,225,CHEMBL3979_EC50
62569839,rf_std,0.6320899335717935,19,225,CHEMBL3979_EC50
71339737,d_nb,0.703405017921147,31,265,CHEMBL287_Ki
71339737,d_wstd,0.4126117179741807,31,265,CHEMBL287_Ki
71339737,d_std,0.40690168818272093,31,265,CHEMBL287_Ki
71339737,d_range,0.41397715988083417,31,265,CHEMBL287_Ki
71339737,d_iqr,0.6905172413793104,31,265,CHEMBL287_Ki
71339737,d_pair_gap,0.416942376619796,31,265,CHEMBL287_Ki
71339737,d_nn_sim,0.6837140019860973,31,265,CHEMBL287_Ki
71339737,naive_proxy,0.6627906976744186,31,265,CHEMBL287_Ki
71339737,oracle,0.9011627906976745,31,265,CHEMBL287_Ki
71339737,rf_std,0.7204301075268817,31,265,CHEMBL287_Ki
99182118,d_nb,0.7242647058823529,17,265,CHEMBL287_Ki
99182118,d_wstd,0.6225710014947683,17,265,CHEMBL287_Ki
99182118,d_std,0.6131041355256602,17,265,CHEMBL287_Ki
99182118,d_range,0.6101145989038366,17,265,CHEMBL287_Ki
99182118,d_iqr,0.6062111801242236,17,265,CHEMBL287_Ki
99182118,d_pair_gap,0.3710863377609108,17,265,CHEMBL287_Ki
99182118,d_nn_sim,0.7792725460886896,17,265,CHEMBL287_Ki
99182118,naive_proxy,,17,265,CHEMBL287_Ki
99182118,oracle,,17,265,CHEMBL287_Ki
99182118,rf_std,0.780360531309298,17,265,CHEMBL287_Ki
89709943,d_nb,0.7156752712308267,22,265,CHEMBL287_Ki
89709943,d_wstd,0.4095620627105468,22,265,CHEMBL287_Ki
89709943,d_std,0.4099507644467479,22,265,CHEMBL287_Ki
89709943,d_range,0.38999740865509197,22,265,CHEMBL287_Ki
89709943,d_iqr,0.7461273666092944,22,265,CHEMBL287_Ki
89709943,d_pair_gap,0.3517583239805462,22,265,CHEMBL287_Ki
89709943,d_nn_sim,0.7009587976159627,22,265,CHEMBL287_Ki
89709943,naive_proxy,0.6346153846153846,22,265,CHEMBL287_Ki
89709943,oracle,0.8269230769230769,22,265,CHEMBL287_Ki
89709943,rf_std,0.6500187055742611,22,265,CHEMBL287_Ki
86921808,d_nb,0.6938555515630614,23,265,CHEMBL287_Ki
86921808,d_wstd,0.5679723502304147,23,265,CHEMBL287_Ki
86921808,d_std,0.5653801843317973,23,265,CHEMBL287_Ki
86921808,d_range,0.5355702764976958,23,265,CHEMBL287_Ki
86921808,d_iqr,0.8405797101449275,23,265,CHEMBL287_Ki
86921808,d_pair_gap,0.4563420768954366,23,265,CHEMBL287_Ki
86921808,d_nn_sim,0.6101670506912442,23,265,CHEMBL287_Ki
86921808,naive_proxy,0.6043478260869565,23,265,CHEMBL287_Ki
86921808,oracle,0.8913043478260869,23,265,CHEMBL287_Ki
86921808,rf_std,0.6349263384836508,23,265,CHEMBL287_Ki
89165191,d_nb,0.7579867389993973,28,265,CHEMBL287_Ki
89165191,d_wstd,0.4077568134171908,28,265,CHEMBL287_Ki
89165191,d_std,0.40723270440251574,28,265,CHEMBL287_Ki
89165191,d_range,0.36412473794549266,28,265,CHEMBL287_Ki
89165191,d_iqr,0.5625,28,265,CHEMBL287_Ki
89165191,d_pair_gap,0.3704038577456299,28,265,CHEMBL287_Ki
89165191,d_nn_sim,0.6215932914046122,28,265,CHEMBL287_Ki
89165191,naive_proxy,0.7393939393939394,28,265,CHEMBL287_Ki
89165191,oracle,0.9696969696969697,28,265,CHEMBL287_Ki
89165191,rf_std,0.8107293550331525,28,265,CHEMBL287_Ki
34332121,d_nb,0.6442800227660785,14,265,CHEMBL287_Ki
34332121,d_wstd,0.5751091703056769,14,265,CHEMBL287_Ki
34332121,d_std,0.5788209606986899,14,265,CHEMBL287_Ki
34332121,d_range,0.5395196506550218,14,265,CHEMBL287_Ki
34332121,d_iqr,0.6779059449866903,14,265,CHEMBL287_Ki
34332121,d_pair_gap,0.4977233921457029,14,265,CHEMBL287_Ki
34332121,d_nn_sim,0.6351528384279476,14,265,CHEMBL287_Ki
34332121,naive_proxy,0.04081632653061224,14,265,CHEMBL287_Ki
34332121,oracle,0.9795918367346939,14,265,CHEMBL287_Ki
34332121,rf_std,0.7216846898121798,14,265,CHEMBL287_Ki
57652534,d_nb,0.7205104263927793,27,265,CHEMBL287_Ki
57652534,d_wstd,0.5098837209302326,27,265,CHEMBL287_Ki
57652534,d_std,0.5001453488372093,27,265,CHEMBL287_Ki
57652534,d_range,0.5,27,265,CHEMBL287_Ki
57652534,d_iqr,0.47298136645962735,27,265,CHEMBL287_Ki
57652534,d_pair_gap,0.39161220043572986,27,265,CHEMBL287_Ki
57652534,d_nn_sim,0.6328488372093023,27,265,CHEMBL287_Ki
57652534,naive_proxy,0.5416666666666666,27,265,CHEMBL287_Ki
57652534,oracle,0.9722222222222222,27,265,CHEMBL287_Ki
57652534,rf_std,0.7130407718643013,27,265,CHEMBL287_Ki
65555877,d_nb,0.6563829787234042,30,265,CHEMBL287_Ki
65555877,d_wstd,0.5253193960511033,30,265,CHEMBL287_Ki
65555877,d_std,0.5284552845528455,30,265,CHEMBL287_Ki
65555877,d_range,0.46736353077816495,30,265,CHEMBL287_Ki
65555877,d_iqr,0.6294701986754967,30,265,CHEMBL287_Ki
65555877,d_pair_gap,0.3900709219858156,30,265,CHEMBL287_Ki
65555877,d_nn_sim,0.692102206736353,30,265,CHEMBL287_Ki
65555877,naive_proxy,0.8229166666666666,30,265,CHEMBL287_Ki
65555877,oracle,0.78125,30,265,CHEMBL287_Ki
65555877,rf_std,0.7490780141843971,30,265,CHEMBL287_Ki
80882938,d_nb,0.734375,41,265,CHEMBL287_Ki
80882938,d_wstd,0.42901960784313725,41,265,CHEMBL287_Ki
80882938,d_std,0.42715686274509806,41,265,CHEMBL287_Ki
80882938,d_range,0.4357843137254902,41,265,CHEMBL287_Ki
80882938,d_iqr,0.4827586206896552,41,265,CHEMBL287_Ki
80882938,d_pair_gap,0.41915287456445993,41,265,CHEMBL287_Ki
80882938,d_nn_sim,0.662156862745098,41,265,CHEMBL287_Ki
80882938,naive_proxy,0.43902439024390244,41,265,CHEMBL287_Ki
80882938,oracle,0.8048780487804879,41,265,CHEMBL287_Ki
80882938,rf_std,0.6908754355400697,41,265,CHEMBL287_Ki
62569839,d_nb,0.6061326223046604,38,265,CHEMBL287_Ki
62569839,d_wstd,0.6335164835164835,38,265,CHEMBL287_Ki
62569839,d_std,0.6271062271062271,38,265,CHEMBL287_Ki
62569839,d_range,0.5987179487179487,38,265,CHEMBL287_Ki
62569839,d_iqr,0.6663356504468719,38,265,CHEMBL287_Ki
62569839,d_pair_gap,0.36865290980755855,38,265,CHEMBL287_Ki
62569839,d_nn_sim,0.6292124542124542,38,265,CHEMBL287_Ki
62569839,naive_proxy,0.4857142857142857,38,265,CHEMBL287_Ki
62569839,oracle,0.9714285714285714,38,265,CHEMBL287_Ki
62569839,rf_std,0.6821238117319731,38,265,CHEMBL287_Ki
