dataset,protocol,seed,method,n_test,n_train,n_cal,n_cliffA,n_cliffB,cov_all,cov_cliffA,cov_noncliffA,gapA_pp,cov_cliffB,cov_noncliffB,gapB_pp,width_all,width_cliffA,nn_sim_mean,nn_sim_median,y_mean_test,y_mean_train
CHEMBL204_Ki,act_mid20,6021738,global,550,1653,551,48,28,0.8618181818181818,0.8333333333333334,0.8645418326693227,3.120849933598935,0.8214285714285714,0.8639846743295019,4.255610290093048,2.58729440480132,2.5872944048013196,0.7005480480923728,0.7434164934164934,6.732780718367357,6.972469606426716
CHEMBL204_Ki,act_mid20,6021738,mondrian_wstd,550,1653,551,48,28,0.8618181818181818,0.9166666666666666,0.8565737051792829,-6.0092961487383745,0.8928571428571429,0.8601532567049809,-3.270388615216202,2.8324176494284314,2.863737432137873,0.7005480480923728,0.7434164934164934,6.732780718367357,6.972469606426716
CHEMBL204_Ki,act_mid20,6021738,mondrian_rfstd,550,1653,551,48,28,0.8072727272727273,0.8125,0.8067729083665338,-0.5727091633466186,0.7857142857142857,0.8084291187739464,2.271483305966071,2.956621948841477,2.759649416213248,0.7005480480923728,0.7434164934164934,6.732780718367357,6.972469606426716
CHEMBL204_Ki,act_mid20,6021738,mondrian_nb,550,1653,551,48,28,0.9,0.8333333333333334,0.9063745019920318,7.304116865869847,0.8571428571428571,0.9022988505747126,4.51559934318555,2.961271202662207,2.870963074744347,0.7005480480923728,0.7434164934164934,6.732780718367357,6.972469606426716
CHEMBL204_Ki,act_mid20,98978916,global,550,1653,551,48,31,0.8618181818181818,0.8333333333333334,0.8645418326693227,3.120849933598935,0.8064516129032258,0.8651252408477842,5.867362794455843,2.708998970143522,2.708998970143522,0.6983919043081215,0.7436275542447861,6.732780718367357,6.899078713090134
CHEMBL204_Ki,act_mid20,98978916,mondrian_wstd,550,1653,551,48,31,0.8345454545454546,0.7291666666666666,0.8446215139442231,11.54548472775565,0.6129032258064516,0.8477842003853564,23.48809745789048,2.6776174714901466,2.461053341186942,0.6983919043081215,0.7436275542447861,6.732780718367357,6.899078713090134
CHEMBL204_Ki,act_mid20,98978916,mondrian_rfstd,550,1653,551,48,31,0.7654545454545455,0.6666666666666666,0.7749003984063745,10.823373173970785,0.6451612903225806,0.7726396917148363,12.747840139225563,2.6461432542487153,2.4997156824658027,0.6983919043081215,0.7436275542447861,6.732780718367357,6.899078713090134
CHEMBL204_Ki,act_mid20,98978916,mondrian_nb,550,1653,551,48,31,0.8436363636363636,0.8541666666666666,0.8426294820717132,-1.1537184594953453,0.8387096774193549,0.8439306358381503,0.522095841879544,2.7166402109151617,2.6574216695460375,0.6983919043081215,0.7436275542447861,6.732780718367357,6.899078713090134
CHEMBL204_Ki,act_mid20,91819329,global,550,1653,551,48,34,0.8763636363636363,0.8125,0.8824701195219123,6.997011952191235,0.7941176470588235,0.8817829457364341,8.766529867761063,2.661866360248188,2.6618663602481885,0.7059123198868614,0.7544076708939066,6.732780718367357,6.913500838958171
CHEMBL204_Ki,act_mid20,91819329,mondrian_wstd,550,1653,551,48,34,0.8763636363636363,0.75,0.8884462151394422,13.844621513944222,0.7058823529411765,0.8875968992248062,18.17145462836297,2.7228293146987874,2.408913071651741,0.7059123198868614,0.7544076708939066,6.732780718367357,6.913500838958171
CHEMBL204_Ki,act_mid20,91819329,mondrian_rfstd,550,1653,551,48,34,0.82,0.7708333333333334,0.8247011952191236,5.386786188579018,0.7352941176470589,0.8255813953488372,9.028727770177836,2.8688267093577253,2.722740431438171,0.7059123198868614,0.7544076708939066,6.732780718367357,6.913500838958171
CHEMBL204_Ki,act_mid20,91819329,mondrian_nb,550,1653,551,48,34,0.8545454545454545,0.7291666666666666,0.8665338645418327,13.736719787516606,0.7058823529411765,0.8643410852713178,15.84587323301413,2.719333272488792,2.396003066540652,0.7059123198868614,0.7544076708939066,6.732780718367357,6.913500838958171
CHEMBL214_Ki,act_mid20,6021738,global,663,1990,664,37,22,0.9592760180995475,0.8648648648648649,0.9648562300319489,9.999136516708395,0.8636363636363636,0.9625585023400937,9.892213870373002,2.1874538210911734,2.1874538210911725,0.7463219262386368,0.7586206896551724,7.34888303053757,7.320617842298154
CHEMBL214_Ki,act_mid20,6021738,mondrian_wstd,663,1990,664,37,22,0.942684766214178,0.8918918918918919,0.9456869009584664,5.379500906657453,0.8636363636363636,0.9453978159126365,8.176145227627284,2.2457025641342194,2.3252189583245277,0.7463219262386368,0.7586206896551724,7.34888303053757,7.320617842298154
CHEMBL214_Ki,act_mid20,6021738,mondrian_rfstd,663,1990,664,37,22,0.9019607843137255,0.8108108108108109,0.9073482428115016,9.653743200069076,0.8181818181818182,0.9048361934477379,8.665437526591969,2.193529020817601,2.225282579864531,0.7463219262386368,0.7586206896551724,7.34888303053757,7.320617842298154
CHEMBL214_Ki,act_mid20,6021738,mondrian_nb,663,1990,664,37,22,0.9215686274509803,0.7567567567567568,0.9313099041533547,17.455314739659787,0.7727272727272727,0.9266770670826833,15.394979435541057,2.1549149444756095,1.9218678393068054,0.7463219262386368,0.7586206896551724,7.34888303053757,7.320617842298154
CHEMBL214_Ki,act_mid20,98978916,global,663,1990,664,35,21,0.9803921568627451,0.9714285714285714,0.9808917197452229,0.9463148316651515,0.9523809523809523,0.9813084112149533,2.892745883400094,2.4686937833839746,2.468693783383974,0.7439944092418721,0.7575757575757576,7.34888303053757,7.323353752590843
CHEMBL214_Ki,act_mid20,98978916,mondrian_wstd,663,1990,664,35,21,0.9773755656108597,0.9428571428571428,0.9792993630573248,3.644222020018195,0.9047619047619048,0.9797507788161994,7.498887405429466,2.61678027295642,2.6917116412828124,0.7439944092418721,0.7575757575757576,7.34888303053757,7.323353752590843
CHEMBL214_Ki,act_mid20,98978916,mondrian_rfstd,663,1990,664,35,21,0.9140271493212669,0.8,0.9203821656050956,12.038216560509552,0.7142857142857143,0.9205607476635514,20.627503337783715,2.4650165028947497,2.485033891030141,0.7439944092418721,0.7575757575757576,7.34888303053757,7.323353752590843
CHEMBL214_Ki,act_mid20,98978916,mondrian_nb,663,1990,664,35,21,0.9819004524886877,0.9428571428571428,0.9840764331210191,4.121929026387628,0.9523809523809523,0.9828660436137072,3.048509123275489,2.4570860392918497,2.210023605173657,0.7439944092418721,0.7575757575757576,7.34888303053757,7.323353752590843
CHEMBL214_Ki,act_mid20,91819329,global,663,1990,664,36,23,0.9849170437405732,0.9444444444444444,0.9872408293460925,4.279638490164805,0.9130434782608695,0.9875,7.445652173913054,2.632819338769199,2.6328193387691985,0.7455745302671322,0.7571428571428571,7.34888303053757,7.374848510771082
CHEMBL214_Ki,act_mid20,91819329,mondrian_wstd,663,1990,664,36,23,0.9607843137254902,0.8888888888888888,0.9649122807017544,7.602339181286554,0.8260869565217391,0.965625,13.953804347826082,2.674820417684145,2.890359012102158,0.7455745302671322,0.7571428571428571,7.34888303053757,7.374848510771082
CHEMBL214_Ki,act_mid20,91819329,mondrian_rfstd,663,1990,664,36,23,0.9306184012066365,0.8055555555555556,0.937799043062201,13.22434875066454,0.7391304347826086,0.9375,19.836956521739136,2.445075431319281,2.491968885786413,0.7455745302671322,0.7571428571428571,7.34888303053757,7.374848510771082
CHEMBL214_Ki,act_mid20,91819329,mondrian_nb,663,1990,664,36,23,0.975867269984917,0.9444444444444444,0.9776714513556619,3.3227006911217494,0.9130434782608695,0.978125,6.508152173913051,2.5198262836640652,2.3248270423284008,0.7455745302671322,0.7571428571428571,7.34888303053757,7.374848510771082
CHEMBL219_Ki,act_mid20,6021738,global,373,1119,373,27,17,0.9624664879356568,0.8888888888888888,0.9682080924855492,7.931920359666034,0.8235294117647058,0.9691011235955056,14.557171183079976,2.380171490010758,2.380171490010758,0.726673583204197,0.74,7.276546019238929,7.21822309651556
CHEMBL219_Ki,act_mid20,6021738,mondrian_wstd,373,1119,373,27,17,0.9597855227882037,0.8518518518518519,0.9682080924855492,11.635624063369733,0.7647058823529411,0.9691011235955056,20.439524124256447,2.413454926046315,2.3995722720587076,0.726673583204197,0.74,7.276546019238929,7.21822309651556
CHEMBL219_Ki,act_mid20,6021738,mondrian_rfstd,373,1119,373,27,17,0.9195710455764075,0.7407407407407407,0.9335260115606936,19.27852708199529,0.6470588235294118,0.9325842696629213,28.55254461335095,2.494848368711494,2.4252194806270317,0.726673583204197,0.74,7.276546019238929,7.21822309651556
CHEMBL219_Ki,act_mid20,6021738,mondrian_nb,373,1119,373,27,17,0.9651474530831099,0.8518518518518519,0.9739884393063584,12.213658745450651,0.7647058823529411,0.9747191011235955,21.001321877065436,2.4737333251553353,2.24760275216824,0.726673583204197,0.74,7.276546019238929,7.21822309651556
CHEMBL219_Ki,act_mid20,98978916,global,373,1119,373,27,15,0.9705093833780161,0.8888888888888888,0.976878612716763,8.798972382787419,0.8,0.9776536312849162,17.765363128491618,2.593337538886752,2.5933375388867526,0.7304258380817868,0.7450980392156863,7.276546019238929,7.2095063135753525
CHEMBL219_Ki,act_mid20,98978916,mondrian_wstd,373,1119,373,27,15,0.9544235924932976,0.8518518518518519,0.9624277456647399,11.057589381288802,0.7333333333333333,0.9636871508379888,23.035381750465554,2.6264671439915896,2.596984156614715,0.7304258380817868,0.7450980392156863,7.276546019238929,7.2095063135753525
CHEMBL219_Ki,act_mid20,98978916,mondrian_rfstd,373,1119,373,27,15,0.9142091152815014,0.7407407407407407,0.9277456647398844,18.70049239991437,0.6,0.9273743016759777,32.73743016759777,2.5923542250869467,2.410023810083487,0.7304258380817868,0.7450980392156863,7.276546019238929,7.2095063135753525
CHEMBL219_Ki,act_mid20,98978916,mondrian_nb,373,1119,373,27,15,0.9436997319034852,0.8148148148148148,0.953757225433526,13.894241061871126,0.7333333333333333,0.952513966480447,21.918063314711368,2.5240841098382996,2.104052339315316,0.7304258380817868,0.7450980392156863,7.276546019238929,7.2095063135753525
CHEMBL219_Ki,act_mid20,91819329,global,373,1119,373,27,13,0.9731903485254692,0.7777777777777778,0.9884393063583815,21.06615285806037,0.5384615384615384,0.9888888888888889,45.042735042735046,2.361595643751748,2.3615956437517482,0.7229399371715979,0.7384615384615385,7.276546019238929,7.205576838296557
CHEMBL219_Ki,act_mid20,91819329,mondrian_wstd,373,1119,373,27,13,0.9758713136729222,0.8518518518518519,0.9855491329479769,13.369728109612499,0.6923076923076923,0.9861111111111112,29.380341880341888,2.5688209530073576,2.503131784492937,0.7229399371715979,0.7384615384615385,7.276546019238929,7.205576838296557
CHEMBL219_Ki,act_mid20,91819329,mondrian_rfstd,373,1119,373,27,13,0.9329758713136729,0.7037037037037037,0.9508670520231214,24.716334831941765,0.5384615384615384,0.9472222222222222,40.876068376068375,2.3282367659824614,2.1441653924520194,0.7229399371715979,0.7384615384615385,7.276546019238929,7.205576838296557
CHEMBL219_Ki,act_mid20,91819329,mondrian_nb,373,1119,373,27,13,0.9731903485254692,0.8888888888888888,0.9797687861271677,9.087989723827883,0.7692307692307693,0.9805555555555555,21.132478632478623,2.4664109376519536,2.3573069044914328,0.7229399371715979,0.7384615384615385,7.276546019238929,7.205576838296557
CHEMBL228_Ki,act_mid20,6021738,global,340,1023,341,18,11,0.9264705882352942,0.9444444444444444,0.9254658385093167,-1.897860593512768,0.9090909090909091,0.9270516717325228,1.7960762641613726,2.6070317857433523,2.6070317857433523,0.7096740229533279,0.7291666666666666,7.407288097534817,7.311518944511444
CHEMBL228_Ki,act_mid20,6021738,mondrian_wstd,340,1023,341,18,11,0.9264705882352942,0.9444444444444444,0.9254658385093167,-1.897860593512768,0.9090909090909091,0.9270516717325228,1.7960762641613726,2.714714557095652,2.625740555413256,0.7096740229533279,0.7291666666666666,7.407288097534817,7.311518944511444
CHEMBL228_Ki,act_mid20,6021738,mondrian_rfstd,340,1023,341,18,11,0.8529411764705882,0.7222222222222222,0.860248447204969,13.802622498274674,0.8181818181818182,0.8541033434650456,3.592152528322734,2.6677916147833396,2.463358090492821,0.7096740229533279,0.7291666666666666,7.407288097534817,7.311518944511444
CHEMBL228_Ki,act_mid20,6021738,mondrian_nb,340,1023,341,18,11,0.9088235294117647,0.8333333333333334,0.9130434782608695,7.971014492753614,0.7272727272727273,0.9148936170212766,18.76208897485493,2.652487890236418,2.337848681613186,0.7096740229533279,0.7291666666666666,7.407288097534817,7.311518944511444
CHEMBL228_Ki,act_mid20,98978916,global,340,1023,341,18,8,0.9235294117647059,1.0,0.9192546583850931,-8.074534161490687,1.0,0.9216867469879518,-7.831325301204817,2.5425430897410273,2.542543089741027,0.7095815555613919,0.7291666666666666,7.407288097534817,7.301270521921492
CHEMBL228_Ki,act_mid20,98978916,mondrian_wstd,340,1023,341,18,8,0.9294117647058824,0.9444444444444444,0.9285714285714286,-1.5873015873015817,0.875,0.9307228915662651,5.572289156626509,2.486655737393668,2.2537271534747725,0.7095815555613919,0.7291666666666666,7.407288097534817,7.301270521921492
CHEMBL228_Ki,act_mid20,98978916,mondrian_rfstd,340,1023,341,18,8,0.8794117647058823,0.8333333333333334,0.8819875776397516,4.865424430641818,0.75,0.8825301204819277,13.253012048192769,2.61733406897805,2.542336635764395,0.7095815555613919,0.7291666666666666,7.407288097534817,7.301270521921492
CHEMBL228_Ki,act_mid20,98978916,mondrian_nb,340,1023,341,18,8,0.9176470588235294,0.8888888888888888,0.9192546583850931,3.0365769496204287,0.75,0.9216867469879518,17.168674698795183,2.5626714168659688,2.0697705565698703,0.7095815555613919,0.7291666666666666,7.407288097534817,7.301270521921492
CHEMBL228_Ki,act_mid20,91819329,global,340,1023,341,18,7,0.9323529411764706,1.0,0.9285714285714286,-7.14285714285714,1.0,0.9309309309309309,-6.906906906906906,2.63165980309355,2.63165980309355,0.7123227695915144,0.7288690476190476,7.407288097534817,7.31784586176126
CHEMBL228_Ki,act_mid20,91819329,mondrian_wstd,340,1023,341,18,7,0.9352941176470588,1.0,0.9316770186335404,-6.8322981366459645,1.0,0.933933933933934,-6.6066066066066025,2.811117909459075,2.7465927292157684,0.7123227695915144,0.7288690476190476,7.407288097534817,7.31784586176126
CHEMBL228_Ki,act_mid20,91819329,mondrian_rfstd,340,1023,341,18,7,0.8794117647058823,0.8888888888888888,0.8788819875776398,-1.000690131124904,1.0,0.8768768768768769,-12.312312312312311,2.7231020969126156,2.701507394204453,0.7123227695915144,0.7288690476190476,7.407288097534817,7.31784586176126
CHEMBL228_Ki,act_mid20,91819329,mondrian_nb,340,1023,341,18,7,0.9441176470588235,1.0,0.9409937888198758,-5.900621118012417,1.0,0.9429429429429429,-5.705705705705711,2.8319175803201166,2.411377247263439,0.7123227695915144,0.7288690476190476,7.407288097534817,7.31784586176126
CHEMBL233_Ki,act_mid20,6021738,global,628,1885,629,50,31,0.9363057324840764,0.84,0.9446366782006921,10.463667820069212,0.8064516129032258,0.9430485762144054,13.659696331117965,2.463033883196113,2.463033883196113,0.7663565855589198,0.7798305084745762,7.274713986021936,7.33983940110168
CHEMBL233_Ki,act_mid20,6021738,mondrian_wstd,628,1885,629,50,31,0.910828025477707,0.82,0.9186851211072664,9.868512110726646,0.8387096774193549,0.914572864321608,7.586318690225314,2.644035770266661,2.9241874435108706,0.7663565855589198,0.7798305084745762,7.274713986021936,7.33983940110168
CHEMBL233_Ki,act_mid20,6021738,mondrian_rfstd,628,1885,629,50,31,0.8614649681528662,0.84,0.8633217993079585,2.3321799307958524,0.8064516129032258,0.864321608040201,5.786999513697522,2.672403440412869,2.8109609162876814,0.7663565855589198,0.7798305084745762,7.274713986021936,7.33983940110168
CHEMBL233_Ki,act_mid20,6021738,mondrian_nb,628,1885,629,50,31,0.9378980891719745,0.86,0.9446366782006921,8.46366782006921,0.8387096774193549,0.9430485762144054,10.433889879505054,2.603222849455035,2.5270335600309135,0.7663565855589198,0.7798305084745762,7.274713986021936,7.33983940110168
CHEMBL233_Ki,act_mid20,98978916,global,628,1885,629,50,28,0.9522292993630573,0.9,0.9567474048442907,5.674740484429064,0.8214285714285714,0.9583333333333334,13.690476190476197,2.7364117230259577,2.736411723025958,0.7635867259647245,0.775686136523575,7.274713986021936,7.346450123302693
CHEMBL233_Ki,act_mid20,98978916,mondrian_wstd,628,1885,629,50,28,0.9299363057324841,0.9,0.9325259515570934,3.252595155709337,0.8571428571428571,0.9333333333333333,7.619047619047626,2.7969484273054346,2.88852221261751,0.7635867259647245,0.775686136523575,7.274713986021936,7.346450123302693
CHEMBL233_Ki,act_mid20,98978916,mondrian_rfstd,628,1885,629,50,28,0.9012738853503185,0.84,0.9065743944636678,6.657439446366786,0.8214285714285714,0.905,8.357142857142863,2.6520394775213916,2.6222494045881235,0.7635867259647245,0.775686136523575,7.274713986021936,7.346450123302693
CHEMBL233_Ki,act_mid20,98978916,mondrian_nb,628,1885,629,50,28,0.9442675159235668,0.88,0.9498269896193772,6.982698961937716,0.8214285714285714,0.95,12.857142857142856,2.7548039765104413,2.6575146918355625,0.7635867259647245,0.775686136523575,7.274713986021936,7.346450123302693
CHEMBL233_Ki,act_mid20,91819329,global,628,1885,629,50,28,0.9522292993630573,0.9,0.9567474048442907,5.674740484429064,0.8928571428571429,0.955,6.2142857142857055,2.7589384337485363,2.7589384337485363,0.7648422817136659,0.7769485903814262,7.274713986021936,7.325259041676763
CHEMBL233_Ki,act_mid20,91819329,mondrian_wstd,628,1885,629,50,28,0.9299363057324841,0.86,0.9359861591695502,7.598615916955021,0.8571428571428571,0.9333333333333333,7.619047619047626,2.72939986863231,2.7202831457164303,0.7648422817136659,0.7769485903814262,7.274713986021936,7.325259041676763
CHEMBL233_Ki,act_mid20,91819329,mondrian_rfstd,628,1885,629,50,28,0.89171974522293,0.86,0.8944636678200693,3.4463667820069266,0.8928571428571429,0.8916666666666667,-0.11904761904761862,2.571054145662384,2.7352830178060934,0.7648422817136659,0.7769485903814262,7.274713986021936,7.325259041676763
CHEMBL233_Ki,act_mid20,91819329,mondrian_nb,628,1885,629,50,28,0.9554140127388535,0.88,0.9619377162629758,8.193771626297575,0.8928571428571429,0.9583333333333334,6.547619047619047,2.8697480102937365,2.6793828319797255,0.7648422817136659,0.7769485903814262,7.274713986021936,7.325259041676763
CHEMBL234_Ki,act_mid20,6021738,global,731,2194,732,55,33,0.9288645690834473,0.8,0.9393491124260355,13.934911242603542,0.7272727272727273,0.9383954154727794,21.11226882000521,2.2303101456962,2.2303101456961985,0.7566863415150442,0.7746478873239436,7.580784620864752,7.446519313345313
CHEMBL234_Ki,act_mid20,6021738,mondrian_wstd,731,2194,732,55,33,0.9151846785225718,0.8181818181818182,0.9230769230769231,10.48951048951049,0.7878787878787878,0.9212034383954155,13.332465051662767,2.264769110020492,2.3140398086740372,0.7566863415150442,0.7746478873239436,7.580784620864752,7.446519313345313
CHEMBL234_Ki,act_mid20,6021738,mondrian_rfstd,731,2194,732,55,33,0.8317373461012312,0.6,0.8505917159763313,25.059171597633135,0.6666666666666666,0.839541547277937,17.287488061127032,2.243922567531127,2.176794276160069,0.7566863415150442,0.7746478873239436,7.580784620864752,7.446519313345313
CHEMBL234_Ki,act_mid20,6021738,mondrian_nb,731,2194,732,55,33,0.920656634746922,0.6909090909090909,0.9393491124260355,24.844002151694454,0.6666666666666666,0.9326647564469914,26.59980897803248,2.160495238298935,2.017291850298717,0.7566863415150442,0.7746478873239436,7.580784620864752,7.446519313345313
CHEMBL234_Ki,act_mid20,98978916,global,731,2194,732,55,34,0.9521203830369357,0.8,0.9644970414201184,16.449704142011832,0.7058823529411765,0.9641319942611191,25.824964131994253,2.3340593765074185,2.3340593765074185,0.7551466480261858,0.7735849056603774,7.580784620864752,7.429762446189402
CHEMBL234_Ki,act_mid20,98978916,mondrian_wstd,731,2194,732,55,34,0.8809849521203831,0.6909090909090909,0.8964497041420119,20.554061323292096,0.6176470588235294,0.8938307030129125,27.618364418938302,2.175840431716823,2.2362787657432763,0.7551466480261858,0.7735849056603774,7.580784620864752,7.429762446189402
CHEMBL234_Ki,act_mid20,98978916,mondrian_rfstd,731,2194,732,55,34,0.8344733242134063,0.5454545454545454,0.8579881656804734,31.2533620225928,0.5294117647058824,0.8493543758967002,31.99426111908178,2.1593253939961286,2.109368078791882,0.7551466480261858,0.7735849056603774,7.580784620864752,7.429762446189402
CHEMBL234_Ki,act_mid20,98978916,mondrian_nb,731,2194,732,55,34,0.9097127222982216,0.6545454545454545,0.9304733727810651,27.592791823561058,0.5882352941176471,0.9253945480631277,33.715925394548066,2.152133024872428,1.9460248675957679,0.7551466480261858,0.7735849056603774,7.580784620864752,7.429762446189402
CHEMBL234_Ki,act_mid20,91819329,global,731,2194,732,55,34,0.9151846785225718,0.7636363636363637,0.9275147928994083,16.387842926304465,0.6470588235294118,0.9282639885222381,28.120516499282633,2.053656342196236,2.0536563421962355,0.7566291481325537,0.7727272727272727,7.580784620864752,7.4607331653747515
CHEMBL234_Ki,act_mid20,91819329,mondrian_wstd,731,2194,732,55,34,0.8878248974008208,0.7454545454545455,0.8994082840236687,15.39537385691232,0.6764705882352942,0.8981348637015782,22.16642754662841,2.0945839841644838,2.056866766995624,0.7566291481325537,0.7727272727272727,7.580784620864752,7.4607331653747515
CHEMBL234_Ki,act_mid20,91819329,mondrian_rfstd,731,2194,732,55,34,0.8440492476060192,0.5454545454545454,0.8683431952662722,32.28886498117268,0.5294117647058824,0.8593974175035868,32.99856527977044,2.172927958516256,2.124674904768521,0.7566291481325537,0.7727272727272727,7.580784620864752,7.4607331653747515
CHEMBL234_Ki,act_mid20,91819329,mondrian_nb,731,2194,732,55,34,0.8782489740082079,0.6,0.900887573964497,30.088757396449704,0.5294117647058824,0.8952654232424677,36.58536585365854,1.9965470822669589,1.8455923911051897,0.7566291481325537,0.7727272727272727,7.580784620864752,7.4607331653747515
CHEMBL235_EC50,act_mid20,6021738,global,469,1410,470,29,17,0.9488272921108742,0.896551724137931,0.9522727272727273,5.572100313479622,0.8235294117647058,0.9535398230088495,13.00104112441437,2.3460966075178824,2.346096607517882,0.7746263185551009,0.7924528301886793,6.276875450744697,6.445540725591732
CHEMBL235_EC50,act_mid20,6021738,mondrian_wstd,469,1410,470,29,17,0.9381663113006397,0.8275862068965517,0.9454545454545454,11.786833855799372,0.8235294117647058,0.9424778761061947,11.894846434148887,2.3417913172101334,2.533583359647845,0.7746263185551009,0.7924528301886793,6.276875450744697,6.445540725591732
CHEMBL235_EC50,act_mid20,6021738,mondrian_rfstd,469,1410,470,29,17,0.9189765458422174,0.8275862068965517,0.925,9.741379310344833,0.7647058823529411,0.9247787610619469,16.007287870900576,2.3872112997146506,2.427184346044556,0.7746263185551009,0.7924528301886793,6.276875450744697,6.445540725591732
CHEMBL235_EC50,act_mid20,6021738,mondrian_nb,469,1410,470,29,17,0.9573560767590619,0.9310344827586207,0.9590909090909091,2.805642633228844,0.8823529411764706,0.9601769911504425,7.7824049973971965,2.380600006524032,2.3561121278868726,0.7746263185551009,0.7924528301886793,6.276875450744697,6.445540725591732
CHEMBL235_EC50,act_mid20,98978916,global,469,1410,470,29,21,0.9402985074626866,0.896551724137931,0.9431818181818182,4.663009404388719,0.8571428571428571,0.9441964285714286,8.705357142857151,2.3932294779898897,2.3932294779898897,0.7672274309613898,0.7910447761194029,6.276875450744697,6.475307001106749
CHEMBL235_EC50,act_mid20,98978916,mondrian_wstd,469,1410,470,29,21,0.9147121535181236,0.7586206896551724,0.925,16.63793103448277,0.7142857142857143,0.9241071428571429,20.98214285714286,2.375557491720842,2.458278763042867,0.7672274309613898,0.7910447761194029,6.276875450744697,6.475307001106749
CHEMBL235_EC50,act_mid20,98978916,mondrian_rfstd,469,1410,470,29,21,0.9232409381663113,0.7586206896551724,0.9340909090909091,17.54702194357367,0.7142857142857143,0.9330357142857143,21.875,2.433682150355133,2.5340172852246106,0.7672274309613898,0.7910447761194029,6.276875450744697,6.475307001106749
CHEMBL235_EC50,act_mid20,98978916,mondrian_nb,469,1410,470,29,21,0.9317697228144989,0.8620689655172413,0.9363636363636364,7.429467084639507,0.8095238095238095,0.9375,12.797619047619047,2.3802291989303908,2.5255176372819355,0.7672274309613898,0.7910447761194029,6.276875450744697,6.475307001106749
CHEMBL235_EC50,act_mid20,91819329,global,469,1410,470,29,14,0.9360341151385928,0.7586206896551724,0.9477272727272728,18.91065830721004,0.7857142857142857,0.9406593406593406,15.494505494505495,2.1595151812969853,2.159515181296985,0.771814119200611,0.7941176470588235,6.276875450744697,6.459741992996374
CHEMBL235_EC50,act_mid20,91819329,mondrian_wstd,469,1410,470,29,14,0.8699360341151386,0.6896551724137931,0.8818181818181818,19.21630094043887,0.5714285714285714,0.8791208791208791,30.76923076923077,2.1644566915340744,2.31055646443646,0.771814119200611,0.7941176470588235,6.276875450744697,6.459741992996374
CHEMBL235_EC50,act_mid20,91819329,mondrian_rfstd,469,1410,470,29,14,0.906183368869936,0.7241379310344828,0.9181818181818182,19.404388714733546,0.7142857142857143,0.9120879120879121,19.780219780219777,2.1232354176261015,2.133072278802786,0.771814119200611,0.7941176470588235,6.276875450744697,6.459741992996374
CHEMBL235_EC50,act_mid20,91819329,mondrian_nb,469,1410,470,29,14,0.9381663113006397,0.7586206896551724,0.95,19.137931034482758,0.7857142857142857,0.9428571428571428,15.714285714285714,2.2830529606832872,2.336040445849318,0.771814119200611,0.7941176470588235,6.276875450744697,6.459741992996374
CHEMBL236_Ki,act_mid20,6021738,global,520,1558,520,47,32,0.9076923076923077,0.8085106382978723,0.9175475687103594,10.903693041248708,0.71875,0.9200819672131147,20.133196721311474,2.4930486548691073,2.4930486548691086,0.7493299153257407,0.7731560891938251,7.007786866457668,7.0145201660334475
CHEMBL236_Ki,act_mid20,6021738,mondrian_wstd,520,1558,520,47,32,0.925,0.8723404255319149,0.9302325581395349,5.7892132607619935,0.8125,0.9323770491803278,11.987704918032783,2.726659093158878,2.5759743206826373,0.7493299153257407,0.7731560891938251,7.007786866457668,7.0145201660334475
CHEMBL236_Ki,act_mid20,6021738,mondrian_rfstd,520,1558,520,47,32,0.8423076923076923,0.6595744680851063,0.8604651162790697,20.08906481939634,0.59375,0.8586065573770492,26.485655737704917,2.6553851275358187,2.2584796066147255,0.7493299153257407,0.7731560891938251,7.007786866457668,7.0145201660334475
CHEMBL236_Ki,act_mid20,6021738,mondrian_nb,520,1558,520,47,32,0.9057692307692308,0.7872340425531915,0.9175475687103594,13.031352615716784,0.6875,0.9200819672131147,23.258196721311474,2.6218253563842855,2.38676499033753,0.7493299153257407,0.7731560891938251,7.007786866457668,7.0145201660334475
CHEMBL236_Ki,act_mid20,98978916,global,520,1558,520,47,29,0.9153846153846154,0.851063829787234,0.9217758985200846,7.0712068732850515,0.8275862068965517,0.9205702647657841,9.298405786923237,2.55780252913204,2.5578025291320396,0.7545982578743882,0.7780597014925373,7.007786866457667,6.959029683128731
CHEMBL236_Ki,act_mid20,98978916,mondrian_wstd,520,1558,520,47,29,0.875,0.851063829787234,0.8773784355179705,2.6314605730736407,0.8275862068965517,0.8778004073319755,5.0214200435423795,2.461378702821143,2.618340108518798,0.7545982578743882,0.7780597014925373,7.007786866457667,6.959029683128731
CHEMBL236_Ki,act_mid20,98978916,mondrian_rfstd,520,1558,520,47,29,0.8346153846153846,0.7021276595744681,0.8477801268498943,14.565246727542625,0.5862068965517241,0.8492871690427699,26.308027249104583,2.5983839074681265,2.170464352743496,0.7545982578743882,0.7780597014925373,7.007786866457667,6.959029683128731
CHEMBL236_Ki,act_mid20,98978916,mondrian_nb,520,1558,520,47,29,0.926923076923077,0.8723404255319149,0.9323467230443975,6.000629751248255,0.896551724137931,0.9287169042769857,3.216518013905467,2.7093777688886393,2.5950655843682067,0.7545982578743882,0.7780597014925373,7.007786866457667,6.959029683128731
CHEMBL236_Ki,act_mid20,91819329,global,520,1558,520,47,28,0.8865384615384615,0.8085106382978723,0.8942917547568711,8.578111645899877,0.8214285714285714,0.8902439024390244,6.881533101045301,2.448913608995524,2.448913608995524,0.7546602449747148,0.7726315789473683,7.007786866457667,6.957699644995813
CHEMBL236_Ki,act_mid20,91819329,mondrian_wstd,520,1558,520,47,28,0.8884615384615384,0.8723404255319149,0.8900634249471459,1.7722999415230922,0.8928571428571429,0.8882113821138211,-0.4645760743321792,2.481742805532464,2.6786565456708864,0.7546602449747148,0.7726315789473683,7.007786866457667,6.957699644995813
CHEMBL236_Ki,act_mid20,91819329,mondrian_rfstd,520,1558,520,47,28,0.8442307692307692,0.723404255319149,0.8562367864693446,13.283253115019566,0.6785714285714286,0.8536585365853658,17.508710801393722,2.6196851876644383,2.281939117652802,0.7546602449747148,0.7726315789473683,7.007786866457667,6.957699644995813
CHEMBL236_Ki,act_mid20,91819329,mondrian_nb,520,1558,520,47,28,0.8923076923076924,0.8085106382978723,0.9006342494714588,9.212361117358647,0.7857142857142857,0.8983739837398373,11.265969802555166,2.5755948670746966,2.4706658052371955,0.7546602449747148,0.7726315789473683,7.007786866457667,6.957699644995813
CHEMBL237_EC50,act_mid20,6021738,global,191,573,191,29,16,0.9790575916230366,0.9655172413793104,0.9814814814814815,1.5964240102171123,0.9375,0.9828571428571429,4.535714285714287,3.0687594180696,3.0687594180696007,0.7733088667207387,0.7945205479452054,7.467304219119483,7.43491457227414
CHEMBL237_EC50,act_mid20,6021738,mondrian_wstd,191,573,191,29,16,0.9319371727748691,0.9310344827586207,0.9320987654320988,0.10642826734781341,0.875,0.9371428571428572,6.214285714285717,3.170249265773688,3.204513861343231,0.7733088667207387,0.7945205479452054,7.467304219119483,7.43491457227414
CHEMBL237_EC50,act_mid20,6021738,mondrian_rfstd,191,573,191,29,16,0.9109947643979057,0.8275862068965517,0.9259259259259259,9.83397190293742,0.8125,0.92,10.750000000000004,3.0648397560434226,3.1045551607500674,0.7733088667207387,0.7945205479452054,7.467304219119483,7.43491457227414
CHEMBL237_EC50,act_mid20,6021738,mondrian_nb,191,573,191,29,16,0.93717277486911,0.9310344827586207,0.9382716049382716,0.723712217965089,0.875,0.9428571428571428,6.785714285714284,3.0241117942896674,3.03078686363511,0.7733088667207387,0.7945205479452054,7.467304219119483,7.43491457227414
CHEMBL237_EC50,act_mid20,98978916,global,191,573,191,29,18,0.9842931937172775,0.9655172413793104,0.9876543209876543,2.213707960834388,0.9444444444444444,0.9884393063583815,4.399486191393709,3.3349286703852012,3.334928670385201,0.7719148662929166,0.7936507936507936,7.467304219119483,7.45479259104847
CHEMBL237_EC50,act_mid20,98978916,mondrian_wstd,191,573,191,29,18,0.9633507853403142,0.9655172413793104,0.9629629629629629,-0.25542784163474774,0.9444444444444444,0.9653179190751445,2.0873474630700106,3.533148802123391,3.4946494378899455,0.7719148662929166,0.7936507936507936,7.467304219119483,7.45479259104847
CHEMBL237_EC50,act_mid20,98978916,mondrian_rfstd,191,573,191,29,18,0.9214659685863874,0.9310344827586207,0.9197530864197531,-1.12813963388676,0.8888888888888888,0.9248554913294798,3.596660244059091,3.4891921958028522,3.3762452333775146,0.7719148662929166,0.7936507936507936,7.467304219119483,7.45479259104847
CHEMBL237_EC50,act_mid20,98978916,mondrian_nb,191,573,191,29,18,0.93717277486911,0.9655172413793104,0.9320987654320988,-3.341847594721159,0.9444444444444444,0.9364161849710982,-0.8028259473346178,3.4292854913610493,3.53176403052654,0.7719148662929166,0.7936507936507936,7.467304219119483,7.45479259104847
CHEMBL237_EC50,act_mid20,91819329,global,191,573,191,29,19,0.9790575916230366,0.896551724137931,0.9938271604938271,9.727543635589608,0.8947368421052632,0.9883720930232558,9.363525091799263,2.903544097872072,2.9035440978720715,0.7762890738600999,0.7945205479452054,7.467304219119483,7.390775652375665
CHEMBL237_EC50,act_mid20,91819329,mondrian_wstd,191,573,191,29,19,0.9214659685863874,0.8275862068965517,0.9382716049382716,11.068539804171984,0.7894736842105263,0.936046511627907,14.657282741738065,3.470174231986229,3.5778523558940125,0.7762890738600999,0.7945205479452054,7.467304219119483,7.390775652375665
CHEMBL237_EC50,act_mid20,91819329,mondrian_rfstd,191,573,191,29,19,0.9319371727748691,0.7931034482758621,0.9567901234567902,16.368667518092806,0.6842105263157895,0.9593023255813954,27.50917992656059,3.2128437964274483,3.1932817321891696,0.7762890738600999,0.7945205479452054,7.467304219119483,7.390775652375665
CHEMBL237_EC50,act_mid20,91819329,mondrian_nb,191,573,191,29,19,0.9528795811518325,0.896551724137931,0.9629629629629629,6.6411238825031855,0.8947368421052632,0.9593023255813954,6.456548347613222,3.199330874614363,3.443315004828353,0.7762890738600999,0.7945205479452054,7.467304219119483,7.390775652375665
CHEMBL237_Ki,act_mid20,6021738,global,521,1561,521,56,31,0.927063339731286,0.875,0.9333333333333333,5.833333333333335,0.8709677419354839,0.9306122448979591,5.964450296247525,2.6207584805512703,2.62075848055127,0.768247521203506,0.7875,7.171866555791526,7.421393406157699
CHEMBL237_Ki,act_mid20,6021738,mondrian_wstd,521,1561,521,56,31,0.9385796545105566,0.9107142857142857,0.9419354838709677,3.1221198156682006,0.9032258064516129,0.9408163265306122,3.7590520078999323,2.717573585596336,2.7437243210208804,0.768247521203506,0.7875,7.171866555791526,7.421393406157699
CHEMBL237_Ki,act_mid20,6021738,mondrian_rfstd,521,1561,521,56,31,0.8714011516314779,0.6785714285714286,0.8946236559139785,21.60522273425499,0.6451612903225806,0.8857142857142857,24.055299539170505,2.6022159126471203,2.4887343891331506,0.768247521203506,0.7875,7.171866555791526,7.421393406157699
CHEMBL237_Ki,act_mid20,6021738,mondrian_nb,521,1561,521,56,31,0.9193857965451055,0.8214285714285714,0.9311827956989247,10.97542242703533,0.7741935483870968,0.9285714285714286,15.437788018433185,2.6475684373781703,2.5680312738686166,0.768247521203506,0.7875,7.171866555791526,7.421393406157699
CHEMBL237_Ki,act_mid20,98978916,global,521,1561,521,56,30,0.9213051823416507,0.8928571428571429,0.9247311827956989,3.1874039938555976,0.8,0.9287169042769857,12.871690427698567,2.488897315975406,2.488897315975405,0.7633474331922381,0.7887323943661971,7.171866555791526,7.362725430004402
CHEMBL237_Ki,act_mid20,98978916,mondrian_wstd,521,1561,521,56,30,0.9136276391554703,0.8571428571428571,0.9204301075268817,6.32872503840246,0.7666666666666667,0.9226069246435845,15.59402579769178,2.559665050686614,2.5902253347898943,0.7633474331922381,0.7887323943661971,7.171866555791526,7.362725430004402
CHEMBL237_Ki,act_mid20,98978916,mondrian_rfstd,521,1561,521,56,30,0.8733205374280231,0.6785714285714286,0.896774193548387,21.820276497695843,0.6,0.890020366598778,29.002036659877806,2.6536108134183243,2.5670809414620144,0.7633474331922381,0.7887323943661971,7.171866555791526,7.362725430004402
CHEMBL237_Ki,act_mid20,98978916,mondrian_nb,521,1561,521,56,30,0.927063339731286,0.8571428571428571,0.9354838709677419,7.834101382488479,0.7666666666666667,0.9368635437881874,17.019687712152066,2.5947425175612584,2.4634982211928325,0.7633474331922381,0.7887323943661971,7.171866555791526,7.362725430004402
CHEMBL237_Ki,act_mid20,91819329,global,521,1561,521,56,32,0.9328214971209213,0.9285714285714286,0.9333333333333333,0.4761904761904745,0.90625,0.934560327198364,2.8310327198364016,2.594221507369987,2.594221507369987,0.7721269075609976,0.7894736842105263,7.171866555791526,7.365860021181647
CHEMBL237_Ki,act_mid20,91819329,mondrian_wstd,521,1561,521,56,32,0.8963531669865643,0.9107142857142857,0.8946236559139785,-1.6090629800307177,0.875,0.8977505112474438,2.275051124744376,2.5613534939876685,2.7153633272338493,0.7721269075609976,0.7894736842105263,7.171866555791526,7.365860021181647
CHEMBL237_Ki,act_mid20,91819329,mondrian_rfstd,521,1561,521,56,32,0.8656429942418427,0.7142857142857143,0.8838709677419355,16.95852534562212,0.6875,0.8773006134969326,18.980061349693255,2.591620585456207,2.4545910818990486,0.7721269075609976,0.7894736842105263,7.171866555791526,7.365860021181647
CHEMBL237_Ki,act_mid20,91819329,mondrian_nb,521,1561,521,56,32,0.9289827255278311,0.9107142857142857,0.9311827956989247,2.0468509984639005,0.875,0.9325153374233128,5.751533742331283,2.64104033124802,2.4761412638428197,0.7721269075609976,0.7894736842105263,7.171866555791526,7.365860021181647
CHEMBL239_EC50,act_mid20,6021738,global,345,1032,344,29,14,0.9623188405797102,0.6551724137931034,0.990506329113924,33.53339153208206,0.5714285714285714,0.9788519637462235,40.742339231765214,2.449284647657008,2.449284647657008,0.7525691041961888,0.7761194029850746,6.200491166992771,6.390069918273778
CHEMBL239_EC50,act_mid20,6021738,mondrian_wstd,345,1032,344,29,14,0.9478260869565217,0.6896551724137931,0.9715189873417721,28.186381492797896,0.7142857142857143,0.9577039274924471,24.341821320673283,2.440627962392094,2.506779785668317,0.7525691041961888,0.7761194029850746,6.200491166992771,6.390069918273778
CHEMBL239_EC50,act_mid20,6021738,mondrian_rfstd,345,1032,344,29,14,0.8898550724637682,0.4482758620689655,0.930379746835443,48.21038847664775,0.42857142857142855,0.9093655589123867,48.079413034095815,2.379105505446568,2.3250104055814553,0.7525691041961888,0.7761194029850746,6.200491166992771,6.390069918273778
CHEMBL239_EC50,act_mid20,6021738,mondrian_nb,345,1032,344,29,14,0.9507246376811594,0.6551724137931034,0.9778481012658228,32.26756874727194,0.5,0.9697885196374623,46.97885196374622,2.603995164514027,2.4787746026291826,0.7525691041961888,0.7761194029850746,6.200491166992771,6.390069918273778
CHEMBL239_EC50,act_mid20,98978916,global,345,1032,344,29,16,0.9739130434782609,0.7931034482758621,0.990506329113924,19.740288083806192,0.6875,0.9878419452887538,30.03419452887538,2.6393415393183717,2.6393415393183703,0.7566803403284353,0.7794117647058824,6.200491166992771,6.367432250714304
CHEMBL239_EC50,act_mid20,98978916,mondrian_wstd,345,1032,344,29,16,0.9507246376811594,0.8275862068965517,0.9620253164556962,13.44391095591445,0.75,0.9604863221884499,21.048632218844986,2.6032472173395695,2.7107513681263358,0.7566803403284353,0.7794117647058824,6.200491166992771,6.367432250714304
CHEMBL239_EC50,act_mid20,98978916,mondrian_rfstd,345,1032,344,29,16,0.9217391304347826,0.6551724137931034,0.9462025316455697,29.103011785246625,0.625,0.9361702127659575,31.117021276595747,2.636566209227873,2.6012635284300405,0.7566803403284353,0.7794117647058824,6.200491166992771,6.367432250714304
CHEMBL239_EC50,act_mid20,98978916,mondrian_nb,345,1032,344,29,16,0.9768115942028985,0.8275862068965517,0.990506329113924,16.292012221737227,0.75,0.9878419452887538,23.78419452887538,2.870470752925303,2.837945639970773,0.7566803403284353,0.7794117647058824,6.200491166992771,6.367432250714304
CHEMBL239_EC50,act_mid20,91819329,global,345,1032,344,29,18,0.9681159420289855,0.6896551724137931,0.9936708860759493,30.40157136621562,0.5555555555555556,0.9908256880733946,43.5270132517839,2.633318963718685,2.6333189637186836,0.7557724114654053,0.7794117647058824,6.200491166992771,6.383563832191852
CHEMBL239_EC50,act_mid20,91819329,mondrian_wstd,345,1032,344,29,18,0.9565217391304348,0.7586206896551724,0.9746835443037974,21.606285464862506,0.6666666666666666,0.9724770642201835,30.58103975535169,2.6364449599999484,2.863470275951198,0.7557724114654053,0.7794117647058824,6.200491166992771,6.383563832191852
CHEMBL239_EC50,act_mid20,91819329,mondrian_rfstd,345,1032,344,29,18,0.9478260869565217,0.5862068965517241,0.9810126582278481,39.480576167612405,0.5555555555555556,0.9694189602446484,41.386340468909275,2.7671677633047764,2.647339127667867,0.7557724114654053,0.7794117647058824,6.200491166992771,6.383563832191852
CHEMBL239_EC50,act_mid20,91819329,mondrian_nb,345,1032,344,29,18,0.9739130434782609,0.7586206896551724,0.9936708860759493,23.505019642077695,0.6666666666666666,0.9908256880733946,32.41590214067279,2.784128642296078,2.784948966913491,0.7557724114654053,0.7794117647058824,6.200491166992771,6.383563832191852
CHEMBL244_Ki,act_mid20,6021738,global,619,1858,620,77,52,0.8594507269789984,0.7922077922077922,0.8690036900369004,7.679589782910812,0.7884615384615384,0.8659611992945326,7.7499660832994195,2.776190683930958,2.776190683930958,0.752992199031539,0.7727272727272727,7.08086107743304,7.1963047470534605
CHEMBL244_Ki,act_mid20,6021738,mondrian_wstd,619,1858,620,77,52,0.840064620355412,0.7272727272727273,0.8560885608856088,12.88158336128815,0.6730769230769231,0.855379188712522,18.230226563559892,2.867201055282752,2.7861320783107746,0.752992199031539,0.7727272727272727,7.08086107743304,7.1963047470534605
CHEMBL244_Ki,act_mid20,6021738,mondrian_rfstd,619,1858,620,77,52,0.8174474959612278,0.6753246753246753,0.8376383763837638,16.231370105908848,0.6346153846153846,0.8342151675485009,19.959978293311632,3.046824684277746,2.8495367768479816,0.752992199031539,0.7727272727272727,7.08086107743304,7.1963047470534605
CHEMBL244_Ki,act_mid20,6021738,mondrian_nb,619,1858,620,77,52,0.8707592891760905,0.7662337662337663,0.8856088560885609,11.937508985479461,0.75,0.8818342151675485,13.183421516754844,2.793908613884315,2.6080350544167326,0.752992199031539,0.7727272727272727,7.08086107743304,7.1963047470534605
CHEMBL244_Ki,act_mid20,98978916,global,619,1858,620,77,61,0.8562197092084006,0.7792207792207793,0.8671586715867159,8.793789236593664,0.7213114754098361,0.8709677419354839,14.96562665256478,2.745744961012754,2.7457449610127536,0.7590726591071673,0.7777777777777778,7.08086107743304,7.136195552084788
CHEMBL244_Ki,act_mid20,98978916,mondrian_wstd,619,1858,620,77,61,0.875605815831987,0.8181818181818182,0.8837638376383764,6.558201945655817,0.7704918032786885,0.8870967741935484,11.660497091485988,3.039166552484022,3.07132626249074,0.7590726591071673,0.7777777777777778,7.08086107743304,7.136195552084788
CHEMBL244_Ki,act_mid20,98978916,mondrian_rfstd,619,1858,620,77,61,0.8174474959612278,0.6883116883116883,0.8357933579335793,14.748166962189103,0.6229508196721312,0.8387096774193549,21.57588577472237,3.1092564829576097,2.8555596111370827,0.7590726591071673,0.7777777777777778,7.08086107743304,7.136195552084788
CHEMBL244_Ki,act_mid20,98978916,mondrian_nb,619,1858,620,77,61,0.8416801292407108,0.7662337662337663,0.8523985239852399,8.616475775147359,0.7049180327868853,0.8566308243727598,15.171279158587458,2.6791128519255287,2.6741748557614224,0.7590726591071673,0.7777777777777778,7.08086107743304,7.136195552084788
CHEMBL244_Ki,act_mid20,91819329,global,619,1858,620,77,62,0.8675282714054927,0.7662337662337663,0.8819188191881919,11.568505295442566,0.7580645161290323,0.8797127468581688,12.164823072913656,2.6765059642798845,2.6765059642798854,0.75959503828806,0.7777777777777778,7.08086107743304,7.125710229904508
CHEMBL244_Ki,act_mid20,91819329,mondrian_wstd,619,1858,620,77,62,0.8820678513731826,0.7662337662337663,0.8985239852398524,13.229021900608618,0.7580645161290323,0.895870736086176,13.78062199571437,3.068807484324866,3.146999920264934,0.75959503828806,0.7777777777777778,7.08086107743304,7.125710229904508
CHEMBL244_Ki,act_mid20,91819329,mondrian_rfstd,619,1858,620,77,62,0.81421647819063,0.6493506493506493,0.8376383763837638,18.828772703311447,0.6290322580645161,0.8348294434470377,20.579718538252155,2.966152707218351,2.8517186285101035,0.75959503828806,0.7777777777777778,7.08086107743304,7.125710229904508
CHEMBL244_Ki,act_mid20,91819329,mondrian_nb,619,1858,620,77,62,0.8788368336025848,0.7662337662337663,0.8948339483394834,12.860018210571711,0.7419354838709677,0.8940754039497307,15.213992007876298,2.803602961571321,2.678648235250691,0.75959503828806,0.7777777777777778,7.08086107743304,7.125710229904508
CHEMBL264_Ki,act_mid20,6021738,global,572,1717,573,43,25,0.972027972027972,0.9534883720930233,0.9735349716446124,2.004659955158916,0.96,0.9725776965265083,1.2577696526508308,2.543981498940194,2.543981498940195,0.7559018147867108,0.7583426028921023,7.8257562791276944,7.748781080000592
CHEMBL264_Ki,act_mid20,6021738,mondrian_wstd,572,1717,573,43,25,0.9685314685314685,0.9302325581395349,0.9716446124763705,4.1412054336835595,0.92,0.9707495429616088,5.074954296160872,2.5556932814911932,2.5789749618408364,0.7559018147867108,0.7583426028921023,7.8257562791276944,7.748781080000592
CHEMBL264_Ki,act_mid20,6021738,mondrian_rfstd,572,1717,573,43,25,0.8933566433566433,0.7674418604651163,0.9035916824196597,13.614982195454338,0.8,0.8976234003656307,9.762340036563067,2.220791317445311,2.1903657980542715,0.7559018147867108,0.7583426028921023,7.8257562791276944,7.748781080000592
CHEMBL264_Ki,act_mid20,6021738,mondrian_nb,572,1717,573,43,25,0.9458041958041958,0.9069767441860465,0.9489603024574669,4.198355827142041,0.88,0.9488117001828154,6.881170018281535,2.4422049877630103,2.3168249403749437,0.7559018147867108,0.7583426028921023,7.8257562791276944,7.748781080000592
CHEMBL264_Ki,act_mid20,98978916,global,572,1717,573,43,25,0.9615384615384616,0.9767441860465116,0.9603024574669187,-1.6441728579592918,0.96,0.9616087751371115,0.1608775137111551,2.2901079196929928,2.2901079196929923,0.7552616265132693,0.756338899196042,7.8257562791276944,7.724824873496994
CHEMBL264_Ki,act_mid20,98978916,mondrian_wstd,572,1717,573,43,25,0.9300699300699301,0.8372093023255814,0.9376181474480151,10.040884512243364,0.8,0.9360146252285192,13.601462522851914,2.403358441085585,2.249980058971184,0.7552616265132693,0.756338899196042,7.8257562791276944,7.724824873496994
CHEMBL264_Ki,act_mid20,98978916,mondrian_rfstd,572,1717,573,43,25,0.8723776223776224,0.6976744186046512,0.8865784499054821,18.89040313008309,0.64,0.8829981718464351,24.299817184643512,2.242595883761899,2.2660500281422142,0.7552616265132693,0.756338899196042,7.8257562791276944,7.724824873496994
CHEMBL264_Ki,act_mid20,98978916,mondrian_nb,572,1717,573,43,25,0.9195804195804196,0.7906976744186046,0.9300567107750473,13.935903635644264,0.76,0.926873857404022,16.687385740402195,2.282212954855919,2.0963722809604777,0.7552616265132693,0.756338899196042,7.8257562791276944,7.724824873496994
CHEMBL264_Ki,act_mid20,91819329,global,572,1717,573,43,30,0.9790209790209791,0.9767441860465116,0.9792060491493384,0.24618631028268112,0.9666666666666667,0.9797047970479705,1.3038130381303858,2.6529594044376057,2.6529594044376066,0.7521208663776391,0.75,7.8257562791276944,7.724903069380493
CHEMBL264_Ki,act_mid20,91819329,mondrian_wstd,572,1717,573,43,30,0.9632867132867133,0.9069767441860465,0.9678638941398866,6.088714995384015,0.8666666666666667,0.9686346863468634,10.196801968019676,2.6258650700136834,2.526191968554468,0.7521208663776391,0.75,7.8257562791276944,7.724903069380493
CHEMBL264_Ki,act_mid20,91819329,mondrian_rfstd,572,1717,573,43,30,0.8933566433566433,0.6976744186046512,0.9092627599243857,21.158834131973446,0.7,0.9040590405904059,20.40590405904059,2.5249768377012596,2.493874196239051,0.7521208663776391,0.75,7.8257562791276944,7.724903069380493
CHEMBL264_Ki,act_mid20,91819329,mondrian_nb,572,1717,573,43,30,0.9458041958041958,0.8604651162790697,0.9527410207939508,9.22759045148811,0.8,0.9538745387453874,15.387453874538737,2.4774863915306793,2.2639772537690375,0.7521208663776391,0.75,7.8257562791276944,7.724903069380493
CHEMBL287_Ki,act_mid20,6021738,global,266,796,266,11,6,0.9849624060150376,0.9090909090909091,0.9882352941176471,7.9144385026738036,0.8333333333333334,0.9884615384615385,15.512820512820513,2.7393033454287976,2.739303345428798,0.7055496946965821,0.7217668488160291,7.553448948377032,7.44531659960862
CHEMBL287_Ki,act_mid20,6021738,mondrian_wstd,266,796,266,11,6,0.9887218045112782,0.9090909090909091,0.9921568627450981,8.3065953654189,0.8333333333333334,0.9923076923076923,15.897435897435896,2.782019219959926,2.5499169132714563,0.7055496946965821,0.7217668488160291,7.553448948377032,7.44531659960862
CHEMBL287_Ki,act_mid20,6021738,mondrian_rfstd,266,796,266,11,6,0.9285714285714286,0.6363636363636364,0.9411764705882353,30.481283422459892,0.6666666666666666,0.9346153846153846,26.7948717948718,2.8024741114291807,2.5712375320068586,0.7055496946965821,0.7217668488160291,7.553448948377032,7.44531659960862
CHEMBL287_Ki,act_mid20,6021738,mondrian_nb,266,796,266,11,6,0.9962406015037594,1.0,0.996078431372549,-0.39215686274509665,1.0,0.9961538461538462,-0.38461538461538325,2.837068204495615,2.6931422349890983,0.7055496946965821,0.7217668488160291,7.553448948377032,7.44531659960862
CHEMBL287_Ki,act_mid20,98978916,global,266,796,266,11,4,0.9661654135338346,0.9090909090909091,0.9686274509803922,5.95365418894831,0.75,0.9694656488549618,21.94656488549618,2.396723026231447,2.3967230262314474,0.7076581931257392,0.7263814616755793,7.553448948377032,7.474544938996556
CHEMBL287_Ki,act_mid20,98978916,mondrian_wstd,266,796,266,11,4,0.9661654135338346,1.0,0.9647058823529412,-3.529411764705881,1.0,0.9656488549618321,-3.435114503816794,2.36066856866172,2.39897886386798,0.7076581931257392,0.7263814616755793,7.553448948377032,7.474544938996556
CHEMBL287_Ki,act_mid20,98978916,mondrian_rfstd,266,796,266,11,4,0.924812030075188,0.8181818181818182,0.9294117647058824,11.122994652406415,0.75,0.9274809160305344,17.74809160305344,2.3052814651850206,2.0553961535063903,0.7076581931257392,0.7263814616755793,7.553448948377032,7.474544938996556
CHEMBL287_Ki,act_mid20,98978916,mondrian_nb,266,796,266,11,4,0.9511278195488722,0.9090909090909091,0.9529411764705882,4.385026737967912,0.75,0.9541984732824428,20.419847328244277,2.295704042483891,2.2275659211196643,0.7076581931257392,0.7263814616755793,7.553448948377032,7.474544938996556
CHEMBL287_Ki,act_mid20,91819329,global,266,796,266,11,2,0.9924812030075187,1.0,0.9921568627450981,-0.7843137254901933,1.0,0.9924242424242424,-0.7575757575757569,2.733052146744568,2.733052146744568,0.7014656405517895,0.7217668488160291,7.553448948377032,7.458195366375149
CHEMBL287_Ki,act_mid20,91819329,mondrian_wstd,266,796,266,11,2,0.981203007518797,1.0,0.9803921568627451,-1.9607843137254943,1.0,0.9810606060606061,-1.8939393939393923,2.8013660394511115,2.6580719130375425,0.7014656405517895,0.7217668488160291,7.553448948377032,7.458195366375149
CHEMBL287_Ki,act_mid20,91819329,mondrian_rfstd,266,796,266,11,2,0.9661654135338346,0.8181818181818182,0.9725490196078431,15.43672014260249,0.5,0.9696969696969697,46.96969696969697,2.4995709284620475,2.2816872305503706,0.7014656405517895,0.7217668488160291,7.553448948377032,7.458195366375149
CHEMBL287_Ki,act_mid20,91819329,mondrian_nb,266,796,266,11,2,0.9548872180451128,0.9090909090909091,0.9568627450980393,4.77718360071302,0.5,0.9583333333333334,45.833333333333336,2.7077408081878236,2.9252458810887885,0.7014656405517895,0.7217668488160291,7.553448948377032,7.458195366375149
CHEMBL3979_EC50,act_mid20,6021738,global,225,675,225,25,17,0.8755555555555555,0.76,0.89,13.0,0.8235294117647058,0.8798076923076923,5.627828054298645,2.052854654441945,2.052854654441946,0.773784141048296,0.7887323943661971,6.627554213308777,6.702306769624979
CHEMBL3979_EC50,act_mid20,6021738,mondrian_wstd,225,675,225,25,17,0.8888888888888888,0.84,0.895,5.500000000000005,0.8823529411764706,0.8894230769230769,0.707013574660631,2.520078811229032,2.5543869567292337,0.773784141048296,0.7887323943661971,6.627554213308777,6.702306769624979
CHEMBL3979_EC50,act_mid20,6021738,mondrian_rfstd,225,675,225,25,17,0.8444444444444444,0.64,0.87,23.0,0.7058823529411765,0.8557692307692307,14.988687782805421,2.4656152313595916,2.240874220625707,0.773784141048296,0.7887323943661971,6.627554213308777,6.702306769624979
CHEMBL3979_EC50,act_mid20,6021738,mondrian_nb,225,675,225,25,17,0.8577777777777778,0.64,0.885,24.5,0.7058823529411765,0.8701923076923077,16.430995475113118,2.0761705721001693,1.965917615851497,0.773784141048296,0.7887323943661971,6.627554213308777,6.702306769624979
CHEMBL3979_EC50,act_mid20,98978916,global,225,675,225,25,15,0.9422222222222222,0.92,0.945,2.499999999999991,0.9333333333333333,0.9428571428571428,0.952380952380949,2.425877107501943,2.425877107501943,0.7680331183101822,0.7833333333333333,6.627554213308776,6.773431150253595
CHEMBL3979_EC50,act_mid20,98978916,mondrian_wstd,225,675,225,25,15,0.8888888888888888,0.8,0.9,9.999999999999998,0.8,0.8952380952380953,9.523809523809524,2.4388783154434073,2.455591015752824,0.7680331183101822,0.7833333333333333,6.627554213308776,6.773431150253595
CHEMBL3979_EC50,act_mid20,98978916,mondrian_rfstd,225,675,225,25,15,0.8133333333333334,0.52,0.85,32.99999999999999,0.6,0.8285714285714286,22.857142857142865,2.382848391570062,2.0412718153160028,0.7680331183101822,0.7833333333333333,6.627554213308776,6.773431150253595
CHEMBL3979_EC50,act_mid20,98978916,mondrian_nb,225,675,225,25,15,0.9155555555555556,0.88,0.92,4.0000000000000036,0.8666666666666667,0.919047619047619,5.23809523809523,2.3914859728466986,2.190520041143456,0.7680331183101822,0.7833333333333333,6.627554213308776,6.773431150253595
CHEMBL3979_EC50,act_mid20,91819329,global,225,675,225,25,15,0.9288888888888889,0.96,0.925,-3.499999999999992,0.9333333333333333,0.9285714285714286,-0.4761904761904745,2.41335341510186,2.41335341510186,0.7749839923681852,0.7878787878787878,6.627554213308774,6.775148710952997
CHEMBL3979_EC50,act_mid20,91819329,mondrian_wstd,225,675,225,25,15,0.8933333333333333,0.88,0.895,1.5000000000000013,0.8,0.9,9.999999999999998,2.6709340929060454,2.791892112542243,0.7749839923681852,0.7878787878787878,6.627554213308774,6.775148710952997
CHEMBL3979_EC50,act_mid20,91819329,mondrian_rfstd,225,675,225,25,15,0.8666666666666667,0.72,0.885,16.500000000000004,0.8,0.8714285714285714,7.14285714285714,2.6178415589886126,2.3948727941950314,0.7749839923681852,0.7878787878787878,6.627554213308774,6.775148710952997
CHEMBL3979_EC50,act_mid20,91819329,mondrian_nb,225,675,225,25,15,0.92,0.88,0.925,4.5000000000000036,0.8,0.9285714285714286,12.857142857142856,2.3648006514457385,2.3577439648924847,0.7749839923681852,0.7878787878787878,6.627554213308774,6.775148710952997
