dataset,seed,k,auc_fail,auc_cliffB,misalign,d_cov_cliffB_pp,d_cov_cliffA_pp,cov_cliffB,cov_cliffA,n_cliffB,n_cliffA
CHEMBL204_Ki,71339737,2,0.5747344808643106,0.4770554493307839,0.09767903153352664,-7.14285714285714,-2.083333333333326,0.7142857142857143,0.8333333333333334,28,48
CHEMBL204_Ki,71339737,5,0.5941677348470976,0.46452472002185197,0.12964301482524565,-7.14285714285714,-4.1666666666666625,0.7142857142857143,0.8125,28,48
CHEMBL204_Ki,71339737,10,0.668925105292071,0.4978148046981699,0.17111030059390114,-32.14285714285714,-16.666666666666664,0.4642857142857143,0.6875,28,48
CHEMBL204_Ki,71339737,25,0.7276597692730269,0.5152280797596285,0.21243168951339841,-14.28571428571428,-10.416666666666663,0.6428571428571429,0.75,28,48
CHEMBL204_Ki,71339737,50,0.7173136788134041,0.48695711554220156,0.23035656327120257,-28.57142857142857,-16.666666666666664,0.5,0.6875,28,48
CHEMBL204_Ki,71339737,100,0.7304980772752243,0.4816989893471729,0.2487990879280514,-25.0,-12.5,0.5357142857142857,0.7291666666666666,28,48
CHEMBL204_Ki,71339737,200,0.728026002563633,0.4670854957661841,0.26094050679744896,-28.57142857142857,-14.583333333333325,0.5,0.7083333333333334,28,48
CHEMBL204_Ki,99182118,2,0.6849900199600798,0.5190026954177898,0.16598732454229004,0.0,-3.9215686274509776,0.8571428571428571,0.8823529411764706,21,51
CHEMBL204_Ki,99182118,5,0.7600199600798403,0.4715633423180593,0.288456617761781,-9.523809523809524,-7.843137254901955,0.7619047619047619,0.8431372549019608,21,51
CHEMBL204_Ki,99182118,10,0.7605788423153692,0.5330637915543576,0.22751505076101164,-14.28571428571428,-9.80392156862745,0.7142857142857143,0.8235294117647058,21,51
CHEMBL204_Ki,99182118,25,0.8030339321357285,0.46612758310871516,0.33690634902701333,-19.047619047619047,-17.647058823529406,0.6666666666666666,0.7450980392156863,21,51
CHEMBL204_Ki,99182118,50,0.7970059880239521,0.49793351302785266,0.2990724749960994,-4.761904761904756,-9.80392156862745,0.8095238095238095,0.8235294117647058,21,51
CHEMBL204_Ki,99182118,100,0.805189620758483,0.4853548966756514,0.3198347240828316,-23.809523809523803,-21.568627450980383,0.6190476190476191,0.7058823529411765,21,51
CHEMBL204_Ki,99182118,200,0.8093413173652695,0.4784366576819407,0.3309046596833288,-19.047619047619047,-19.6078431372549,0.6666666666666666,0.7254901960784313,21,51
CHEMBL204_Ki,89709943,2,0.6667545015371102,0.4965856323408905,0.17016886919621976,0.0,0.0,0.8571428571428571,0.8928571428571429,28,56
CHEMBL204_Ki,89709943,5,0.6510540184453228,0.6007921332969134,0.05026188514840946,-7.14285714285714,-3.571428571428581,0.7857142857142857,0.8571428571428571,28,56
CHEMBL204_Ki,89709943,10,0.7275362318840579,0.6554903031958481,0.0720459286882098,-3.57142857142857,-3.571428571428581,0.8214285714285714,0.8571428571428571,28,56
CHEMBL204_Ki,89709943,25,0.7675010979358805,0.5878858235454794,0.17961527439040115,-3.57142857142857,-3.571428571428581,0.8214285714285714,0.8571428571428571,28,56
CHEMBL204_Ki,89709943,50,0.7339042599912166,0.6290289538377493,0.1048753061534673,-7.14285714285714,-8.92857142857143,0.7857142857142857,0.8035714285714286,28,56
CHEMBL204_Ki,89709943,100,0.7726394378568292,0.6339114995902759,0.13872793826655327,0.0,-1.7857142857142905,0.8571428571428571,0.875,28,56
CHEMBL204_Ki,89709943,200,0.7602986385595081,0.621073477192024,0.13922516136748408,-3.57142857142857,-3.571428571428581,0.8214285714285714,0.8571428571428571,28,56
CHEMBL204_Ki,86921808,2,0.642259198015709,0.5196765498652292,0.12258264815047981,-4.761904761904756,-2.1739130434782594,0.6190476190476191,0.6956521739130435,21,46
CHEMBL204_Ki,86921808,5,0.6750378944467411,0.5530548068283917,0.12198308761834942,-9.523809523809524,-6.521739130434778,0.5714285714285714,0.6521739130434783,21,46
CHEMBL204_Ki,86921808,10,0.7732189610031693,0.5526954177897574,0.22052354321341194,-4.761904761904756,-4.347826086956519,0.6190476190476191,0.6739130434782609,21,46
CHEMBL204_Ki,86921808,25,0.7899269670662808,0.5612758310871518,0.228651135979129,-9.523809523809524,-6.521739130434778,0.5714285714285714,0.6521739130434783,21,46
CHEMBL204_Ki,86921808,50,0.7899958660603555,0.5605570530098832,0.2294388130504723,-9.523809523809524,-4.347826086956519,0.5714285714285714,0.6739130434782609,21,46
CHEMBL204_Ki,86921808,100,0.7934752652611272,0.5403414195867026,0.25313384567442465,-9.523809523809524,-8.695652173913038,0.5714285714285714,0.6304347826086957,21,46
CHEMBL204_Ki,86921808,200,0.8013297505856415,0.5487870619946091,0.25254268859103235,-9.523809523809524,-4.347826086956519,0.5714285714285714,0.6739130434782609,21,46
CHEMBL204_Ki,89165191,2,0.5424860658323694,0.3594596379970934,0.18302642783527595,3.4482758620689613,1.6666666666666718,0.8275862068965517,0.9,29,60
CHEMBL204_Ki,89165191,5,0.6875328636029026,0.5717730215352094,0.11575984206769319,3.4482758620689613,-1.6666666666666607,0.8275862068965517,0.8666666666666667,29,60
CHEMBL204_Ki,89165191,10,0.666763066568514,0.5900713436385255,0.07669172292998849,-3.4482758620689724,-3.3333333333333326,0.7586206896551724,0.85,29,60
CHEMBL204_Ki,89165191,25,0.6828530865495847,0.5563812921125644,0.12647179443702028,-6.896551724137934,-3.3333333333333326,0.7241379310344828,0.85,29,60
CHEMBL204_Ki,89165191,50,0.7135345462193711,0.5221297397278373,0.1914048064915338,-3.4482758620689724,-3.3333333333333326,0.7586206896551724,0.85,29,60
CHEMBL204_Ki,89165191,100,0.7217373015038385,0.525366627031312,0.19637067447252654,0.0,-1.6666666666666607,0.7931034482758621,0.8666666666666667,29,60
CHEMBL204_Ki,89165191,200,0.7187927226837733,0.5414189456995641,0.1773737769842092,0.0,-1.6666666666666607,0.7931034482758621,0.8666666666666667,29,60
CHEMBL214_Ki,71339737,2,0.579406966701852,0.4428047839506173,0.1366021827512347,0.0,2.0000000000000018,0.625,0.76,16,50
CHEMBL214_Ki,71339737,5,0.5925694910917059,0.4253472222222222,0.16722226886948366,6.25,4.0000000000000036,0.6875,0.78,16,50
CHEMBL214_Ki,71339737,10,0.6627163100150337,0.46662808641975306,0.19608822359528066,-6.25,-7.9999999999999964,0.5625,0.66,16,50
CHEMBL214_Ki,71339737,25,0.6824520999264306,0.43508873456790126,0.24736336535852937,0.0,0.0,0.625,0.74,16,50
CHEMBL214_Ki,71339737,50,0.6971339922592201,0.44733796296296297,0.24979602929625716,-6.25,-2.0000000000000018,0.5625,0.72,16,50
CHEMBL214_Ki,71339737,100,0.6995649809679173,0.4263117283950617,0.2732532525728556,-12.5,-5.999999999999995,0.5,0.68,16,50
CHEMBL214_Ki,71339737,200,0.7025717301602533,0.4182098765432099,0.2843618536170434,-12.5,-5.999999999999995,0.5,0.68,16,50
CHEMBL214_Ki,99182118,2,0.640019252647239,0.5105941114616194,0.12942514118561965,9.999999999999998,6.1224489795918435,0.7,0.7346938775510204,30,49
CHEMBL214_Ki,99182118,5,0.642852454712523,0.5660357518401682,0.07681670287235476,-3.3333333333333326,-4.081632653061218,0.5666666666666667,0.6326530612244898,30,49
CHEMBL214_Ki,99182118,10,0.7104664391353811,0.5904837013669821,0.11998273776839896,3.3333333333333326,-2.0408163265306145,0.6333333333333333,0.6530612244897959,30,49
CHEMBL214_Ki,99182118,25,0.6634724774656515,0.509043112513144,0.15442936495250748,3.3333333333333326,2.0408163265306145,0.6333333333333333,0.6938775510204082,30,49
CHEMBL214_Ki,99182118,50,0.7117134856042706,0.5155099894847529,0.1962034961195177,0.0,0.0,0.6,0.673469387755102,30,49
CHEMBL214_Ki,99182118,100,0.692745252472215,0.5291272344900105,0.16361801798220443,0.0,-2.0408163265306145,0.6,0.6530612244897959,30,49
CHEMBL214_Ki,99182118,200,0.7060033254572504,0.5274447949526814,0.17855853050456905,3.3333333333333326,0.0,0.6333333333333333,0.673469387755102,30,49
CHEMBL214_Ki,89709943,2,0.5464383875400824,0.40246525960811674,0.1439731279319657,3.703703703703709,4.081632653061218,0.7037037037037037,0.7755102040816326,27,49
CHEMBL214_Ki,89709943,5,0.652084287677508,0.3694691551834409,0.2826151324940671,-3.703703703703698,0.0,0.6296296296296297,0.7346938775510204,27,49
CHEMBL214_Ki,89709943,10,0.670659642693541,0.3867666724809582,0.28389297021258275,-7.4074074074074066,-2.0408163265306145,0.5925925925925926,0.7142857142857143,27,49
CHEMBL214_Ki,89709943,25,0.6980531378836463,0.4224082795511367,0.2756448583325096,0.0,0.0,0.6666666666666666,0.7346938775510204,27,49
CHEMBL214_Ki,89709943,50,0.7127118644067797,0.37630094772951916,0.33641091667726053,-7.4074074074074066,0.0,0.5925925925925926,0.7346938775510204,27,49
CHEMBL214_Ki,89709943,100,0.7021759047182776,0.38810395953253096,0.31407194518574666,-11.111111111111105,-6.1224489795918435,0.5555555555555556,0.673469387755102,27,49
CHEMBL214_Ki,89709943,200,0.7095281722400366,0.38915053200767485,0.32037764023236176,-11.111111111111105,-4.081632653061229,0.5555555555555556,0.6938775510204082,27,49
CHEMBL214_Ki,86921808,2,0.5858025046506722,0.5482215585120825,0.037580946138589644,3.4482758620689613,6.382978723404253,0.6551724137931034,0.7659574468085106,29,47
CHEMBL214_Ki,86921808,5,0.6594557275185547,0.4635351615530817,0.19592056596547303,6.896551724137934,6.382978723404253,0.6896551724137931,0.7659574468085106,29,47
CHEMBL214_Ki,86921808,10,0.6642118788715647,0.5385283736084714,0.12568350526309335,17.24137931034483,14.893617021276595,0.7931034482758621,0.851063829787234,29,47
CHEMBL214_Ki,86921808,25,0.7461212435034424,0.5088243279934835,0.2372969155099589,13.793103448275856,12.765957446808507,0.7586206896551724,0.8297872340425532,29,47
CHEMBL214_Ki,86921808,50,0.7628444853575743,0.47988053217485743,0.2829639531827169,13.793103448275856,12.765957446808507,0.7586206896551724,0.8297872340425532,29,47
CHEMBL214_Ki,86921808,100,0.7512034213604895,0.49970133043714365,0.2515020909233458,10.344827586206895,10.638297872340418,0.7241379310344828,0.8085106382978723,29,47
CHEMBL214_Ki,86921808,200,0.7582992923307059,0.496606027694814,0.26169326463589193,0.0,4.255319148936165,0.6206896551724138,0.7446808510638298,29,47
CHEMBL214_Ki,89165191,2,0.5735222276502199,0.5505834651898734,0.02293876246034643,0.0,0.0,0.65625,0.7735849056603774,32,53
CHEMBL214_Ki,89165191,5,0.6389741084513922,0.5303846914556962,0.10858941699569602,3.125,0.0,0.6875,0.7735849056603774,32,53
CHEMBL214_Ki,89165191,10,0.7057840742550073,0.5825998813291139,0.12318419292589344,0.0,-1.8867924528301883,0.65625,0.7547169811320755,32,53
CHEMBL214_Ki,89165191,25,0.7223448949682462,0.5089003164556962,0.21344457851254994,0.0,0.0,0.65625,0.7735849056603774,32,53
CHEMBL214_Ki,89165191,50,0.7123400097703957,0.5197784810126582,0.19256152875773747,0.0,0.0,0.65625,0.7735849056603774,32,53
CHEMBL214_Ki,89165191,100,0.7166780654616512,0.5207674050632911,0.19591066039836014,-3.125,-1.8867924528301883,0.625,0.7547169811320755,32,53
CHEMBL214_Ki,89165191,200,0.7184171958964338,0.5248219936708861,0.1935952022255477,-6.25,-5.660377358490576,0.59375,0.7169811320754716,32,53
CHEMBL219_Ki,71339737,2,0.5682110682110683,0.48527397260273974,0.08293709560832851,25.0,0.0,0.875,0.7894736842105263,8,19
CHEMBL219_Ki,71339737,5,0.6939350064350064,0.7152397260273973,-0.021304719592390886,0.0,0.0,0.625,0.7894736842105263,8,19
CHEMBL219_Ki,71339737,10,0.696911196911197,0.6938356164383561,0.0030755804728408442,25.0,0.0,0.875,0.7894736842105263,8,19
CHEMBL219_Ki,71339737,25,0.7207609395109396,0.6287671232876713,0.0919938162232683,0.0,-10.526315789473683,0.625,0.6842105263157895,8,19
CHEMBL219_Ki,71339737,50,0.7220881595881596,0.6335616438356164,0.08852651575254322,0.0,-10.526315789473683,0.625,0.6842105263157895,8,19
CHEMBL219_Ki,71339737,100,0.7125160875160875,0.6071917808219178,0.1053243066941697,25.0,-5.263157894736848,0.875,0.7368421052631579,8,19
CHEMBL219_Ki,71339737,200,0.7213642213642214,0.6339041095890411,0.08746011177518032,12.5,-10.526315789473683,0.75,0.6842105263157895,8,19
CHEMBL219_Ki,99182118,2,0.6179841316485454,0.435933147632312,0.18205098401623337,0.0,0.0,1.0,0.9285714285714286,14,28
CHEMBL219_Ki,99182118,5,0.6521451660299735,0.5612813370473537,0.0908638289826198,0.0,0.0,1.0,0.9285714285714286,14,28
CHEMBL219_Ki,99182118,10,0.6868939171319424,0.4880620771985674,0.19883183993337494,0.0,0.0,1.0,0.9285714285714286,14,28
CHEMBL219_Ki,99182118,25,0.7255362915074934,0.38101870274572225,0.3445175887617712,0.0,0.0,1.0,0.9285714285714286,14,28
CHEMBL219_Ki,99182118,50,0.733617396414928,0.4009152407481098,0.33270215566681816,0.0,-3.57142857142857,1.0,0.8928571428571429,14,28
CHEMBL219_Ki,99182118,100,0.7633705553923009,0.3985276561878233,0.3648428992044776,-7.14285714285714,-7.142857142857151,0.9285714285714286,0.8571428571428571,14,28
CHEMBL219_Ki,99182118,200,0.7626359094916251,0.39594110624751294,0.36669480324411213,0.0,0.0,1.0,0.9285714285714286,14,28
CHEMBL219_Ki,89709943,2,0.5870257452574525,0.5231967787114846,0.06382896654596792,6.25,3.2258064516129004,0.8125,0.9032258064516129,16,31
CHEMBL219_Ki,89709943,5,0.660840108401084,0.46673669467787116,0.19410341372321283,-6.25,-3.2258064516129004,0.6875,0.8387096774193549,16,31
CHEMBL219_Ki,89709943,10,0.7192073170731708,0.6154586834733894,0.10374863359978137,0.0,-3.2258064516129004,0.75,0.8387096774193549,16,31
CHEMBL219_Ki,89709943,25,0.7345189701897019,0.47540266106442575,0.25911630912527617,-6.25,-3.2258064516129004,0.6875,0.8387096774193549,16,31
CHEMBL219_Ki,89709943,50,0.7447493224932249,0.48678221288515405,0.25796710960807084,-6.25,-6.451612903225811,0.6875,0.8064516129032258,16,31
CHEMBL219_Ki,89709943,100,0.7589769647696477,0.5282738095238095,0.23070315524583818,-6.25,-6.451612903225811,0.6875,0.8064516129032258,16,31
CHEMBL219_Ki,89709943,200,0.7551151761517615,0.5393032212885154,0.2158119548632461,0.0,-3.2258064516129004,0.75,0.8387096774193549,16,31
CHEMBL219_Ki,86921808,2,0.5848516397709527,0.5544871794871795,0.030364460283773154,15.384615384615385,6.896551724137923,0.7692307692307693,0.8620689655172413,13,29
CHEMBL219_Ki,86921808,5,0.7067499566198161,0.4948717948717949,0.2118781617480212,15.384615384615385,10.344827586206895,0.7692307692307693,0.896551724137931,13,29
CHEMBL219_Ki,86921808,10,0.717855283706403,0.4356837606837607,0.28217152302264226,-15.384615384615385,-6.896551724137934,0.46153846153846156,0.7241379310344828,13,29
CHEMBL219_Ki,86921808,25,0.7012840534443866,0.5286324786324786,0.17265157481190796,7.692307692307687,6.896551724137923,0.6923076923076923,0.8620689655172413,13,29
CHEMBL219_Ki,86921808,50,0.7352073572791948,0.45918803418803417,0.2760193230911607,0.0,3.4482758620689613,0.6153846153846154,0.8275862068965517,13,29
CHEMBL219_Ki,86921808,100,0.7280930071143502,0.4938034188034188,0.23428958831093138,-7.692307692307699,0.0,0.5384615384615384,0.7931034482758621,13,29
CHEMBL219_Ki,86921808,200,0.7301752559430852,0.46303418803418805,0.26714106790889713,7.692307692307687,6.896551724137923,0.6923076923076923,0.8620689655172413,13,29
CHEMBL219_Ki,89165191,2,0.6572288163534454,0.4625816172777499,0.19464719907569555,0.0,0.0,0.9090909090909091,0.9629629629629629,11,27
CHEMBL219_Ki,89165191,5,0.6397955819320804,0.5386740331491713,0.10112154878290913,0.0,0.0,0.9090909090909091,0.9629629629629629,11,27
CHEMBL219_Ki,89165191,10,0.7258077810748433,0.5642893018583627,0.16151847921648066,0.0,-7.4074074074074066,0.9090909090909091,0.8888888888888888,11,27
CHEMBL219_Ki,89165191,25,0.7095697329376854,0.5072827724761426,0.20228696046154282,-9.090909090909083,-7.4074074074074066,0.8181818181818182,0.8888888888888888,11,27
CHEMBL219_Ki,89165191,50,0.7494642268381141,0.5100452034153692,0.2394190234227449,0.0,0.0,0.9090909090909091,0.9629629629629629,11,27
CHEMBL219_Ki,89165191,100,0.7536679854929114,0.47061778001004523,0.28305020548286614,0.0,0.0,0.9090909090909091,0.9629629629629629,11,27
CHEMBL219_Ki,89165191,200,0.7593554236729311,0.48669010547463587,0.2726653181982952,0.0,0.0,0.9090909090909091,0.9629629629629629,11,27
CHEMBL228_Ki,71339737,2,0.5451495666759855,0.34655647382920113,0.19859309284678434,-9.090909090909088,-16.666666666666664,0.36363636363636365,0.5,11,18
CHEMBL228_Ki,71339737,5,0.6387335756220296,0.5272727272727272,0.11146084834930237,9.090909090909088,5.555555555555558,0.5454545454545454,0.7222222222222222,11,18
CHEMBL228_Ki,71339737,10,0.7809616997483925,0.5214876033057851,0.2594740964426073,0.0,-5.5555555555555465,0.45454545454545453,0.6111111111111112,11,18
CHEMBL228_Ki,71339737,25,0.7155437517472742,0.5060606060606061,0.20948314568666815,9.090909090909088,0.0,0.5454545454545454,0.6666666666666666,11,18
CHEMBL228_Ki,71339737,50,0.7417878110148168,0.46831955922865015,0.2734682517861667,9.090909090909088,0.0,0.5454545454545454,0.6666666666666666,11,18
CHEMBL228_Ki,71339737,100,0.7337154039698071,0.44517906336088153,0.2885363406089255,9.090909090909088,-5.5555555555555465,0.5454545454545454,0.6111111111111112,11,18
CHEMBL228_Ki,71339737,200,0.7509784735812133,0.45068870523415977,0.3002897683470535,0.0,-5.5555555555555465,0.45454545454545453,0.6111111111111112,11,18
CHEMBL228_Ki,99182118,2,0.5582449160035367,0.47272423025435073,0.08552068574918592,-11.111111111111116,-5.555555555555558,0.4444444444444444,0.7222222222222222,9,18
CHEMBL228_Ki,99182118,5,0.7200486295313882,0.44812583668005357,0.2719227928513346,-11.111111111111116,-5.555555555555558,0.4444444444444444,0.7222222222222222,9,18
CHEMBL228_Ki,99182118,10,0.7206012378426172,0.33835341365461846,0.38224782418799874,0.0,0.0,0.5555555555555556,0.7777777777777778,9,18
CHEMBL228_Ki,99182118,25,0.7427608311229,0.3333333333333333,0.4094274977895667,-11.111111111111116,-5.555555555555558,0.4444444444444444,0.7222222222222222,9,18
CHEMBL228_Ki,99182118,50,0.7187223695844386,0.3296519410977242,0.38907042848671436,-11.111111111111116,-5.555555555555558,0.4444444444444444,0.7222222222222222,9,18
CHEMBL228_Ki,99182118,100,0.7294982316534041,0.34404283801874164,0.38545539363466247,-22.222222222222225,-11.111111111111116,0.3333333333333333,0.6666666666666666,9,18
CHEMBL228_Ki,99182118,200,0.7431476569407603,0.32831325301204817,0.4148344039287122,-22.222222222222225,-11.111111111111116,0.3333333333333333,0.6666666666666666,9,18
CHEMBL228_Ki,89709943,2,0.6949049513704686,0.39299802761341224,0.30190692375705636,0.0,-11.111111111111116,1.0,0.8888888888888888,3,9
CHEMBL228_Ki,89709943,5,0.6700928381962865,0.6844181459566075,-0.014325307760321038,0.0,0.0,1.0,1.0,3,9
CHEMBL228_Ki,89709943,10,0.7314323607427056,0.73767258382643,-0.0062402230837244055,0.0,-11.111111111111116,1.0,0.8888888888888888,3,9
CHEMBL228_Ki,89709943,25,0.7456896551724138,0.5946745562130178,0.15101509895939602,0.0,-11.111111111111116,1.0,0.8888888888888888,3,9
CHEMBL228_Ki,89709943,50,0.7346374889478338,0.6794871794871795,0.055150309460654245,0.0,-22.22222222222222,1.0,0.7777777777777778,3,9
CHEMBL228_Ki,89709943,100,0.7564102564102564,0.6676528599605522,0.08875739644970415,0.0,-22.22222222222222,1.0,0.7777777777777778,3,9
CHEMBL228_Ki,89709943,200,0.7694518125552609,0.6883629191321499,0.08108889342311099,0.0,-22.22222222222222,1.0,0.7777777777777778,3,9
CHEMBL228_Ki,86921808,2,0.6108847002886738,0.4930555555555556,0.11782914473311823,0.0,0.0,0.875,0.8461538461538461,8,13
CHEMBL228_Ki,86921808,5,0.7089913397860418,0.6563438438438438,0.052647495942197975,0.0,0.0,0.875,0.8461538461538461,8,13
CHEMBL228_Ki,86921808,10,0.7023688232297504,0.5675675675675675,0.13480125566218282,0.0,0.0,0.875,0.8461538461538461,8,13
CHEMBL228_Ki,86921808,25,0.6874681609780947,0.5093843843843844,0.17808377659371033,-12.5,-7.692307692307687,0.75,0.7692307692307693,8,13
CHEMBL228_Ki,86921808,50,0.7068262862964849,0.4692192192192192,0.2376070670772657,-12.5,-7.692307692307687,0.75,0.7692307692307693,8,13
CHEMBL228_Ki,86921808,100,0.7491934114450671,0.5807057057057057,0.16848770573936145,0.0,0.0,0.875,0.8461538461538461,8,13
CHEMBL228_Ki,86921808,200,0.7426557989471897,0.5521771771771772,0.1904786217700125,0.0,0.0,0.875,0.8461538461538461,8,13
CHEMBL228_Ki,89165191,2,0.546875,0.236318407960199,0.310556592039801,0.0,0.0,0.6666666666666666,0.8571428571428571,6,14
CHEMBL228_Ki,89165191,5,0.617870145631068,0.2736318407960199,0.34423830483504814,0.0,0.0,0.6666666666666666,0.8571428571428571,6,14
CHEMBL228_Ki,89165191,10,0.6454288025889967,0.481592039800995,0.1638367627880017,0.0,0.0,0.6666666666666666,0.8571428571428571,6,14
CHEMBL228_Ki,89165191,25,0.7660800970873787,0.4412935323383085,0.3247865647490702,0.0,0.0,0.6666666666666666,0.8571428571428571,6,14
CHEMBL228_Ki,89165191,50,0.7723503236245954,0.48855721393034823,0.2837931096942472,0.0,0.0,0.6666666666666666,0.8571428571428571,6,14
CHEMBL228_Ki,89165191,100,0.7442354368932039,0.4651741293532338,0.2790613075399701,-16.666666666666664,-7.14285714285714,0.5,0.7857142857142857,6,14
CHEMBL228_Ki,89165191,200,0.7629449838187702,0.4582089552238806,0.3047360285948896,-16.666666666666664,-7.14285714285714,0.5,0.7857142857142857,6,14
CHEMBL233_Ki,71339737,2,0.5945076194874163,0.5604897050639955,0.034017914423420725,6.666666666666677,3.6363636363636265,0.7666666666666667,0.8545454545454545,30,55
CHEMBL233_Ki,71339737,5,0.5985049642114985,0.5496939343350028,0.04881102987649566,-6.666666666666665,-7.272727272727275,0.6333333333333333,0.7454545454545455,30,55
CHEMBL233_Ki,71339737,10,0.6495324405449088,0.5368113522537563,0.11272108829115246,-16.666666666666664,-10.909090909090914,0.5333333333333333,0.7090909090909091,30,55
CHEMBL233_Ki,71339737,25,0.6493881320711152,0.5463828603227602,0.10300527174835505,-6.666666666666665,-5.454545454545457,0.6333333333333333,0.7636363636363637,30,55
CHEMBL233_Ki,71339737,50,0.6606441930270145,0.5385920979410128,0.12205209508600168,-13.33333333333333,-9.090909090909093,0.5666666666666667,0.7272727272727273,30,55
CHEMBL233_Ki,71339737,100,0.6749307319325791,0.5441569282136894,0.1307738037188897,-13.33333333333333,-10.909090909090914,0.5666666666666667,0.7090909090909091,30,55
CHEMBL233_Ki,71339737,200,0.6716693604248442,0.5420422927100723,0.12962706771477184,-9.999999999999998,-7.272727272727275,0.6,0.7454545454545455,30,55
CHEMBL233_Ki,99182118,2,0.6062146892655367,0.4720068906115418,0.1342077986539949,-11.11111111111111,-4.6875,0.48148148148148145,0.734375,27,64
CHEMBL233_Ki,99182118,5,0.584716027356527,0.4342008121077888,0.15051521524873812,-7.4074074074074066,-4.6875,0.5185185185185185,0.734375,27,64
CHEMBL233_Ki,99182118,10,0.6989295272078502,0.6165866863541282,0.08234284085372201,-3.703703703703698,-3.125,0.5555555555555556,0.75,27,64
CHEMBL233_Ki,99182118,25,0.6691347011596789,0.560661990894549,0.10847271026512983,-3.703703703703698,-10.9375,0.5555555555555556,0.671875,27,64
CHEMBL233_Ki,99182118,50,0.6965953018138566,0.5380214101144334,0.15857389169942326,-11.11111111111111,-10.9375,0.48148148148148145,0.671875,27,64
CHEMBL233_Ki,99182118,100,0.6936366339577758,0.5394979697305279,0.15413866422724787,0.0,-7.8125,0.5925925925925926,0.703125,27,64
CHEMBL233_Ki,99182118,200,0.7023193577163247,0.5434969853574505,0.1588223723588742,-3.703703703703698,-12.5,0.5555555555555556,0.65625,27,64
CHEMBL233_Ki,89709943,2,0.6017143010926315,0.477632296781233,0.12408200431139849,11.111111111111116,6.666666666666665,0.7777777777777778,0.8888888888888888,18,45
CHEMBL233_Ki,89709943,5,0.6414096560632973,0.6277959629023458,0.013613693160951401,5.555555555555558,2.2222222222222254,0.7222222222222222,0.8444444444444444,18,45
CHEMBL233_Ki,89709943,10,0.6647155390494645,0.5711038370612839,0.09361170198818058,0.0,-2.2222222222222143,0.6666666666666666,0.8,18,45
CHEMBL233_Ki,89709943,25,0.7127671026427688,0.6150663757046736,0.09770072693809517,-5.5555555555555465,-2.2222222222222143,0.6111111111111112,0.8,18,45
CHEMBL233_Ki,89709943,50,0.724473868345982,0.5904255319148937,0.13404833643108838,5.555555555555558,0.0,0.7222222222222222,0.8222222222222222,18,45
CHEMBL233_Ki,89709943,100,0.7320092577641423,0.6049736315693762,0.12703562619476605,-5.5555555555555465,-13.33333333333333,0.6111111111111112,0.6888888888888889,18,45
CHEMBL233_Ki,89709943,200,0.7299370256741482,0.5973358792507729,0.13260114642337528,0.0,-2.2222222222222143,0.6666666666666666,0.8,18,45
CHEMBL233_Ki,86921808,2,0.571403832833064,0.4288482834994463,0.14255554933361764,-7.4074074074074066,-5.999999999999995,0.7777777777777778,0.8,27,50
CHEMBL233_Ki,86921808,5,0.6272079196490418,0.48348098929494276,0.143726930354099,-7.4074074074074066,-4.0000000000000036,0.7777777777777778,0.82,27,50
CHEMBL233_Ki,86921808,10,0.6538616947587162,0.5996370124277101,0.05422468233100619,-7.4074074074074066,-7.9999999999999964,0.7777777777777778,0.78,27,50
CHEMBL233_Ki,86921808,25,0.6773695451396906,0.5688138304417374,0.10855571469795322,-3.703703703703709,-7.9999999999999964,0.8148148148148148,0.78,27,50
CHEMBL233_Ki,86921808,50,0.7146299930731933,0.5792112710717362,0.1354187220014571,-11.111111111111116,-9.999999999999998,0.7407407407407407,0.76,27,50
CHEMBL233_Ki,86921808,100,0.7029121450011545,0.5713978097699028,0.13151433523125167,-11.111111111111116,-12.0,0.7407407407407407,0.74,27,50
CHEMBL233_Ki,86921808,200,0.7060003463403371,0.560077519379845,0.1459228269604922,-11.111111111111116,-7.9999999999999964,0.7407407407407407,0.78,27,50
CHEMBL233_Ki,89165191,2,0.5869049281027502,0.4489166307935141,0.13798829730923606,0.0,0.0,0.6086956521739131,0.723404255319149,23,47
CHEMBL233_Ki,89165191,5,0.7112941504956024,0.5146003730807863,0.19669377741481608,0.0,-2.127659574468088,0.6086956521739131,0.7021276595744681,23,47
CHEMBL233_Ki,89165191,10,0.6639443436176649,0.4999641268474674,0.16398021677019747,0.0,-2.127659574468088,0.6086956521739131,0.7021276595744681,23,47
CHEMBL233_Ki,89165191,25,0.7633673042021499,0.5064930406084087,0.2568742635937412,-4.34782608695653,-4.255319148936176,0.5652173913043478,0.6808510638297872,23,47
CHEMBL233_Ki,89165191,50,0.7536995672204384,0.5288061414837136,0.22489342573672477,0.0,-4.255319148936176,0.6086956521739131,0.6808510638297872,23,47
CHEMBL233_Ki,89165191,100,0.7570152170878124,0.5131654469794805,0.24384977010833186,8.695652173913038,2.127659574468077,0.6956521739130435,0.7446808510638298,23,47
CHEMBL233_Ki,89165191,200,0.7613313788449905,0.5130937006744153,0.24823767817057518,4.347826086956519,2.127659574468077,0.6521739130434783,0.7446808510638298,23,47
CHEMBL234_Ki,71339737,2,0.6039461303222771,0.5614600243506493,0.04248610597162772,3.57142857142857,4.255319148936176,0.75,0.851063829787234,28,47
CHEMBL234_Ki,71339737,5,0.6770465772759351,0.5394176136363636,0.13762896363957144,3.57142857142857,2.127659574468088,0.75,0.8297872340425532,28,47
CHEMBL234_Ki,71339737,10,0.6996000940955069,0.5718090503246753,0.1277910437708316,3.57142857142857,2.127659574468088,0.75,0.8297872340425532,28,47
CHEMBL234_Ki,71339737,25,0.6739198619932565,0.6350700081168831,0.03884985387637341,0.0,-2.127659574468077,0.7142857142857143,0.7872340425531915,28,47
CHEMBL234_Ki,71339737,50,0.7078922606445542,0.6109730113636364,0.09691924928091789,0.0,-2.127659574468077,0.7142857142857143,0.7872340425531915,28,47
CHEMBL234_Ki,71339737,100,0.7061083666588254,0.6159446022727273,0.09016376438609808,3.57142857142857,-2.127659574468077,0.75,0.7872340425531915,28,47
CHEMBL234_Ki,71339737,200,0.7084215478710891,0.612799310064935,0.09562223780615409,0.0,-2.127659574468077,0.7142857142857143,0.7872340425531915,28,47
CHEMBL234_Ki,99182118,2,0.6267786536378976,0.41074964639321077,0.21602900724468688,-7.9999999999999964,-4.8780487804877986,0.76,0.8048780487804879,25,41
CHEMBL234_Ki,99182118,5,0.7226559548694185,0.48695898161244694,0.23569697325697153,-7.9999999999999964,-7.317073170731703,0.76,0.7804878048780488,25,41
CHEMBL234_Ki,99182118,10,0.7440627597149118,0.5289391796322489,0.21512358008266286,-15.999999999999993,-12.195121951219512,0.68,0.7317073170731707,25,41
CHEMBL234_Ki,99182118,25,0.8093157377792329,0.5422630834512022,0.2670526543280307,-12.0,-7.317073170731703,0.72,0.7804878048780488,25,41
CHEMBL234_Ki,99182118,50,0.7990278792152518,0.5127864214992928,0.286241457715959,-24.0,-14.634146341463417,0.6,0.7073170731707317,25,41
CHEMBL234_Ki,99182118,100,0.8062558239101418,0.5263083451202263,0.27994747878991555,-19.999999999999996,-14.634146341463417,0.64,0.7073170731707317,25,41
CHEMBL234_Ki,99182118,200,0.8170851487143325,0.5275530410183875,0.28953210769594495,-19.999999999999996,-14.634146341463417,0.64,0.7073170731707317,25,41
CHEMBL234_Ki,89709943,2,0.5709044421809716,0.5082391713747646,0.06266527080620699,0.0,2.127659574468088,0.75,0.7872340425531915,24,47
CHEMBL234_Ki,89709943,5,0.6857421996798803,0.6606049905838042,0.025137209096076085,4.1666666666666625,2.127659574468088,0.7916666666666666,0.7872340425531915,24,47
CHEMBL234_Ki,89709943,10,0.722535181990147,0.6058145009416196,0.1167206810485274,4.1666666666666625,2.127659574468088,0.7916666666666666,0.7872340425531915,24,47
CHEMBL234_Ki,89709943,25,0.732970253809217,0.576918549905838,0.15605170390337897,-8.333333333333337,-2.127659574468088,0.6666666666666666,0.7446808510638298,24,47
CHEMBL234_Ki,89709943,50,0.747583511755046,0.6048140301318268,0.14276948162321923,-4.1666666666666625,-2.127659574468088,0.7083333333333334,0.7446808510638298,24,47
CHEMBL234_Ki,89709943,100,0.7514083189556613,0.6019891713747646,0.1494191475808967,0.0,-2.127659574468088,0.75,0.7446808510638298,24,47
CHEMBL234_Ki,89709943,200,0.7607416800049889,0.6065795668549906,0.15416211314999828,0.0,-2.127659574468088,0.75,0.7446808510638298,24,47
CHEMBL234_Ki,86921808,2,0.6295463934561679,0.5406789250353606,0.08886746842080728,3.9999999999999925,0.0,0.72,0.7818181818181819,25,55
CHEMBL234_Ki,86921808,5,0.6345121044369164,0.5377934936350778,0.09671861080183863,-8.000000000000007,-5.454545454545457,0.6,0.7272727272727273,25,55
CHEMBL234_Ki,86921808,10,0.6737503098405354,0.5522772277227723,0.12147308211776309,-4.0000000000000036,-7.272727272727275,0.64,0.7090909090909091,25,55
CHEMBL234_Ki,86921808,25,0.7084359249772784,0.6213578500707213,0.08707807490655706,0.0,-5.454545454545457,0.68,0.7272727272727273,25,55
CHEMBL234_Ki,86921808,50,0.7069817400644468,0.5927298444130127,0.11425189565143412,0.0,-3.6363636363636376,0.68,0.7454545454545455,25,55
CHEMBL234_Ki,86921808,100,0.7143848632570438,0.6037623762376237,0.11062248701942001,-8.000000000000007,-9.090909090909093,0.6,0.6909090909090909,25,55
CHEMBL234_Ki,86921808,200,0.7279352226720648,0.612022630834512,0.11591259183755276,-4.0000000000000036,-7.272727272727275,0.64,0.7090909090909091,25,55
CHEMBL234_Ki,89165191,2,0.6264200728054531,0.520173364854216,0.10624670795123714,3.703703703703698,0.0,0.8888888888888888,0.8936170212765957,27,47
CHEMBL234_Ki,89165191,5,0.647589846326745,0.503598634095088,0.143991212231657,-11.111111111111116,-12.765957446808507,0.7407407407407407,0.7659574468085106,27,47
CHEMBL234_Ki,89165191,10,0.7040751508636486,0.5936170212765958,0.11045812958705281,-7.4074074074074066,-12.765957446808507,0.7777777777777778,0.7659574468085106,27,47
CHEMBL234_Ki,89165191,25,0.6940216461850431,0.546782243236144,0.14723940294889915,-11.111111111111116,-10.638297872340418,0.7407407407407407,0.7872340425531915,27,47
CHEMBL234_Ki,89165191,50,0.7159610075492903,0.6037299711058576,0.11223103644343269,-14.814814814814813,-14.893617021276595,0.7037037037037037,0.7446808510638298,27,47
CHEMBL234_Ki,89165191,100,0.705357797268574,0.5773574993433149,0.12800029792525902,-11.111111111111116,-12.765957446808507,0.7407407407407407,0.7659574468085106,27,47
CHEMBL234_Ki,89165191,200,0.7092668148835846,0.5822957709482532,0.12697104393533132,-11.111111111111116,-12.765957446808507,0.7407407407407407,0.7659574468085106,27,47
CHEMBL235_EC50,71339737,2,0.5712247585601404,0.3398502091236261,0.2313745494365143,0.0,-4.8780487804877986,0.391304347826087,0.5609756097560976,23,41
CHEMBL235_EC50,71339737,5,0.6579236172080772,0.4729111954090069,0.18501242179907035,8.695652173913043,2.4390243902439046,0.4782608695652174,0.6341463414634146,23,41
CHEMBL235_EC50,71339737,10,0.6222197834357623,0.4949907596537302,0.12722902378203216,8.695652173913043,0.0,0.4782608695652174,0.6097560975609756,23,41
CHEMBL235_EC50,71339737,25,0.6619841966637401,0.4835132769185877,0.1784709197451524,8.695652173913043,2.4390243902439046,0.4782608695652174,0.6341463414634146,23,41
CHEMBL235_EC50,71339737,50,0.6699956101843723,0.5024803034724249,0.16751530671194736,8.695652173913043,4.878048780487809,0.4782608695652174,0.6585365853658537,23,41
CHEMBL235_EC50,71339737,100,0.6634108867427568,0.4633790487306682,0.20003183801208863,8.695652173913043,2.4390243902439046,0.4782608695652174,0.6341463414634146,23,41
CHEMBL235_EC50,71339737,200,0.6669593210418496,0.45880750899717926,0.20815181204467037,13.043478260869563,4.878048780487809,0.5217391304347826,0.6585365853658537,23,41
CHEMBL235_EC50,99182118,2,0.6030065359477124,0.5925751879699248,0.010431347977787553,-7.14285714285714,-3.125,0.7857142857142857,0.78125,14,32
CHEMBL235_EC50,99182118,5,0.6671633986928105,0.6212406015037594,0.04592279718905112,-7.14285714285714,-3.125,0.7857142857142857,0.78125,14,32
CHEMBL235_EC50,99182118,10,0.7051503267973857,0.5947681704260651,0.11038215637132054,0.0,-3.125,0.8571428571428571,0.78125,14,32
CHEMBL235_EC50,99182118,25,0.7446274509803922,0.6013471177944862,0.14328033318590594,-7.14285714285714,-6.25,0.7857142857142857,0.75,14,32
CHEMBL235_EC50,99182118,50,0.7298300653594771,0.6094924812030075,0.12033758415646967,-7.14285714285714,-6.25,0.7857142857142857,0.75,14,32
CHEMBL235_EC50,99182118,100,0.7207843137254902,0.6016604010025063,0.11912391272298395,-7.14285714285714,-3.125,0.7857142857142857,0.78125,14,32
CHEMBL235_EC50,99182118,200,0.7412287581699346,0.5968045112781954,0.14442424689173916,-7.14285714285714,-3.125,0.7857142857142857,0.78125,14,32
CHEMBL235_EC50,89709943,2,0.6033431267806267,0.5724581223217764,0.03088500445885034,0.0,0.0,0.5882352941176471,0.7142857142857143,17,35
CHEMBL235_EC50,89709943,5,0.6655537749287749,0.47422412673678743,0.19132964819198744,0.0,0.0,0.5882352941176471,0.7142857142857143,17,35
CHEMBL235_EC50,89709943,10,0.6754139957264957,0.5337618491105052,0.14165214661599057,-5.882352941176472,-2.857142857142858,0.5294117647058824,0.6857142857142857,17,35
CHEMBL235_EC50,89709943,25,0.6789084757834758,0.49201402415270745,0.18689445163076834,-5.882352941176472,0.0,0.5294117647058824,0.7142857142857143,17,35
CHEMBL235_EC50,89709943,50,0.6923967236467237,0.481495909622127,0.21090081402459665,-11.764705882352944,-5.714285714285716,0.47058823529411764,0.6571428571428571,17,35
CHEMBL235_EC50,89709943,100,0.6923076923076923,0.5003246331645241,0.19198305914316816,-5.882352941176472,-5.714285714285716,0.5294117647058824,0.6571428571428571,17,35
CHEMBL235_EC50,89709943,200,0.7012553418803419,0.5169458511881574,0.1843094906921845,-5.882352941176472,-2.857142857142858,0.5294117647058824,0.6857142857142857,17,35
CHEMBL235_EC50,86921808,2,0.6544827586206896,0.4658923303834808,0.18859042823720878,0.0,6.451612903225801,0.6111111111111112,0.7741935483870968,18,31
CHEMBL235_EC50,86921808,5,0.607487684729064,0.606440511307768,0.0010471734212960104,0.0,3.2258064516129004,0.6111111111111112,0.7419354838709677,18,31
CHEMBL235_EC50,86921808,10,0.6501806239737274,0.6742256637168141,-0.024045039743086694,0.0,3.2258064516129004,0.6111111111111112,0.7419354838709677,18,31
CHEMBL235_EC50,86921808,25,0.6720525451559934,0.5862831858407079,0.08576935931528551,-11.111111111111116,-3.2258064516129115,0.5,0.6774193548387096,18,31
CHEMBL235_EC50,86921808,50,0.7083743842364532,0.5801376597836775,0.12823672445277567,0.0,3.2258064516129004,0.6111111111111112,0.7419354838709677,18,31
CHEMBL235_EC50,86921808,100,0.7098850574712644,0.6262905604719764,0.083594496999288,-5.555555555555558,0.0,0.5555555555555556,0.7096774193548387,18,31
CHEMBL235_EC50,86921808,200,0.714679802955665,0.6281342182890856,0.08654558466657947,-5.555555555555558,0.0,0.5555555555555556,0.7096774193548387,18,31
CHEMBL235_EC50,89165191,2,0.496272808188696,0.3856115731115731,0.11066123507712289,0.0,2.2222222222222254,0.6153846153846154,0.7111111111111111,26,45
CHEMBL235_EC50,89165191,5,0.6437194036493102,0.5819040194040194,0.06181538424529087,11.538461538461531,8.888888888888891,0.7307692307692307,0.7777777777777778,26,45
CHEMBL235_EC50,89165191,10,0.7178460169114375,0.5993589743589743,0.11848704255246312,0.0,0.0,0.6153846153846154,0.6888888888888889,26,45
CHEMBL235_EC50,89165191,25,0.7388184245660881,0.5287595287595288,0.21005889580655934,7.692307692307687,4.444444444444439,0.6923076923076923,0.7333333333333333,26,45
CHEMBL235_EC50,89165191,50,0.7716399643969737,0.5502425502425502,0.2213974141544235,0.0,2.2222222222222254,0.6153846153846154,0.7111111111111111,26,45
CHEMBL235_EC50,89165191,100,0.7533934134401424,0.5336971586971587,0.2196962547429837,7.692307692307687,6.666666666666665,0.6923076923076923,0.7555555555555555,26,45
CHEMBL235_EC50,89165191,200,0.7621829105473965,0.5544005544005544,0.20778235614684215,0.0,2.2222222222222254,0.6153846153846154,0.7111111111111111,26,45
CHEMBL236_Ki,71339737,2,0.5904072542157175,0.5441376959781867,0.04626955823753076,0.0,0.0,0.6333333333333333,0.7457627118644068,30,59
CHEMBL236_Ki,71339737,5,0.6948138720967229,0.5402181322426721,0.15459573985405073,0.0,0.0,0.6333333333333333,0.7457627118644068,30,59
CHEMBL236_Ki,71339737,10,0.706586064269806,0.6089638718473074,0.09762219242249859,0.0,-1.6949152542372947,0.6333333333333333,0.7288135593220338,30,59
CHEMBL236_Ki,71339737,25,0.7134743875278396,0.5711656441717792,0.14230874335606047,0.0,-8.47457627118644,0.6333333333333333,0.6610169491525424,30,59
CHEMBL236_Ki,71339737,50,0.7295577473751194,0.6005112474437628,0.12904649993135653,0.0,-1.6949152542372947,0.6333333333333333,0.7288135593220338,30,59
CHEMBL236_Ki,71339737,100,0.739261851734012,0.6163258350374915,0.12293601669652054,3.3333333333333326,0.0,0.6666666666666666,0.7457627118644068,30,59
CHEMBL236_Ki,71339737,200,0.7338530066815144,0.6020790729379687,0.13177393374354573,3.3333333333333326,0.0,0.6666666666666666,0.7457627118644068,30,59
CHEMBL236_Ki,99182118,2,0.7166197843413034,0.5262631578947369,0.19035662644656648,-10.526315789473683,-4.1666666666666625,0.7894736842105263,0.8958333333333334,19,48
CHEMBL236_Ki,99182118,5,0.6311533052039381,0.630421052631579,0.0007322525723590934,10.526315789473683,2.083333333333337,1.0,0.9583333333333334,19,48
CHEMBL236_Ki,99182118,10,0.6617440225035162,0.664,-0.002255977496483874,0.0,0.0,0.8947368421052632,0.9375,19,48
CHEMBL236_Ki,99182118,25,0.7117205813408345,0.6649473684210526,0.04677321291978187,-5.263157894736848,-4.1666666666666625,0.8421052631578947,0.8958333333333334,19,48
CHEMBL236_Ki,99182118,50,0.7065635255508673,0.6921052631578948,0.014458262392972543,5.263157894736836,-2.083333333333337,0.9473684210526315,0.9166666666666666,19,48
CHEMBL236_Ki,99182118,100,0.7278949835911861,0.7,0.02789498359118614,5.263157894736836,-6.25,0.9473684210526315,0.875,19,48
CHEMBL236_Ki,99182118,200,0.7160337552742616,0.7028421052631579,0.013191650011103673,10.526315789473683,-2.083333333333337,1.0,0.9166666666666666,19,48
CHEMBL236_Ki,89709943,2,0.6577581946960962,0.5240007649646203,0.13375742973147586,9.523809523809524,6.521739130434778,0.7619047619047619,0.8478260869565217,21,46
CHEMBL236_Ki,89709943,5,0.6641615878767912,0.4813061770893096,0.18285541078748163,0.0,2.1739130434782594,0.6666666666666666,0.8043478260869565,21,46
CHEMBL236_Ki,89709943,10,0.7149151704826223,0.5938515968636451,0.12106357361897724,4.761904761904767,2.1739130434782594,0.7142857142857143,0.8043478260869565,21,46
CHEMBL236_Ki,89709943,25,0.748229286773184,0.5989194874737044,0.14930979929947963,0.0,-2.1739130434782594,0.6666666666666666,0.7608695652173914,21,46
CHEMBL236_Ki,89709943,50,0.7366578817328282,0.5933734939759037,0.14328438775692454,4.761904761904767,2.1739130434782594,0.7142857142857143,0.8043478260869565,21,46
CHEMBL236_Ki,89709943,100,0.7397051556580464,0.5830464716006885,0.15665868405735794,4.761904761904767,2.1739130434782594,0.7142857142857143,0.8043478260869565,21,46
CHEMBL236_Ki,89709943,200,0.7470350848295174,0.5963377318799006,0.15069735294961684,4.761904761904767,2.1739130434782594,0.7142857142857143,0.8043478260869565,21,46
CHEMBL236_Ki,86921808,2,0.5776929220325446,0.5331955063192386,0.04449741571330601,3.8461538461538547,1.85185185185186,0.7692307692307693,0.8333333333333334,26,54
CHEMBL236_Ki,86921808,5,0.7059498851951682,0.5953736932438758,0.11057619195129242,7.692307692307699,3.703703703703709,0.8076923076923077,0.8518518518518519,26,54
CHEMBL236_Ki,86921808,10,0.6819906159528801,0.5669371196754563,0.11505349627742378,7.692307692307699,0.0,0.8076923076923077,0.8148148148148148,26,54
CHEMBL236_Ki,86921808,25,0.7411899770390337,0.5674832267124357,0.173706750326598,7.692307692307699,5.555555555555558,0.8076923076923077,0.8703703703703703,26,54
CHEMBL236_Ki,86921808,50,0.7343016871318758,0.5755968169761273,0.15870487015574852,7.692307692307699,1.85185185185186,0.8076923076923077,0.8333333333333334,26,54
CHEMBL236_Ki,86921808,100,0.750124787860637,0.5888594164456233,0.16126537141501363,7.692307692307699,3.703703703703709,0.8076923076923077,0.8518518518518519,26,54
CHEMBL236_Ki,86921808,200,0.751821902765299,0.5802777344359494,0.1715441683293496,7.692307692307699,3.703703703703709,0.8076923076923077,0.8518518518518519,26,54
CHEMBL236_Ki,89165191,2,0.6635394456289979,0.5753968253968254,0.08814262023217256,-9.523809523809524,-3.508771929824561,0.7619047619047619,0.8245614035087719,21,57
CHEMBL236_Ki,89165191,5,0.710362473347548,0.5820424555364314,0.12832001781111657,-9.523809523809524,-3.508771929824561,0.7619047619047619,0.8245614035087719,21,57
CHEMBL236_Ki,89165191,10,0.7651385927505331,0.6364027538726333,0.12873583887789974,4.761904761904767,5.263157894736836,0.9047619047619048,0.9122807017543859,21,57
CHEMBL236_Ki,89165191,25,0.7294029850746269,0.601118760757315,0.1282842243173119,-9.523809523809524,-8.771929824561408,0.7619047619047619,0.7719298245614035,21,57
CHEMBL236_Ki,89165191,50,0.7511087420042644,0.6048479632816982,0.14626077872256615,-9.523809523809524,-8.771929824561408,0.7619047619047619,0.7719298245614035,21,57
CHEMBL236_Ki,89165191,100,0.7560980810234541,0.5962421113023523,0.15985596972110183,-4.761904761904756,-7.017543859649122,0.8095238095238095,0.7894736842105263,21,57
CHEMBL236_Ki,89165191,200,0.7694456289978678,0.598154522853318,0.1712911061445498,-9.523809523809524,-5.263157894736848,0.7619047619047619,0.8070175438596491,21,57
CHEMBL237_EC50,71339737,2,0.5228194726166329,0.550976800976801,-0.028157328360168155,0.0,4.761904761904767,0.8888888888888888,0.9047619047619048,9,21
CHEMBL237_EC50,71339737,5,0.5779242731575389,0.6391941391941391,-0.06126986603660023,0.0,4.761904761904767,0.8888888888888888,0.9047619047619048,9,21
CHEMBL237_EC50,71339737,10,0.6519607843137255,0.5476190476190477,0.10434173669467783,0.0,9.523809523809524,0.8888888888888888,0.9523809523809523,9,21
CHEMBL237_EC50,71339737,25,0.6528059499661933,0.4548229548229548,0.19798299514323853,-11.111111111111105,0.0,0.7777777777777778,0.8571428571428571,9,21
CHEMBL237_EC50,71339737,50,0.5709939148073022,0.5482295482295483,0.022764366577753936,-11.111111111111105,4.761904761904767,0.7777777777777778,0.9047619047619048,9,21
CHEMBL237_EC50,71339737,100,0.6406355645706558,0.5494505494505495,0.09118501512010635,0.0,4.761904761904767,0.8888888888888888,0.9047619047619048,9,21
CHEMBL237_EC50,71339737,200,0.6490872210953347,0.5311355311355311,0.11795168995980354,-11.111111111111105,4.761904761904767,0.7777777777777778,0.9047619047619048,9,21
CHEMBL237_EC50,99182118,2,0.48877245508982037,0.5106060606060606,-0.02183360551624025,6.666666666666665,4.0000000000000036,0.9333333333333333,0.92,15,25
CHEMBL237_EC50,99182118,5,0.4555888223552894,0.5058712121212121,-0.0502823897659227,6.666666666666665,4.0000000000000036,0.9333333333333333,0.92,15,25
CHEMBL237_EC50,99182118,10,0.528692614770459,0.4636363636363636,0.06505625113409541,0.0,-4.0000000000000036,0.8666666666666667,0.84,15,25
CHEMBL237_EC50,99182118,25,0.6212574850299402,0.3803030303030303,0.24095445472690985,0.0,0.0,0.8666666666666667,0.88,15,25
CHEMBL237_EC50,99182118,50,0.5930638722554891,0.4602272727272727,0.13283659952821636,-6.666666666666665,-7.9999999999999964,0.8,0.8,15,25
CHEMBL237_EC50,99182118,100,0.5733532934131736,0.4659090909090909,0.10744420250408276,-13.333333333333341,-12.0,0.7333333333333333,0.76,15,25
CHEMBL237_EC50,99182118,200,0.5833333333333334,0.48333333333333334,0.10000000000000003,6.666666666666665,4.0000000000000036,0.9333333333333333,0.92,15,25
CHEMBL237_EC50,89709943,2,0.46005917159763315,0.3969317199654278,0.06312745163220534,7.692307692307699,9.090909090909093,0.6153846153846154,0.7272727272727273,13,22
CHEMBL237_EC50,89709943,5,0.6750941366325982,0.49006050129645634,0.18503363533614187,23.076923076923084,18.181818181818187,0.7692307692307693,0.8181818181818182,13,22
CHEMBL237_EC50,89709943,10,0.7105970952124798,0.3794295592048401,0.3311675360076397,15.384615384615385,13.636363636363635,0.6923076923076923,0.7727272727272727,13,22
CHEMBL237_EC50,89709943,25,0.7213555675094137,0.5012964563526361,0.22005911115677756,23.076923076923084,13.636363636363635,0.7692307692307693,0.7727272727272727,13,22
CHEMBL237_EC50,89709943,50,0.758203335126412,0.5181503889369058,0.24005294618950623,23.076923076923084,18.181818181818187,0.7692307692307693,0.8181818181818182,13,22
CHEMBL237_EC50,89709943,100,0.7514792899408284,0.4783923941227312,0.27308689581809714,15.384615384615385,13.636363636363635,0.6923076923076923,0.7727272727272727,13,22
CHEMBL237_EC50,89709943,200,0.7538999462076386,0.4978392394122731,0.25606070679536547,-7.692307692307687,0.0,0.46153846153846156,0.6363636363636364,13,22
CHEMBL237_EC50,86921808,2,0.7104037267080745,0.40075757575757576,0.30964615095049874,-9.090909090909083,-10.526315789473683,0.8181818181818182,0.8421052631578947,11,19
CHEMBL237_EC50,86921808,5,0.6863354037267081,0.4353535353535353,0.25098186837317277,-9.090909090909083,-5.263157894736836,0.8181818181818182,0.8947368421052632,11,19
CHEMBL237_EC50,86921808,10,0.6591614906832298,0.5398989898989899,0.11926250078423994,-9.090909090909083,-5.263157894736836,0.8181818181818182,0.8947368421052632,11,19
CHEMBL237_EC50,86921808,25,0.6948757763975155,0.48787878787878786,0.20699698851872766,0.0,0.0,0.9090909090909091,0.9473684210526315,11,19
CHEMBL237_EC50,86921808,50,0.6995341614906833,0.4717171717171717,0.22781698977351156,-9.090909090909083,-5.263157894736836,0.8181818181818182,0.8947368421052632,11,19
CHEMBL237_EC50,86921808,100,0.7313664596273292,0.48282828282828283,0.24853817679904633,-9.090909090909083,-5.263157894736836,0.8181818181818182,0.8947368421052632,11,19
CHEMBL237_EC50,86921808,200,0.71972049689441,0.4893939393939394,0.2303265575004706,-18.181818181818176,-10.526315789473683,0.7272727272727273,0.8421052631578947,11,19
CHEMBL237_EC50,89165191,2,0.5684333759046403,0.5104923325262308,0.05794104337840944,0.0,0.0,0.7142857142857143,0.8148148148148148,14,27
CHEMBL237_EC50,89165191,5,0.6185610898254577,0.4604519774011299,0.15810911242432774,0.0,3.703703703703709,0.7142857142857143,0.8518518518518519,14,27
CHEMBL237_EC50,89165191,10,0.6470838654746701,0.45682001614205003,0.19026384933262008,0.0,0.0,0.7142857142857143,0.8148148148148148,14,27
CHEMBL237_EC50,89165191,25,0.6666666666666666,0.5056497175141242,0.1610169491525424,14.28571428571428,11.111111111111116,0.8571428571428571,0.9259259259259259,14,27
CHEMBL237_EC50,89165191,50,0.6813537675606641,0.4887005649717514,0.19265320258891272,7.14285714285714,7.4074074074074066,0.7857142857142857,0.8888888888888888,14,27
CHEMBL237_EC50,89165191,100,0.6638995317156237,0.45036319612590797,0.2135363355897157,14.28571428571428,7.4074074074074066,0.8571428571428571,0.8888888888888888,14,27
CHEMBL237_EC50,89165191,200,0.6905065985525756,0.4749798224374496,0.215526776115126,14.28571428571428,3.703703703703709,0.8571428571428571,0.8518518518518519,14,27
CHEMBL237_Ki,71339737,2,0.5976391173245614,0.5693727582888636,0.028266359035697852,8.695652173913048,1.9607843137254832,0.6086956521739131,0.7254901960784313,23,51
CHEMBL237_Ki,71339737,5,0.6188493695175439,0.5985478085906745,0.02030156092686941,13.043478260869568,0.0,0.6521739130434783,0.7058823529411765,23,51
CHEMBL237_Ki,71339737,10,0.5902720668859649,0.600516140320182,-0.010244073434217071,13.043478260869568,-3.9215686274509887,0.6521739130434783,0.6666666666666666,23,51
CHEMBL237_Ki,71339737,25,0.6658442982456141,0.5845507829586213,0.0812935152869928,13.043478260869568,-1.9607843137254943,0.6521739130434783,0.6862745098039216,23,51
CHEMBL237_Ki,71339737,50,0.6732113486842105,0.5842883387280203,0.08892300995619018,13.043478260869568,0.0,0.6521739130434783,0.7058823529411765,23,51
CHEMBL237_Ki,71339737,100,0.6874486019736842,0.5988539935263757,0.08859460844730849,13.043478260869568,-5.882352941176472,0.6521739130434783,0.6470588235294118,23,51
CHEMBL237_Ki,71339737,200,0.6846731085526315,0.5935176275041554,0.09115548104847615,13.043478260869568,-3.9215686274509887,0.6521739130434783,0.6666666666666666,23,51
CHEMBL237_Ki,99182118,2,0.6050002090388394,0.5114,0.09360020903883948,0.0,0.0,0.75,0.8490566037735849,20,53
CHEMBL237_Ki,99182118,5,0.6587859024206698,0.5835,0.07528590242066979,9.999999999999998,3.7735849056603765,0.85,0.8867924528301887,20,53
CHEMBL237_Ki,99182118,10,0.700510054768176,0.5918,0.10871005476817597,-15.000000000000002,-11.32075471698114,0.6,0.7358490566037735,20,53
CHEMBL237_Ki,99182118,25,0.7021614615995652,0.5214,0.1807614615995652,-19.999999999999996,-11.32075471698114,0.55,0.7358490566037735,20,53
CHEMBL237_Ki,99182118,50,0.7195534930390066,0.5743,0.1452534930390066,-15.000000000000002,-9.433962264150942,0.6,0.7547169811320755,20,53
CHEMBL237_Ki,99182118,100,0.722981730005435,0.5737,0.149281730005435,-15.000000000000002,-7.547169811320753,0.6,0.7735849056603774,20,53
CHEMBL237_Ki,99182118,200,0.731259668046323,0.5613,0.169959668046323,-9.999999999999998,-7.547169811320753,0.65,0.7735849056603774,20,53
CHEMBL237_Ki,89709943,2,0.600291757840992,0.5168888888888888,0.08340286895210314,0.0,0.0,0.68,0.8235294117647058,25,68
CHEMBL237_Ki,89709943,5,0.6556562814768504,0.5312727272727272,0.12438355420412317,7.9999999999999964,2.941176470588236,0.76,0.8529411764705882,25,68
CHEMBL237_Ki,89709943,10,0.6619603348268556,0.5537777777777778,0.10818255704907775,0.0,1.4705882352941235,0.68,0.8382352941176471,25,68
CHEMBL237_Ki,89709943,25,0.6953040880830815,0.5082424242424243,0.18706166384065726,3.9999999999999925,2.941176470588236,0.72,0.8529411764705882,25,68
CHEMBL237_Ki,89709943,50,0.7168559619325484,0.528080808080808,0.18877515385174037,-4.0000000000000036,0.0,0.64,0.8235294117647058,25,68
CHEMBL237_Ki,89709943,100,0.7193220103504567,0.5185454545454545,0.2007765558050022,7.9999999999999964,4.4117647058823595,0.76,0.8676470588235294,25,68
CHEMBL237_Ki,89709943,200,0.7084852905421833,0.5074747474747475,0.20101054306743582,3.9999999999999925,2.941176470588236,0.72,0.8529411764705882,25,68
CHEMBL237_Ki,86921808,2,0.5310590145148969,0.43246403929364985,0.09859497522124705,5.882352941176472,1.8867924528301883,0.8235294117647058,0.8679245283018868,17,53
CHEMBL237_Ki,86921808,5,0.6549608479755539,0.7101508595485908,-0.055190011573036935,5.882352941176472,1.8867924528301883,0.8235294117647058,0.8679245283018868,17,53
CHEMBL237_Ki,86921808,10,0.6557247899159664,0.6887498538182669,-0.03302506390230053,-5.88235294117646,-3.7735849056603765,0.7058823529411765,0.8113207547169812,17,53
CHEMBL237_Ki,86921808,25,0.6863063407181055,0.6395743187931237,0.046732021924981826,5.882352941176472,-3.7735849056603765,0.8235294117647058,0.8113207547169812,17,53
CHEMBL237_Ki,86921808,50,0.7121848739495799,0.65688223599579,0.05530263795378987,5.882352941176472,0.0,0.8235294117647058,0.8490566037735849,17,53
CHEMBL237_Ki,86921808,100,0.702683346065699,0.6623786691615016,0.04030467690419748,5.882352941176472,0.0,0.8235294117647058,0.8490566037735849,17,53
CHEMBL237_Ki,86921808,200,0.7086038961038961,0.6681089931002222,0.040494903003673866,5.882352941176472,0.0,0.8235294117647058,0.8490566037735849,17,53
CHEMBL237_Ki,89165191,2,0.5222091886608016,0.359472049689441,0.16273713897136055,-7.14285714285714,-4.878048780487809,0.6428571428571429,0.7317073170731707,14,41
CHEMBL237_Ki,89165191,5,0.5870381231671554,0.5268915866741953,0.06014653649296009,-7.14285714285714,-4.878048780487809,0.6428571428571429,0.7317073170731707,14,41
CHEMBL237_Ki,89165191,10,0.6747800586510264,0.6261293054771315,0.04865075317389489,0.0,-7.317073170731714,0.7142857142857143,0.7073170731707317,14,41
CHEMBL237_Ki,89165191,25,0.6872727272727273,0.5320440429136082,0.15522868435911907,-7.14285714285714,-4.878048780487809,0.6428571428571429,0.7317073170731707,14,41
CHEMBL237_Ki,89165191,50,0.6717497556207234,0.5302089215132694,0.141540834107454,0.0,-2.4390243902439046,0.7142857142857143,0.7560975609756098,14,41
CHEMBL237_Ki,89165191,100,0.6870772238514175,0.562394127611519,0.12468309623989848,0.0,-4.878048780487809,0.7142857142857143,0.7317073170731707,14,41
CHEMBL237_Ki,89165191,200,0.6921212121212121,0.5602766798418972,0.13184453227931492,0.0,-4.878048780487809,0.7142857142857143,0.7317073170731707,14,41
CHEMBL239_EC50,71339737,2,0.6139015151515151,0.6093098958333333,0.004591619318181861,4.166666666666674,0.0,0.7083333333333334,0.75,24,36
CHEMBL239_EC50,71339737,5,0.5338636363636363,0.5756510416666667,-0.04178740530303038,4.166666666666674,0.0,0.7083333333333334,0.75,24,36
CHEMBL239_EC50,71339737,10,0.6812121212121212,0.5178385416666667,0.1633735795454545,-4.1666666666666625,-5.555555555555558,0.625,0.6944444444444444,24,36
CHEMBL239_EC50,71339737,25,0.7378787878787879,0.62890625,0.10897253787878791,0.0,-5.555555555555558,0.6666666666666666,0.6944444444444444,24,36
CHEMBL239_EC50,71339737,50,0.7413636363636363,0.6095703125,0.1317933238636363,0.0,-2.777777777777779,0.6666666666666666,0.7222222222222222,24,36
CHEMBL239_EC50,71339737,100,0.7492424242424243,0.5979166666666667,0.1513257575757576,4.166666666666674,0.0,0.7083333333333334,0.75,24,36
CHEMBL239_EC50,71339737,200,0.7468181818181818,0.6037760416666667,0.14304214015151517,4.166666666666674,0.0,0.7083333333333334,0.75,24,36
CHEMBL239_EC50,99182118,2,0.6014623397435898,0.5732146069436949,0.028247732799894898,0.0,0.0,0.7647058823529411,0.8571428571428571,17,42
CHEMBL239_EC50,99182118,5,0.6642127403846154,0.40007195538765966,0.26414078499695576,-11.764705882352933,-4.761904761904756,0.6470588235294118,0.8095238095238095,17,42
CHEMBL239_EC50,99182118,10,0.6600060096153846,0.4954128440366973,0.1645931655786873,5.882352941176472,2.3809523809523836,0.8235294117647058,0.8809523809523809,17,42
CHEMBL239_EC50,99182118,25,0.7434895833333334,0.5241949991005577,0.2192945842327757,-11.764705882352933,-7.14285714285714,0.6470588235294118,0.7857142857142857,17,42
CHEMBL239_EC50,99182118,50,0.7393830128205128,0.47850332793667927,0.2608796848838335,-11.764705882352933,-7.14285714285714,0.6470588235294118,0.7857142857142857,17,42
CHEMBL239_EC50,99182118,100,0.765625,0.48821730527073215,0.27740769472926785,-5.88235294117646,-2.3809523809523725,0.7058823529411765,0.8333333333333334,17,42
CHEMBL239_EC50,99182118,200,0.7760416666666666,0.4716675661090124,0.30437410055765424,-11.764705882352933,-4.761904761904756,0.6470588235294118,0.8095238095238095,17,42
CHEMBL239_EC50,89709943,2,0.5335536858974359,0.5517658442186744,-0.01821215832123846,-3.8461538461538436,2.777777777777779,0.6153846153846154,0.7222222222222222,26,36
CHEMBL239_EC50,89709943,5,0.5529847756410257,0.5255805515239478,0.02740422411707788,0.0,2.777777777777779,0.6538461538461539,0.7222222222222222,26,36
CHEMBL239_EC50,89709943,10,0.5774739583333334,0.5576923076923077,0.01978165064102566,11.538461538461542,13.888888888888895,0.7692307692307693,0.8333333333333334,26,36
CHEMBL239_EC50,89709943,25,0.5459735576923077,0.5122157716497339,0.033757786042573845,7.692307692307687,8.333333333333337,0.7307692307692307,0.7777777777777778,26,36
CHEMBL239_EC50,89709943,50,0.5756209935897436,0.5205611998064829,0.05505979378326076,-7.692307692307699,-2.777777777777779,0.5769230769230769,0.6666666666666666,26,36
CHEMBL239_EC50,89709943,100,0.6106770833333334,0.5027818093855829,0.10789527394775045,-3.8461538461538436,0.0,0.6153846153846154,0.6944444444444444,26,36
CHEMBL239_EC50,89709943,200,0.604667467948718,0.5174165457184325,0.08725092223028541,-7.692307692307699,-2.777777777777779,0.5769230769230769,0.6666666666666666,26,36
CHEMBL239_EC50,86921808,2,0.5949519230769231,0.6279296875,-0.03297776442307687,4.1666666666666625,4.999999999999993,0.75,0.85,24,40
CHEMBL239_EC50,86921808,5,0.598808092948718,0.5060546875,0.09275340544871791,0.0,2.499999999999991,0.7083333333333334,0.825,24,40
CHEMBL239_EC50,86921808,10,0.7259615384615384,0.537109375,0.18885216346153844,4.1666666666666625,2.499999999999991,0.75,0.825,24,40
CHEMBL239_EC50,86921808,25,0.7223557692307693,0.55625,0.16610576923076925,0.0,2.499999999999991,0.7083333333333334,0.825,24,40
CHEMBL239_EC50,86921808,50,0.7200520833333334,0.5337239583333333,0.18632812500000007,-8.333333333333337,-2.500000000000002,0.625,0.775,24,40
CHEMBL239_EC50,86921808,100,0.7394831730769231,0.5485677083333333,0.19091546474358978,0.0,2.499999999999991,0.7083333333333334,0.825,24,40
CHEMBL239_EC50,86921808,200,0.7458934294871795,0.5415364583333333,0.2043569711538462,-4.166666666666674,0.0,0.6666666666666666,0.8,24,40
CHEMBL239_EC50,89165191,2,0.44734607218683653,0.4810126582278481,-0.03366658604101158,-3.57142857142857,-6.382978723404253,0.6428571428571429,0.7446808510638298,28,47
CHEMBL239_EC50,89165191,5,0.5769108280254777,0.5453209764918626,0.03158985153361504,0.0,0.0,0.6785714285714286,0.8085106382978723,28,47
CHEMBL239_EC50,89165191,10,0.6737261146496816,0.6192924954792043,0.05443361917047729,7.14285714285714,4.255319148936176,0.75,0.851063829787234,28,47
CHEMBL239_EC50,89165191,25,0.722823779193206,0.6144891500904159,0.10833462910279001,3.57142857142857,-2.127659574468077,0.7142857142857143,0.7872340425531915,28,47
CHEMBL239_EC50,89165191,50,0.6883227176220806,0.6098553345388789,0.07846738308320178,-7.142857142857151,-4.255319148936165,0.6071428571428571,0.7659574468085106,28,47
CHEMBL239_EC50,89165191,100,0.7188959660297239,0.6405967450271248,0.07829922100259912,3.57142857142857,-2.127659574468077,0.7142857142857143,0.7872340425531915,28,47
CHEMBL239_EC50,89165191,200,0.7309978768577494,0.6447784810126582,0.0862193958450912,3.57142857142857,-2.127659574468077,0.7142857142857143,0.7872340425531915,28,47
CHEMBL244_Ki,71339737,2,0.6276482526482526,0.4008448037287889,0.22680344891946375,0.0,3.703703703703709,0.6956521739130435,0.8333333333333334,23,54
CHEMBL244_Ki,71339737,5,0.5761434511434511,0.5411113538708033,0.03503209727264778,13.043478260869568,9.259259259259256,0.8260869565217391,0.8888888888888888,23,54
CHEMBL244_Ki,71339737,10,0.6660850410850411,0.6339669361299249,0.032118104955116134,17.391304347826086,11.111111111111116,0.8695652173913043,0.9074074074074074,23,54
CHEMBL244_Ki,71339737,25,0.6827046827046827,0.5062996140120894,0.1764050686925932,4.347826086956519,5.555555555555558,0.7391304347826086,0.8518518518518519,23,54
CHEMBL244_Ki,71339737,50,0.6745495495495496,0.5022212511834535,0.1723282983660961,8.695652173913048,5.555555555555558,0.782608695652174,0.8518518518518519,23,54
CHEMBL244_Ki,71339737,100,0.6958716958716958,0.48969485106692884,0.206176844804767,4.347826086956519,7.4074074074074066,0.7391304347826086,0.8703703703703703,23,54
CHEMBL244_Ki,71339737,200,0.6957479457479457,0.5084116233340616,0.1873363224138841,4.347826086956519,5.555555555555558,0.7391304347826086,0.8518518518518519,23,54
CHEMBL244_Ki,99182118,2,0.5642868004866181,0.43508337205100406,0.129203428435614,3.0303030303030276,1.6666666666666718,0.7575757575757576,0.8,33,60
CHEMBL244_Ki,99182118,5,0.6729394768856448,0.6439781116101388,0.028961365275505968,-6.060606060606066,-1.6666666666666607,0.6666666666666666,0.7666666666666667,33,60
CHEMBL244_Ki,99182118,10,0.6485578872668288,0.540885860306644,0.10767202696018485,-6.060606060606066,-1.6666666666666607,0.6666666666666666,0.7666666666666667,33,60
CHEMBL244_Ki,99182118,25,0.7127179643146796,0.6142687522585308,0.09844921205614876,-3.0303030303030276,0.0,0.696969696969697,0.7833333333333333,33,60
CHEMBL244_Ki,99182118,50,0.7234134225466342,0.579061483661143,0.14435193888549125,-6.060606060606066,-1.6666666666666607,0.6666666666666666,0.7666666666666667,33,60
CHEMBL244_Ki,99182118,100,0.7254409975669099,0.5794228485880956,0.14601814897881438,-3.0303030303030276,0.0,0.696969696969697,0.7833333333333333,33,60
CHEMBL244_Ki,99182118,200,0.7298763179237632,0.5796293428320686,0.1502469750916946,-3.0303030303030276,0.0,0.696969696969697,0.7833333333333333,33,60
CHEMBL244_Ki,89709943,2,0.6313410625444208,0.5687853107344633,0.06255575180995754,0.0,-2.857142857142858,0.4666666666666667,0.6571428571428571,30,70
CHEMBL244_Ki,89709943,5,0.6943741115849325,0.49110169491525424,0.2032724166696782,0.0,0.0,0.4666666666666667,0.6857142857142857,30,70
CHEMBL244_Ki,89709943,10,0.7343416844349681,0.5187005649717514,0.21564111946321662,0.0,0.0,0.4666666666666667,0.6857142857142857,30,70
CHEMBL244_Ki,89709943,25,0.7595615671641791,0.5711864406779661,0.18837512648621302,3.3333333333333326,0.0,0.5,0.6857142857142857,30,70
CHEMBL244_Ki,89709943,50,0.7513326226012793,0.5319774011299435,0.2193552214713358,0.0,-1.4285714285714346,0.4666666666666667,0.6714285714285714,30,70
CHEMBL244_Ki,89709943,100,0.7589952025586354,0.5413559322033898,0.21763927035524555,3.3333333333333326,1.4285714285714235,0.5,0.7,30,70
CHEMBL244_Ki,89709943,200,0.7635261194029851,0.5586440677966101,0.20488205160637496,6.666666666666665,2.857142857142858,0.5333333333333333,0.7142857142857143,30,70
CHEMBL244_Ki,86921808,2,0.6012711182622688,0.5093537414965986,0.09191737676567013,-3.125,-3.2258064516129004,0.625,0.7580645161290323,32,62
CHEMBL244_Ki,86921808,5,0.6984392598551891,0.5208599064625851,0.177579353392604,-9.375,-3.2258064516129004,0.5625,0.7580645161290323,32,62
CHEMBL244_Ki,86921808,10,0.7221882542236524,0.5579294217687075,0.16425883245494488,-6.25,-4.8387096774193505,0.59375,0.7419354838709677,32,62
CHEMBL244_Ki,86921808,25,0.7776669348350764,0.5842368197278912,0.19343011510718522,-6.25,-3.2258064516129004,0.59375,0.7580645161290323,32,62
CHEMBL244_Ki,86921808,50,0.7569106999195495,0.5625,0.1944106999195495,-3.125,-1.6129032258064502,0.625,0.7741935483870968,32,62
CHEMBL244_Ki,86921808,100,0.7565888978278359,0.5549532312925171,0.20163566653531884,-6.25,-3.2258064516129004,0.59375,0.7580645161290323,32,62
CHEMBL244_Ki,86921808,200,0.759195494770716,0.5595769557823129,0.1996185389884031,-9.375,-4.8387096774193505,0.5625,0.7419354838709677,32,62
CHEMBL244_Ki,89165191,2,0.6284271284271284,0.6028248587570622,0.02560226967006629,-3.3333333333333326,0.0,0.6666666666666666,0.75,30,60
CHEMBL244_Ki,89165191,5,0.6980118646785314,0.5464124293785311,0.1515994353000003,6.666666666666677,5.000000000000004,0.7666666666666667,0.8,30,60
CHEMBL244_Ki,89165191,10,0.7117547355642594,0.5396045197740112,0.17215021579024814,3.3333333333333326,0.0,0.7333333333333333,0.75,30,60
CHEMBL244_Ki,89165191,25,0.7174236698046221,0.47632768361581923,0.2410959861888029,-3.3333333333333326,-1.6666666666666718,0.6666666666666666,0.7333333333333333,30,60
CHEMBL244_Ki,89165191,50,0.7460546508165555,0.5492090395480226,0.19684561126853295,-6.666666666666665,-5.000000000000004,0.6333333333333333,0.7,30,60
CHEMBL244_Ki,89165191,100,0.754827183398612,0.5101129943502825,0.24471418904832953,-9.999999999999998,-6.666666666666665,0.6,0.6833333333333333,30,60
CHEMBL244_Ki,89165191,200,0.7551249456011361,0.5119209039548023,0.2432040416463338,-9.999999999999998,-8.333333333333337,0.6,0.6666666666666666,30,60
CHEMBL264_Ki,71339737,2,0.5980879541108987,0.49938285457809695,0.09870509953280171,0.0,0.0,0.8125,0.8974358974358975,16,39
CHEMBL264_Ki,71339737,5,0.6339005736137667,0.5098182226211849,0.1240823509925818,-6.25,-2.564102564102566,0.75,0.8717948717948718,16,39
CHEMBL264_Ki,71339737,10,0.6647036328871893,0.45309694793536803,0.21160668495182122,-12.5,-10.256410256410264,0.6875,0.7948717948717948,16,39
CHEMBL264_Ki,71339737,25,0.7068068833652008,0.4123653500897666,0.2944415332754342,-25.0,-17.948717948717952,0.5625,0.717948717948718,16,39
CHEMBL264_Ki,71339737,50,0.7154875717017208,0.5279398563734291,0.18754771532829173,-6.25,-7.692307692307699,0.75,0.8205128205128205,16,39
CHEMBL264_Ki,71339737,100,0.7437858508604207,0.5079667863554758,0.23581906450494494,-6.25,-10.256410256410264,0.75,0.7948717948717948,16,39
CHEMBL264_Ki,71339737,200,0.7418738049713193,0.4891157989228007,0.25275800604851856,-12.5,-10.256410256410264,0.6875,0.7948717948717948,16,39
CHEMBL264_Ki,99182118,2,0.5923412929528247,0.4424932675044883,0.14984802544833636,-18.75,-5.263157894736836,0.8125,0.8947368421052632,16,38
CHEMBL264_Ki,99182118,5,0.730984274898078,0.4777827648114901,0.2532015100865879,-18.75,-13.157894736842103,0.8125,0.8157894736842105,16,38
CHEMBL264_Ki,99182118,10,0.693899242865463,0.5118940754039497,0.1820051674615133,-6.25,-7.894736842105255,0.9375,0.868421052631579,16,38
CHEMBL264_Ki,99182118,25,0.7231799650553291,0.4364901256732496,0.28668983938207954,-12.5,-2.631578947368418,0.875,0.9210526315789473,16,38
CHEMBL264_Ki,99182118,50,0.7565666860803727,0.5218806104129264,0.23468607566744626,-6.25,-2.631578947368418,0.9375,0.9210526315789473,16,38
CHEMBL264_Ki,99182118,100,0.7582265579499127,0.49741921005386,0.2608073478960527,-12.5,-5.263157894736836,0.875,0.8947368421052632,16,38
CHEMBL264_Ki,99182118,200,0.7589254513686663,0.4884425493716337,0.27048290199703257,-18.75,-7.894736842105255,0.8125,0.868421052631579,16,38
CHEMBL264_Ki,89709943,2,0.559499524003808,0.49658348187759954,0.06291604212620844,-8.333333333333325,0.0,0.8333333333333334,0.8918918918918919,12,37
CHEMBL264_Ki,89709943,5,0.6548517611859105,0.6042780748663101,0.05057368631960035,0.0,2.7027027027027084,0.9166666666666666,0.918918918918919,12,37
CHEMBL264_Ki,89709943,10,0.6857745138038895,0.49079025549613786,0.19498425830775168,-8.333333333333325,2.7027027027027084,0.8333333333333334,0.918918918918919,12,37
CHEMBL264_Ki,89709943,25,0.698422412620699,0.5405525846702317,0.15786982795046733,-8.333333333333325,-5.405405405405405,0.8333333333333334,0.8378378378378378,12,37
CHEMBL264_Ki,89709943,50,0.7016183870529036,0.4726678550207962,0.22895053203210736,-8.333333333333325,-2.7027027027026973,0.8333333333333334,0.8648648648648649,12,37
CHEMBL264_Ki,89709943,100,0.7238542091663267,0.5181224004753416,0.20573180869098506,0.0,0.0,0.9166666666666666,0.8918918918918919,12,37
CHEMBL264_Ki,89709943,200,0.7062083503331973,0.5037136066547832,0.20249474367841414,-8.333333333333325,-2.7027027027026973,0.8333333333333334,0.8648648648648649,12,37
CHEMBL264_Ki,86921808,2,0.6618433395872421,0.5393393393393393,0.12250400024790276,-11.111111111111116,-8.333333333333325,0.7222222222222222,0.8055555555555556,18,36
CHEMBL264_Ki,86921808,5,0.6578799249530957,0.5955955955955956,0.06228432935750006,-11.111111111111116,-5.5555555555555465,0.7222222222222222,0.8333333333333334,18,36
CHEMBL264_Ki,86921808,10,0.651125703564728,0.5301801801801802,0.12094552338454778,-27.77777777777778,-22.22222222222222,0.5555555555555556,0.6666666666666666,18,36
CHEMBL264_Ki,86921808,25,0.7025328330206378,0.48333333333333334,0.2191994996873045,-33.333333333333336,-19.444444444444443,0.5,0.6944444444444444,18,36
CHEMBL264_Ki,86921808,50,0.7397748592870544,0.5006506506506506,0.23912420863640382,-27.77777777777778,-19.444444444444443,0.5555555555555556,0.6944444444444444,18,36
CHEMBL264_Ki,86921808,100,0.7466697936210132,0.49834834834834835,0.2483214452726648,-22.22222222222222,-22.22222222222222,0.6111111111111112,0.6666666666666666,18,36
CHEMBL264_Ki,86921808,200,0.7557223264540338,0.5020520520520521,0.25367027440198175,-27.77777777777778,-25.0,0.5555555555555556,0.6388888888888888,18,36
CHEMBL264_Ki,89165191,2,0.5761588160168282,0.5849802371541502,-0.008821421137321983,-4.347826086956519,-4.0000000000000036,0.782608695652174,0.88,23,50
CHEMBL264_Ki,89165191,5,0.7081924723912554,0.5995652173913043,0.10862725499995107,4.347826086956519,0.0,0.8695652173913043,0.92,23,50
CHEMBL264_Ki,89165191,10,0.6922094508301405,0.5646640316205533,0.12754541920958717,0.0,-4.0000000000000036,0.8260869565217391,0.88,23,50
CHEMBL264_Ki,89165191,25,0.7260160769288558,0.5811857707509881,0.14483030617786774,-4.347826086956519,-4.0000000000000036,0.782608695652174,0.88,23,50
CHEMBL264_Ki,89165191,50,0.7406280519870784,0.6024505928853755,0.13817745910170287,0.0,-4.0000000000000036,0.8260869565217391,0.88,23,50
CHEMBL264_Ki,89165191,100,0.7461498009165352,0.5879841897233201,0.15816561119321504,-4.347826086956519,-6.000000000000005,0.782608695652174,0.86,23,50
CHEMBL264_Ki,89165191,200,0.7518593644354293,0.5866403162055336,0.16521904822989575,-4.347826086956519,-4.0000000000000036,0.782608695652174,0.88,23,50
CHEMBL287_Ki,71339737,2,0.6983333333333334,0.48273346303501946,0.2155998702983139,12.5,13.333333333333341,0.625,0.8,8,15
CHEMBL287_Ki,71339737,5,0.7035,0.5102140077821011,0.19328599221789888,0.0,6.666666666666665,0.5,0.7333333333333333,8,15
CHEMBL287_Ki,71339737,10,0.6355,0.4965953307392996,0.13890466926070033,-12.5,-6.666666666666665,0.375,0.6,8,15
CHEMBL287_Ki,71339737,25,0.7236666666666667,0.44503891050583655,0.27862775616083013,12.5,6.666666666666665,0.625,0.7333333333333333,8,15
CHEMBL287_Ki,71339737,50,0.7228333333333333,0.42996108949416345,0.2928722438391699,0.0,0.0,0.5,0.6666666666666666,8,15
CHEMBL287_Ki,71339737,100,0.7316666666666667,0.5160505836575876,0.21561608300907908,0.0,0.0,0.5,0.6666666666666666,8,15
CHEMBL287_Ki,71339737,200,0.737,0.4892996108949416,0.24770038910505837,0.0,0.0,0.5,0.6666666666666666,8,15
CHEMBL287_Ki,99182118,2,0.5523106546854942,0.5251937984496124,0.02711685623588178,0.0,0.0,1.0,1.0,7,16
CHEMBL287_Ki,99182118,5,0.599058622165169,0.6356589147286822,-0.03660029256351316,-28.57142857142857,-25.0,0.7142857142857143,0.75,7,16
CHEMBL287_Ki,99182118,10,0.621737270004279,0.4130675526024363,0.2086697174018427,-28.57142857142857,-18.75,0.7142857142857143,0.8125,7,16
CHEMBL287_Ki,99182118,25,0.70795892169448,0.4939091915836102,0.21404973011086986,-14.28571428571429,-18.75,0.8571428571428571,0.8125,7,16
CHEMBL287_Ki,99182118,50,0.7083868207103123,0.526578073089701,0.1818087476206114,-28.57142857142857,-31.25,0.7142857142857143,0.6875,7,16
CHEMBL287_Ki,99182118,100,0.7090286692340607,0.5553709856035437,0.15365768363051702,-14.28571428571429,-12.5,0.8571428571428571,0.875,7,16
CHEMBL287_Ki,99182118,200,0.696405648267009,0.5598006644518272,0.13660498381518182,-14.28571428571429,-12.5,0.8571428571428571,0.875,7,16
CHEMBL287_Ki,89709943,2,0.5512683736367947,0.47543774319066145,0.07583063044613325,0.0,0.0,0.875,0.9444444444444444,8,18
CHEMBL287_Ki,89709943,5,0.6760312944523471,0.45500972762645914,0.22102156682588797,-25.0,-11.111111111111105,0.625,0.8333333333333334,8,18
CHEMBL287_Ki,89709943,10,0.6172356567093409,0.6155155642023347,0.0017200925070062212,0.0,-5.555555555555558,0.875,0.8888888888888888,8,18
CHEMBL287_Ki,89709943,25,0.6792318634423897,0.44285019455252916,0.23638166888986056,-25.0,-11.111111111111105,0.625,0.8333333333333334,8,18
CHEMBL287_Ki,89709943,50,0.7016358463726885,0.5853599221789884,0.11627592419370014,-25.0,-11.111111111111105,0.625,0.8333333333333334,8,18
CHEMBL287_Ki,89709943,100,0.6895448079658606,0.4696011673151751,0.2199436406506855,-25.0,-11.111111111111105,0.625,0.8333333333333334,8,18
CHEMBL287_Ki,89709943,200,0.7041251778093883,0.4686284046692607,0.23549677314012762,-25.0,-11.111111111111105,0.625,0.8333333333333334,8,18
CHEMBL287_Ki,86921808,2,0.5203942232630757,0.37686274509803924,0.14353147816503647,-9.999999999999998,-6.25,0.6,0.75,10,16
CHEMBL287_Ki,86921808,5,0.647736143637783,0.5629411764705883,0.0847949671671947,0.0,0.0,0.7,0.8125,10,16
CHEMBL287_Ki,86921808,10,0.6555425448868072,0.5050980392156863,0.1504445056711209,10.000000000000009,0.0,0.8,0.8125,10,16
CHEMBL287_Ki,86921808,25,0.6280249804839969,0.5558823529411765,0.07214262754282041,-19.999999999999996,-12.5,0.5,0.6875,10,16
CHEMBL287_Ki,86921808,50,0.6834504293520687,0.4958823529411765,0.18756807641089218,-9.999999999999998,-6.25,0.6,0.75,10,16
CHEMBL287_Ki,86921808,100,0.6994535519125683,0.55,0.14945355191256826,-9.999999999999998,-6.25,0.6,0.75,10,16
CHEMBL287_Ki,86921808,200,0.6945745511319282,0.5315686274509804,0.1630059236809478,0.0,0.0,0.7,0.8125,10,16
CHEMBL287_Ki,89165191,2,0.5492221030042919,0.4429678848283499,0.10625421817594194,-14.28571428571429,-9.090909090909093,0.5714285714285714,0.6363636363636364,7,11
CHEMBL287_Ki,89165191,5,0.6176904506437768,0.5130121816168328,0.10467826902694399,0.0,9.090909090909093,0.7142857142857143,0.8181818181818182,7,11
CHEMBL287_Ki,89165191,10,0.629425965665236,0.4122369878183832,0.21718897784685282,14.28571428571428,0.0,0.8571428571428571,0.7272727272727273,7,11
CHEMBL287_Ki,89165191,25,0.6161480686695279,0.41805094130675524,0.19809712736277263,0.0,0.0,0.7142857142857143,0.7272727272727273,7,11
CHEMBL287_Ki,89165191,50,0.6196351931330472,0.34108527131782945,0.2785499218152177,0.0,9.090909090909093,0.7142857142857143,0.8181818181818182,7,11
CHEMBL287_Ki,89165191,100,0.6589324034334764,0.39811738648947953,0.26081501694399684,-14.28571428571429,0.0,0.5714285714285714,0.7272727272727273,7,11
CHEMBL287_Ki,89165191,200,0.6537017167381974,0.4097452934662237,0.24395642327197375,-14.28571428571429,0.0,0.5714285714285714,0.7272727272727273,7,11
CHEMBL3979_EC50,71339737,2,0.7148040638606676,0.6745391705069125,0.04026489335375516,0.0,0.0,0.875,0.9545454545454546,8,22
CHEMBL3979_EC50,71339737,5,0.7561683599419449,0.6837557603686636,0.07241259957328128,0.0,-4.545454545454552,0.875,0.9090909090909091,8,22
CHEMBL3979_EC50,71339737,10,0.6313497822931785,0.44815668202764974,0.18319310026552876,0.0,0.0,0.875,0.9545454545454546,8,22
CHEMBL3979_EC50,71339737,25,0.6182873730043541,0.4475806451612903,0.1707067278430638,0.0,0.0,0.875,0.9545454545454546,8,22
CHEMBL3979_EC50,71339737,50,0.6600145137880987,0.5207373271889401,0.13927718659915866,0.0,0.0,0.875,0.9545454545454546,8,22
CHEMBL3979_EC50,71339737,100,0.6923076923076923,0.5069124423963134,0.1853952499113789,0.0,-4.545454545454552,0.875,0.9090909090909091,8,22
CHEMBL3979_EC50,71339737,200,0.658200290275762,0.4936635944700461,0.1645366958057159,0.0,-9.090909090909093,0.875,0.8636363636363636,8,22
CHEMBL3979_EC50,99182118,2,0.40951571792693287,0.5111402359108781,-0.10162451798394523,-14.285714285714285,-6.666666666666677,0.42857142857142855,0.7333333333333333,7,15
CHEMBL3979_EC50,99182118,5,0.5469413763806287,0.48722149410222804,0.05971988227840064,-14.285714285714285,-6.666666666666677,0.42857142857142855,0.7333333333333333,7,15
CHEMBL3979_EC50,99182118,10,0.6920135938827527,0.3964613368283093,0.29555225705444343,0.0,0.0,0.5714285714285714,0.8,7,15
CHEMBL3979_EC50,99182118,25,0.6745964316057774,0.5091743119266054,0.16542211967917198,0.0,0.0,0.5714285714285714,0.8,7,15
CHEMBL3979_EC50,99182118,50,0.6979609175870858,0.4475753604193971,0.2503855571676887,-14.285714285714285,-13.333333333333341,0.42857142857142855,0.6666666666666666,7,15
CHEMBL3979_EC50,99182118,100,0.6907391673746814,0.44692005242463956,0.24381911495004188,-14.285714285714285,-6.666666666666677,0.42857142857142855,0.7333333333333333,7,15
CHEMBL3979_EC50,99182118,200,0.6864910790144435,0.45740498034076016,0.22908609867368335,-14.285714285714285,-13.333333333333341,0.42857142857142855,0.6666666666666666,7,15
CHEMBL3979_EC50,89709943,2,0.5632006184770004,0.5232634338138925,0.039937184663107916,0.0,0.0,0.8571428571428571,0.8181818181818182,7,22
CHEMBL3979_EC50,89709943,5,0.5865867800541167,0.563564875491481,0.023021904562635642,14.28571428571429,4.545454545454541,1.0,0.8636363636363636,7,22
CHEMBL3979_EC50,89709943,10,0.5498647081561654,0.5393184796854522,0.010546228470713181,14.28571428571429,4.545454545454541,1.0,0.8636363636363636,7,22
CHEMBL3979_EC50,89709943,25,0.6191534596057209,0.5602883355176933,0.058865124088027576,0.0,0.0,0.8571428571428571,0.8181818181818182,7,22
CHEMBL3979_EC50,89709943,50,0.6180904522613065,0.5360419397116645,0.08204851254964207,0.0,0.0,0.8571428571428571,0.8181818181818182,7,22
CHEMBL3979_EC50,89709943,100,0.6161577116350986,0.5727391874180865,0.04341852421701209,0.0,0.0,0.8571428571428571,0.8181818181818182,7,22
CHEMBL3979_EC50,89709943,200,0.6196366447622729,0.5956749672346002,0.023961677527672642,0.0,0.0,0.8571428571428571,0.8181818181818182,7,22
CHEMBL3979_EC50,86921808,2,0.5985915492957746,0.44855242566510173,0.1500391236306729,-8.333333333333337,0.0,0.75,0.8181818181818182,12,22
CHEMBL3979_EC50,86921808,5,0.5444053208137715,0.4076682316118936,0.13673708920187788,0.0,4.545454545454541,0.8333333333333334,0.8636363636363636,12,22
CHEMBL3979_EC50,86921808,10,0.5817683881064163,0.4381846635367762,0.14358372456964008,-8.333333333333337,0.0,0.75,0.8181818181818182,12,22
CHEMBL3979_EC50,86921808,25,0.5755086071987481,0.31533646322378717,0.2601721439749609,-8.333333333333337,0.0,0.75,0.8181818181818182,12,22
CHEMBL3979_EC50,86921808,50,0.5864632237871674,0.282472613458529,0.30399061032863844,-16.666666666666675,-9.090909090909093,0.6666666666666666,0.7272727272727273,12,22
CHEMBL3979_EC50,86921808,100,0.5852895148669797,0.3274647887323944,0.2578247261345853,-8.333333333333337,0.0,0.75,0.8181818181818182,12,22
CHEMBL3979_EC50,86921808,200,0.5833333333333334,0.316510172143975,0.2668231611893584,-8.333333333333337,0.0,0.75,0.8181818181818182,12,22
CHEMBL3979_EC50,89165191,2,0.6704468517264726,0.6181818181818182,0.05226503354465439,0.0,0.0,1.0,0.875,5,16
CHEMBL3979_EC50,89165191,5,0.5641503046716316,0.7327272727272728,-0.16857696805564115,0.0,0.0,1.0,0.875,5,16
CHEMBL3979_EC50,89165191,10,0.6206838185511171,0.64,-0.01931618144888292,0.0,0.0,1.0,0.875,5,16
CHEMBL3979_EC50,89165191,25,0.5849695328368314,0.5490909090909091,0.03587862374592232,0.0,0.0,1.0,0.875,5,16
CHEMBL3979_EC50,89165191,50,0.6447190250507786,0.6090909090909091,0.03562811595986948,-19.999999999999996,-6.25,0.8,0.8125,5,16
CHEMBL3979_EC50,89165191,100,0.6804333107650643,0.6672727272727272,0.013160583492337063,0.0,6.25,1.0,0.9375,5,16
CHEMBL3979_EC50,89165191,200,0.6814488828706838,0.6354545454545455,0.04599433741613834,0.0,0.0,1.0,0.875,5,16
