dataset,method,tau_q,group,n,under_rate,over_rate,miscoverage,width
CHEMBL204_Ki,global,0.5,cliff,146,0.1780821917808219,0.04794520547945205,0.22602739726027396,2.688917915366388
CHEMBL204_Ki,global,0.5,noncliff,2615,0.06615678776290632,0.014149139579349905,0.08030592734225621,2.6708546796091346
CHEMBL204_Ki,global,0.5,all,2761,0.0720753350235422,0.01593625498007968,0.08801159000362188,2.6718098525249476
CHEMBL204_Ki,global,0.75,cliff,65,0.3076923076923077,0.0,0.3076923076923077,2.6624363406644562
CHEMBL204_Ki,global,0.75,noncliff,1313,0.11119573495811119,0.0007616146230007616,0.11195734958111196,2.674503248334781
CHEMBL204_Ki,global,0.75,all,1378,0.1204644412191582,0.000725689404934688,0.12119013062409288,2.6739340545767463
CHEMBL204_Ki,global,0.9,cliff,30,0.5666666666666667,0.0,0.5666666666666667,2.668159998585321
CHEMBL204_Ki,global,0.9,noncliff,521,0.1765834932821497,0.0,0.1765834932821497,2.681532733151477
CHEMBL204_Ki,global,0.9,all,551,0.19782214156079855,0.0,0.19782214156079855,2.680804635080724
CHEMBL204_Ki,mondrian_wstd,0.5,cliff,146,0.15753424657534246,0.0410958904109589,0.19863013698630136,2.9976176173385416
CHEMBL204_Ki,mondrian_wstd,0.5,noncliff,2615,0.05812619502868069,0.010325047801147227,0.06845124282982791,2.841377607846411
CHEMBL204_Ki,mondrian_wstd,0.5,all,2761,0.0633828323071351,0.01195219123505976,0.07533502354219486,2.849639484480185
CHEMBL204_Ki,mondrian_wstd,0.75,cliff,65,0.27692307692307694,0.0,0.27692307692307694,3.165053026487983
CHEMBL204_Ki,mondrian_wstd,0.75,noncliff,1313,0.0891089108910891,0.002284843869002285,0.0913937547600914,3.0180055851527423
CHEMBL204_Ki,mondrian_wstd,0.75,all,1378,0.09796806966618288,0.0021770682148040637,0.10014513788098693,3.0249417852157254
CHEMBL204_Ki,mondrian_wstd,0.9,cliff,30,0.5333333333333333,0.0,0.5333333333333333,3.1625999532880855
CHEMBL204_Ki,mondrian_wstd,0.9,noncliff,521,0.1324376199616123,0.0,0.1324376199616123,3.0935691199356516
CHEMBL204_Ki,mondrian_wstd,0.9,all,551,0.1542649727767695,0.0,0.1542649727767695,3.097327604510195
CHEMBL204_Ki,mondrian_rfstd,0.5,cliff,146,0.1917808219178082,0.0684931506849315,0.2602739726027397,2.793999217949748
CHEMBL204_Ki,mondrian_rfstd,0.5,noncliff,2615,0.05583173996175908,0.014149139579349905,0.06998087954110899,2.7561392256689015
CHEMBL204_Ki,mondrian_rfstd,0.5,all,2761,0.06302064469395147,0.017022817819630567,0.08004346251358203,2.7581412390238462
CHEMBL204_Ki,mondrian_rfstd,0.75,cliff,65,0.27692307692307694,0.015384615384615385,0.2923076923076923,3.1112046377463605
CHEMBL204_Ki,mondrian_rfstd,0.75,noncliff,1313,0.0715917745620716,0.00456968773800457,0.07616146230007616,2.9491937962753703
CHEMBL204_Ki,mondrian_rfstd,0.75,all,1378,0.08127721335268505,0.0050798258345428155,0.08635703918722787,2.9568358170994733
CHEMBL204_Ki,mondrian_rfstd,0.9,cliff,30,0.5,0.0,0.5,3.13549164212623
CHEMBL204_Ki,mondrian_rfstd,0.9,noncliff,521,0.10940499040307101,0.0,0.10940499040307101,3.118196392181663
CHEMBL204_Ki,mondrian_rfstd,0.9,all,551,0.1306715063520871,0.0,0.1306715063520871,3.1191380573329095
CHEMBL204_Ki,mondrian_nb,0.5,cliff,146,0.1780821917808219,0.0547945205479452,0.2328767123287671,2.7819360940728393
CHEMBL204_Ki,mondrian_nb,0.5,noncliff,2615,0.06998087954110899,0.015296367112810707,0.0852772466539197,2.74321642138782
CHEMBL204_Ki,mondrian_nb,0.5,all,2761,0.07569721115537849,0.017385005432814196,0.09308221658819268,2.745263894119444
CHEMBL204_Ki,mondrian_nb,0.75,cliff,65,0.3076923076923077,0.0,0.3076923076923077,2.724363646382924
CHEMBL204_Ki,mondrian_nb,0.75,noncliff,1313,0.11576542269611577,0.002284843869002285,0.11805026656511805,2.7480579973054033
CHEMBL204_Ki,mondrian_nb,0.75,all,1378,0.12481857764876633,0.0021770682148040637,0.1269956458635704,2.7469403392430225
CHEMBL204_Ki,mondrian_nb,0.9,cliff,30,0.5333333333333333,0.0,0.5333333333333333,2.8078384639200107
CHEMBL204_Ki,mondrian_nb,0.9,noncliff,521,0.19385796545105566,0.0,0.19385796545105566,2.7241550426187553
CHEMBL204_Ki,mondrian_nb,0.9,all,551,0.21234119782214156,0.0,0.21234119782214156,2.7287113087513104
CHEMBL214_Ki,global,0.5,cliff,149,0.3288590604026846,0.013422818791946308,0.3422818791946309,2.24281275572344
CHEMBL214_Ki,global,0.5,noncliff,3177,0.08498583569405099,0.0025180988353792886,0.08750393452943028,2.2483620828495763
CHEMBL214_Ki,global,0.5,all,3326,0.09591100420926037,0.003006614552014432,0.0989176187612748,2.2481134810029753
CHEMBL214_Ki,global,0.75,cliff,96,0.4583333333333333,0.0,0.4583333333333333,2.2496972419405377
CHEMBL214_Ki,global,0.75,noncliff,1569,0.14659018483110262,0.0,0.14659018483110262,2.2460887398644362
CHEMBL214_Ki,global,0.75,all,1665,0.16456456456456456,0.0,0.16456456456456456,2.246296797641797
CHEMBL214_Ki,global,0.9,cliff,59,0.559322033898305,0.0,0.559322033898305,2.2661372321967934
CHEMBL214_Ki,global,0.9,noncliff,623,0.22632423756019263,0.0,0.22632423756019263,2.2439348305132887
CHEMBL214_Ki,global,0.9,all,682,0.25513196480938416,0.0,0.25513196480938416,2.2458555661427995
CHEMBL214_Ki,mondrian_wstd,0.5,cliff,149,0.2684563758389262,0.020134228187919462,0.28859060402684567,2.440670033295488
CHEMBL214_Ki,mondrian_wstd,0.5,noncliff,3177,0.07994963802329241,0.003777148253068933,0.08372678627636135,2.215697384372118
CHEMBL214_Ki,mondrian_wstd,0.5,all,3326,0.08839446782922429,0.004509921828021648,0.09290438965724594,2.225775834368986
CHEMBL214_Ki,mondrian_wstd,0.75,cliff,96,0.3854166666666667,0.0,0.3854166666666667,2.431757955208324
CHEMBL214_Ki,mondrian_wstd,0.75,noncliff,1569,0.1268323773103888,0.0006373486297004461,0.12746972594008923,2.246714494704244
CHEMBL214_Ki,mondrian_wstd,0.75,all,1665,0.14174174174174173,0.0006006006006006006,0.14234234234234233,2.2573836672017764
CHEMBL214_Ki,mondrian_wstd,0.9,cliff,59,0.4576271186440678,0.0,0.4576271186440678,2.4703103547330594
CHEMBL214_Ki,mondrian_wstd,0.9,noncliff,623,0.1926163723916533,0.0,0.1926163723916533,2.2795998677345617
CHEMBL214_Ki,mondrian_wstd,0.9,all,682,0.2155425219941349,0.0,0.2155425219941349,2.2960982822989475
CHEMBL214_Ki,mondrian_rfstd,0.5,cliff,149,0.3691275167785235,0.026845637583892617,0.3959731543624161,2.0891544153397703
CHEMBL214_Ki,mondrian_rfstd,0.5,noncliff,3177,0.08341202392193893,0.0084985835694051,0.09191060749134404,2.124898311166686
CHEMBL214_Ki,mondrian_rfstd,0.5,all,3326,0.09621166566446182,0.009320505111244739,0.10553217077570655,2.1232970362183368
CHEMBL214_Ki,mondrian_rfstd,0.75,cliff,96,0.5,0.0,0.5,2.031041000976545
CHEMBL214_Ki,mondrian_rfstd,0.75,noncliff,1569,0.1312938177182919,0.004461440407903123,0.13575525812619502,2.1561042515386935
CHEMBL214_Ki,mondrian_rfstd,0.75,all,1665,0.15255255255255254,0.004204204204204204,0.15675675675675677,2.1488933974522273
CHEMBL214_Ki,mondrian_rfstd,0.9,cliff,59,0.5932203389830508,0.0,0.5932203389830508,1.9429865865294478
CHEMBL214_Ki,mondrian_rfstd,0.9,noncliff,623,0.1942215088282504,0.004815409309791332,0.19903691813804172,2.111598143559047
CHEMBL214_Ki,mondrian_rfstd,0.9,all,682,0.2287390029325513,0.004398826979472141,0.23313782991202345,2.097011513258833
CHEMBL214_Ki,mondrian_nb,0.5,cliff,149,0.348993288590604,0.040268456375838924,0.38926174496644295,2.009422249259736
CHEMBL214_Ki,mondrian_nb,0.5,noncliff,3177,0.09128108278249922,0.005036197670758577,0.09631728045325778,2.1569621100232004
CHEMBL214_Ki,mondrian_nb,0.5,all,3326,0.10282621767889356,0.00661455201443175,0.10944076969332532,2.150352537186834
CHEMBL214_Ki,mondrian_nb,0.75,cliff,96,0.4791666666666667,0.0,0.4791666666666667,2.0145449205049295
CHEMBL214_Ki,mondrian_nb,0.75,noncliff,1569,0.1586998087954111,0.0006373486297004461,0.15933715742511154,2.1390612460172402
CHEMBL214_Ki,mondrian_nb,0.75,all,1665,0.17717717717717718,0.0006006006006006006,0.17777777777777778,2.131881926348062
CHEMBL214_Ki,mondrian_nb,0.9,cliff,59,0.5932203389830508,0.0,0.5932203389830508,2.0283827797927505
CHEMBL214_Ki,mondrian_nb,0.9,noncliff,623,0.24719101123595505,0.0,0.24719101123595505,2.123200697073793
CHEMBL214_Ki,mondrian_nb,0.9,all,682,0.27712609970674484,0.0,0.27712609970674484,2.1149979740245533
CHEMBL219_Ki,global,0.5,cliff,73,0.1780821917808219,0.0,0.1780821917808219,2.38095582689241
CHEMBL219_Ki,global,0.5,noncliff,1804,0.058758314855875834,0.0016629711751662971,0.06042128603104213,2.3798791582216268
CHEMBL219_Ki,global,0.5,all,1877,0.0633990410229089,0.0015982951518380393,0.06499733617474694,2.379921031856665
CHEMBL219_Ki,global,0.75,cliff,50,0.24,0.0,0.24,2.3817032140882155
CHEMBL219_Ki,global,0.75,noncliff,884,0.1085972850678733,0.0,0.1085972850678733,2.376292966469574
CHEMBL219_Ki,global,0.75,all,934,0.11563169164882227,0.0,0.11563169164882227,2.3765825942864174
CHEMBL219_Ki,global,0.9,cliff,29,0.3448275862068966,0.0,0.3448275862068966,2.3823618144594265
CHEMBL219_Ki,global,0.9,noncliff,344,0.19767441860465115,0.0,0.19767441860465115,2.3798186751609136
CHEMBL219_Ki,global,0.9,all,373,0.20911528150134048,0.0,0.20911528150134048,2.3800163991278223
CHEMBL219_Ki,mondrian_wstd,0.5,cliff,73,0.0821917808219178,0.0,0.0821917808219178,2.5590634291655734
CHEMBL219_Ki,mondrian_wstd,0.5,noncliff,1804,0.06319290465631928,0.0011086474501108647,0.06430155210643015,2.4226904359186445
CHEMBL219_Ki,mondrian_wstd,0.5,all,1877,0.06393180607352157,0.0010655301012253596,0.06499733617474694,2.427994233738051
CHEMBL219_Ki,mondrian_wstd,0.75,cliff,50,0.1,0.0,0.1,2.590401380111983
CHEMBL219_Ki,mondrian_wstd,0.75,noncliff,884,0.1085972850678733,0.0,0.1085972850678733,2.476369690730963
CHEMBL219_Ki,mondrian_wstd,0.75,all,934,0.10813704496788008,0.0,0.10813704496788008,2.4824741708905464
CHEMBL219_Ki,mondrian_wstd,0.9,cliff,29,0.13793103448275862,0.0,0.13793103448275862,2.7363810810033726
CHEMBL219_Ki,mondrian_wstd,0.9,noncliff,344,0.18604651162790697,0.0,0.18604651162790697,2.4674360342793618
CHEMBL219_Ki,mondrian_wstd,0.9,all,373,0.18230563002680966,0.0,0.18230563002680966,2.4883459708879307
CHEMBL219_Ki,mondrian_rfstd,0.5,cliff,73,0.1643835616438356,0.0,0.1643835616438356,2.3811278423796756
CHEMBL219_Ki,mondrian_rfstd,0.5,noncliff,1804,0.0598669623059867,0.005543237250554324,0.06541019955654102,2.3453943406352824
CHEMBL219_Ki,mondrian_rfstd,0.5,all,1877,0.06393180607352157,0.005327650506126798,0.06925945657964838,2.346784082578458
CHEMBL219_Ki,mondrian_rfstd,0.75,cliff,50,0.2,0.0,0.2,2.3507024084843517
CHEMBL219_Ki,mondrian_rfstd,0.75,noncliff,884,0.10633484162895927,0.0,0.10633484162895927,2.405560614679526
CHEMBL219_Ki,mondrian_rfstd,0.75,all,934,0.11134903640256959,0.0,0.11134903640256959,2.4026238798725035
CHEMBL219_Ki,mondrian_rfstd,0.9,cliff,29,0.27586206896551724,0.0,0.27586206896551724,2.4522448194816904
CHEMBL219_Ki,mondrian_rfstd,0.9,noncliff,344,0.18023255813953487,0.0,0.18023255813953487,2.4599990919679224
CHEMBL219_Ki,mondrian_rfstd,0.9,all,373,0.1876675603217158,0.0,0.1876675603217158,2.459396212873819
CHEMBL219_Ki,mondrian_nb,0.5,cliff,73,0.2328767123287671,0.0,0.2328767123287671,2.110640405207153
CHEMBL219_Ki,mondrian_nb,0.5,noncliff,1804,0.06263858093126386,0.003880266075388027,0.06651884700665188,2.391760873969112
CHEMBL219_Ki,mondrian_nb,0.5,all,1877,0.06925945657964838,0.0037293553542887587,0.07298881193393714,2.380827579233032
CHEMBL219_Ki,mondrian_nb,0.75,cliff,50,0.32,0.0,0.32,2.064749180954608
CHEMBL219_Ki,mondrian_nb,0.75,noncliff,884,0.11085972850678733,0.0,0.11085972850678733,2.417071505454156
CHEMBL219_Ki,mondrian_nb,0.75,all,934,0.12205567451820129,0.0,0.12205567451820129,2.3982105673117817
CHEMBL219_Ki,mondrian_nb,0.9,cliff,29,0.4482758620689655,0.0,0.4482758620689655,2.048225281721716
CHEMBL219_Ki,mondrian_nb,0.9,noncliff,344,0.18895348837209303,0.0,0.18895348837209303,2.4155059477744487
CHEMBL219_Ki,mondrian_nb,0.9,all,373,0.20911528150134048,0.0,0.20911528150134048,2.3869506144888475
CHEMBL228_Ki,global,0.5,cliff,36,0.3888888888888889,0.0,0.3888888888888889,2.5140549995605266
CHEMBL228_Ki,global,0.5,noncliff,1670,0.07904191616766468,0.0005988023952095808,0.07964071856287425,2.522938255172237
CHEMBL228_Ki,global,0.5,all,1706,0.08558030480656506,0.0005861664712778429,0.08616647127784291,2.522750800774804
CHEMBL228_Ki,global,0.75,cliff,17,0.6470588235294118,0.0,0.6470588235294118,2.5253378335864123
CHEMBL228_Ki,global,0.75,noncliff,845,0.11834319526627218,0.0,0.11834319526627218,2.5168845068658614
CHEMBL228_Ki,global,0.75,all,862,0.12877030162412992,0.0,0.12877030162412992,2.5170512198058255
CHEMBL228_Ki,global,0.9,cliff,7,0.42857142857142855,0.0,0.42857142857142855,2.5491720270414495
CHEMBL228_Ki,global,0.9,noncliff,339,0.17699115044247787,0.0,0.17699115044247787,2.5185041469773544
CHEMBL228_Ki,global,0.9,all,346,0.18208092485549132,0.0,0.18208092485549132,2.5191245954179573
CHEMBL228_Ki,mondrian_wstd,0.5,cliff,36,0.3611111111111111,0.0,0.3611111111111111,2.5844058562864474
CHEMBL228_Ki,mondrian_wstd,0.5,noncliff,1670,0.0718562874251497,0.0017964071856287425,0.07365269461077845,2.5441624834391523
CHEMBL228_Ki,mondrian_wstd,0.5,all,1706,0.0779601406799531,0.0017584994138335288,0.07971864009378664,2.5450116988099043
CHEMBL228_Ki,mondrian_wstd,0.75,cliff,17,0.6470588235294118,0.0,0.6470588235294118,2.5073261915026075
CHEMBL228_Ki,mondrian_wstd,0.75,noncliff,845,0.1136094674556213,0.0,0.1136094674556213,2.527909735310233
CHEMBL228_Ki,mondrian_wstd,0.75,all,862,0.12412993039443156,0.0,0.12412993039443156,2.52750379535115
CHEMBL228_Ki,mondrian_wstd,0.9,cliff,7,0.2857142857142857,0.0,0.2857142857142857,2.9175569593678286
CHEMBL228_Ki,mondrian_wstd,0.9,noncliff,339,0.1592920353982301,0.0,0.1592920353982301,2.6042489384872725
CHEMBL228_Ki,mondrian_wstd,0.9,all,346,0.16184971098265896,0.0,0.16184971098265896,2.6105875400657808
CHEMBL228_Ki,mondrian_rfstd,0.5,cliff,36,0.4722222222222222,0.0,0.4722222222222222,2.349123827002423
CHEMBL228_Ki,mondrian_rfstd,0.5,noncliff,1670,0.0658682634730539,0.004191616766467066,0.07005988023952096,2.507404893149014
CHEMBL228_Ki,mondrian_rfstd,0.5,all,1706,0.07444314185228605,0.004103165298944901,0.07854630715123095,2.504064847204537
CHEMBL228_Ki,mondrian_rfstd,0.75,cliff,17,0.7058823529411765,0.0,0.7058823529411765,2.1865226357188496
CHEMBL228_Ki,mondrian_rfstd,0.75,noncliff,845,0.10887573964497041,0.0,0.10887573964497041,2.493199614460595
CHEMBL228_Ki,mondrian_rfstd,0.75,all,862,0.12064965197215777,0.0,0.12064965197215777,2.487151460587498
CHEMBL228_Ki,mondrian_rfstd,0.9,cliff,7,0.5714285714285714,0.0,0.5714285714285714,2.1396477731766974
CHEMBL228_Ki,mondrian_rfstd,0.9,noncliff,339,0.168141592920354,0.0,0.168141592920354,2.5517680870947346
CHEMBL228_Ki,mondrian_rfstd,0.9,all,346,0.17630057803468208,0.0,0.17630057803468208,2.5434303928825197
CHEMBL228_Ki,mondrian_nb,0.5,cliff,36,0.4166666666666667,0.0,0.4166666666666667,2.1796731939742813
CHEMBL228_Ki,mondrian_nb,0.5,noncliff,1670,0.07245508982035928,0.003592814371257485,0.07604790419161676,2.428966048054984
CHEMBL228_Ki,mondrian_nb,0.5,all,1706,0.07971864009378664,0.0035169988276670576,0.08323563892145369,2.4237054720016986
CHEMBL228_Ki,mondrian_nb,0.75,cliff,17,0.7058823529411765,0.0,0.7058823529411765,2.3489932045929445
CHEMBL228_Ki,mondrian_nb,0.75,noncliff,845,0.12544378698224853,0.0,0.12544378698224853,2.351079674914228
CHEMBL228_Ki,mondrian_nb,0.75,all,862,0.1368909512761021,0.0,0.1368909512761021,2.351038526427614
CHEMBL228_Ki,mondrian_nb,0.9,cliff,7,0.5714285714285714,0.0,0.5714285714285714,2.0379628273263464
CHEMBL228_Ki,mondrian_nb,0.9,noncliff,339,0.1976401179941003,0.0,0.1976401179941003,2.3953345045953776
CHEMBL228_Ki,mondrian_nb,0.9,all,346,0.20520231213872833,0.0,0.20520231213872833,2.388104441760455
CHEMBL233_Ki,global,0.5,cliff,162,0.3148148148148148,0.018518518518518517,0.3333333333333333,2.5241871803892604
CHEMBL233_Ki,global,0.5,noncliff,2984,0.0871313672922252,0.00435656836461126,0.09148793565683647,2.520339984430444
CHEMBL233_Ki,global,0.5,all,3146,0.09885568976478068,0.0050858232676414495,0.10394151303242212,2.5205380917875093
CHEMBL233_Ki,global,0.75,cliff,93,0.45161290322580644,0.0,0.45161290322580644,2.5293469352794884
CHEMBL233_Ki,global,0.75,noncliff,1482,0.1545209176788124,0.0,0.1545209176788124,2.519537515032862
CHEMBL233_Ki,global,0.75,all,1575,0.17206349206349206,0.0,0.17206349206349206,2.520116737942663
CHEMBL233_Ki,global,0.9,cliff,48,0.5416666666666666,0.0,0.5416666666666666,2.520775856422979
CHEMBL233_Ki,global,0.9,noncliff,587,0.2010221465076661,0.0,0.2010221465076661,2.521374934151498
CHEMBL233_Ki,global,0.9,all,635,0.22677165354330708,0.0,0.22677165354330708,2.5213296495357995
CHEMBL233_Ki,mondrian_wstd,0.5,cliff,162,0.29012345679012347,0.012345679012345678,0.30246913580246915,2.6744930827370155
CHEMBL233_Ki,mondrian_wstd,0.5,noncliff,2984,0.08813672922252011,0.00435656836461126,0.09249329758713137,2.5171320105042465
CHEMBL233_Ki,mondrian_wstd,0.5,all,3146,0.09853782581055308,0.004767959313413859,0.10330578512396695,2.5252351553553933
CHEMBL233_Ki,mondrian_wstd,0.75,cliff,93,0.3548387096774194,0.0,0.3548387096774194,2.680196855043964
CHEMBL233_Ki,mondrian_wstd,0.75,noncliff,1482,0.150472334682861,0.0,0.150472334682861,2.562745489299648
CHEMBL233_Ki,mondrian_wstd,0.75,all,1575,0.16253968253968254,0.0,0.16253968253968254,2.56968071280074
CHEMBL233_Ki,mondrian_wstd,0.9,cliff,48,0.4375,0.0,0.4375,2.676418380943094
CHEMBL233_Ki,mondrian_wstd,0.9,noncliff,587,0.19250425894378195,0.0,0.19250425894378195,2.521679143347435
CHEMBL233_Ki,mondrian_wstd,0.9,all,635,0.2110236220472441,0.0,0.2110236220472441,2.5333759676066343
CHEMBL233_Ki,mondrian_rfstd,0.5,cliff,162,0.37037037037037035,0.024691358024691357,0.3950617283950617,2.5674079996961177
CHEMBL233_Ki,mondrian_rfstd,0.5,noncliff,2984,0.08042895442359249,0.006032171581769437,0.08646112600536193,2.470134485640852
CHEMBL233_Ki,mondrian_rfstd,0.5,all,3146,0.09535918626827718,0.006993006993006993,0.10235219326128417,2.475143484139565
CHEMBL233_Ki,mondrian_rfstd,0.75,cliff,93,0.4946236559139785,0.010752688172043012,0.5053763440860215,2.509742027790912
CHEMBL233_Ki,mondrian_rfstd,0.75,noncliff,1482,0.12753036437246965,0.0006747638326585695,0.1282051282051282,2.546434141505538
CHEMBL233_Ki,mondrian_rfstd,0.75,all,1575,0.1492063492063492,0.0012698412698412698,0.15047619047619049,2.544267559552865
CHEMBL233_Ki,mondrian_rfstd,0.9,cliff,48,0.6458333333333334,0.0,0.6458333333333334,2.379594563530849
CHEMBL233_Ki,mondrian_rfstd,0.9,noncliff,587,0.1788756388415673,0.0,0.1788756388415673,2.570808311696419
CHEMBL233_Ki,mondrian_rfstd,0.9,all,635,0.2141732283464567,0.0,0.2141732283464567,2.556354359079179
CHEMBL233_Ki,mondrian_nb,0.5,cliff,162,0.36419753086419754,0.030864197530864196,0.3950617283950617,2.3396298398713924
CHEMBL233_Ki,mondrian_nb,0.5,noncliff,2984,0.08746648793565684,0.005026809651474531,0.09249329758713137,2.4460503587297495
CHEMBL233_Ki,mondrian_nb,0.5,all,3146,0.101716465352829,0.006357279084551812,0.1080737444373808,2.4405703447262357
CHEMBL233_Ki,mondrian_nb,0.75,cliff,93,0.5376344086021505,0.0,0.5376344086021505,2.320460721518618
CHEMBL233_Ki,mondrian_nb,0.75,noncliff,1482,0.15856950067476383,0.0,0.15856950067476383,2.4558919874349336
CHEMBL233_Ki,mondrian_nb,0.75,all,1575,0.18095238095238095,0.0,0.18095238095238095,2.4478950936379698
CHEMBL233_Ki,mondrian_nb,0.9,cliff,48,0.6458333333333334,0.0,0.6458333333333334,2.28367675009515
CHEMBL233_Ki,mondrian_nb,0.9,noncliff,587,0.2231686541737649,0.0,0.2231686541737649,2.453812206125813
CHEMBL233_Ki,mondrian_nb,0.9,all,635,0.2551181102362205,0.0,0.2551181102362205,2.440951573229007
CHEMBL234_Ki,global,0.5,cliff,110,0.24545454545454545,0.0,0.24545454545454545,2.252151426345651
CHEMBL234_Ki,global,0.5,noncliff,3557,0.07450098397526005,0.003092493674444757,0.07759347764970481,2.252066927890002
CHEMBL234_Ki,global,0.5,all,3667,0.07962912462503409,0.0029997272975184073,0.0826288519225525,2.252069462613242
CHEMBL234_Ki,global,0.75,cliff,62,0.41935483870967744,0.0,0.41935483870967744,2.2447899160744447
CHEMBL234_Ki,global,0.75,noncliff,1782,0.11952861952861953,0.0,0.11952861952861953,2.2514679737246457
CHEMBL234_Ki,global,0.75,all,1844,0.12960954446854664,0.0,0.12960954446854664,2.251243440332936
CHEMBL234_Ki,global,0.9,cliff,33,0.6060606060606061,0.0,0.6060606060606061,2.2297038780216307
CHEMBL234_Ki,global,0.9,noncliff,711,0.19127988748241911,0.0,0.19127988748241911,2.2510410325365613
CHEMBL234_Ki,global,0.9,all,744,0.20967741935483872,0.0,0.20967741935483872,2.2500946264895285
CHEMBL234_Ki,mondrian_wstd,0.5,cliff,110,0.22727272727272727,0.00909090909090909,0.23636363636363636,2.426956382360845
CHEMBL234_Ki,mondrian_wstd,0.5,noncliff,3557,0.07393871239808827,0.004217036828788305,0.07815574922687658,2.1764485000068117
CHEMBL234_Ki,mondrian_wstd,0.5,all,3667,0.07853831469866376,0.00436323970548132,0.08290155440414508,2.1839630533362206
CHEMBL234_Ki,mondrian_wstd,0.75,cliff,62,0.3870967741935484,0.0,0.3870967741935484,2.3732490883605717
CHEMBL234_Ki,mondrian_wstd,0.75,noncliff,1782,0.12457912457912458,0.0005611672278338945,0.1251402918069585,2.1711450021650447
CHEMBL234_Ki,mondrian_wstd,0.75,all,1844,0.1334056399132321,0.0005422993492407809,0.1339479392624729,2.177940258859254
CHEMBL234_Ki,mondrian_wstd,0.9,cliff,33,0.5151515151515151,0.0,0.5151515151515151,2.4248707669957623
CHEMBL234_Ki,mondrian_wstd,0.9,noncliff,711,0.20675105485232068,0.0,0.20675105485232068,2.264397319178546
CHEMBL234_Ki,mondrian_wstd,0.9,all,744,0.22043010752688172,0.0,0.22043010752688172,2.2715150930736647
CHEMBL234_Ki,mondrian_rfstd,0.5,cliff,110,0.2818181818181818,0.02727272727272727,0.3090909090909091,2.3159787480763763
CHEMBL234_Ki,mondrian_rfstd,0.5,noncliff,3557,0.07028394714647175,0.008152937868990722,0.07843688501546246,1.9763062827762536
CHEMBL234_Ki,mondrian_rfstd,0.5,all,3667,0.07662939732751568,0.00872647941096264,0.08535587673847832,1.986495530440015
CHEMBL234_Ki,mondrian_rfstd,0.75,cliff,62,0.45161290322580644,0.0,0.45161290322580644,2.129796073328074
CHEMBL234_Ki,mondrian_rfstd,0.75,noncliff,1782,0.1122334455667789,0.001122334455667789,0.11335578002244669,2.0198212990601996
CHEMBL234_Ki,mondrian_rfstd,0.75,all,1844,0.12364425162689804,0.0010845986984815619,0.12472885032537961,2.0235189324683387
CHEMBL234_Ki,mondrian_rfstd,0.9,cliff,33,0.6666666666666666,0.0,0.6666666666666666,1.983395799554551
CHEMBL234_Ki,mondrian_rfstd,0.9,noncliff,711,0.19831223628691982,0.0014064697609001407,0.19971870604781997,2.1235074891264127
CHEMBL234_Ki,mondrian_rfstd,0.9,all,744,0.21908602150537634,0.0013440860215053765,0.22043010752688172,2.1172928577341126
CHEMBL234_Ki,mondrian_nb,0.5,cliff,110,0.32727272727272727,0.03636363636363636,0.36363636363636365,1.9063518666855668
CHEMBL234_Ki,mondrian_nb,0.5,noncliff,3557,0.07281416924374473,0.009277481023334271,0.082091650267079,1.996170151438167
CHEMBL234_Ki,mondrian_nb,0.5,all,3667,0.08044723206981183,0.010089991818925552,0.09053722388873739,1.9934758478322803
CHEMBL234_Ki,mondrian_nb,0.75,cliff,62,0.5483870967741935,0.0,0.5483870967741935,1.8878552078705582
CHEMBL234_Ki,mondrian_nb,0.75,noncliff,1782,0.12682379349046016,0.0005611672278338945,0.12738496071829405,2.0168520492139916
CHEMBL234_Ki,mondrian_nb,0.75,all,1844,0.14099783080260303,0.0005422993492407809,0.14154013015184383,2.0125148452208825
CHEMBL234_Ki,mondrian_nb,0.9,cliff,33,0.8181818181818182,0.0,0.8181818181818182,1.9125215245638538
CHEMBL234_Ki,mondrian_nb,0.9,noncliff,711,0.21659634317862167,0.0,0.21659634317862167,2.082842729796012
CHEMBL234_Ki,mondrian_nb,0.9,all,744,0.24327956989247312,0.0,0.24327956989247312,2.0752881602091016
CHEMBL235_EC50,global,0.5,cliff,137,0.291970802919708,0.043795620437956206,0.3357664233576642,2.2448776867451277
CHEMBL235_EC50,global,0.5,noncliff,2221,0.095002251238181,0.004502476361999099,0.0995047276001801,2.2423072737340495
CHEMBL235_EC50,global,0.5,all,2358,0.10644614079728583,0.006785411365564037,0.11323155216284987,2.2424566149480096
CHEMBL235_EC50,global,0.75,cliff,81,0.4567901234567901,0.0,0.4567901234567901,2.2555858428849858
CHEMBL235_EC50,global,0.75,noncliff,1099,0.18016378525932666,0.0,0.18016378525932666,2.241527949659088
CHEMBL235_EC50,global,0.75,all,1180,0.19915254237288135,0.0,0.19915254237288135,2.2424929406347633
CHEMBL235_EC50,global,0.9,cliff,35,0.6,0.0,0.6,2.2923992982172834
CHEMBL235_EC50,global,0.9,noncliff,445,0.3101123595505618,0.0,0.3101123595505618,2.2265002831317107
CHEMBL235_EC50,global,0.9,all,480,0.33125,0.0,0.33125,2.231305419648367
CHEMBL235_EC50,mondrian_wstd,0.5,cliff,137,0.24817518248175183,0.0364963503649635,0.2846715328467153,2.529577308383786
CHEMBL235_EC50,mondrian_wstd,0.5,noncliff,2221,0.09140027014858172,0.007203962179198559,0.09860423232778028,2.350541918239075
CHEMBL235_EC50,mondrian_wstd,0.5,all,2358,0.1005089058524173,0.008905852417302799,0.10941475826972011,2.360943889591842
CHEMBL235_EC50,mondrian_wstd,0.75,cliff,81,0.3333333333333333,0.0,0.3333333333333333,2.609512359437108
CHEMBL235_EC50,mondrian_wstd,0.75,noncliff,1099,0.15468607825295724,0.0,0.15468607825295724,2.4698967512775245
CHEMBL235_EC50,mondrian_wstd,0.75,all,1180,0.1669491525423729,0.0,0.1669491525423729,2.4794805345494964
CHEMBL235_EC50,mondrian_wstd,0.9,cliff,35,0.4,0.0,0.4,2.823481345469036
CHEMBL235_EC50,mondrian_wstd,0.9,noncliff,445,0.2696629213483146,0.0,0.2696629213483146,2.5763505353103224
CHEMBL235_EC50,mondrian_wstd,0.9,all,480,0.2791666666666667,0.0,0.2791666666666667,2.5943704902177283
CHEMBL235_EC50,mondrian_rfstd,0.5,cliff,137,0.2773722627737226,0.072992700729927,0.35036496350364965,2.365129087690181
CHEMBL235_EC50,mondrian_rfstd,0.5,noncliff,2221,0.0904997748761819,0.005402971634398919,0.09590274651058082,2.336408154087677
CHEMBL235_EC50,mondrian_rfstd,0.5,all,2358,0.10135708227311281,0.009329940627650551,0.11068702290076336,2.3380768427660246
CHEMBL235_EC50,mondrian_rfstd,0.75,cliff,81,0.3950617283950617,0.04938271604938271,0.4444444444444444,2.3440267734503974
CHEMBL235_EC50,mondrian_rfstd,0.75,noncliff,1099,0.1483166515013649,0.0009099181073703367,0.1492265696087352,2.45141429399008
CHEMBL235_EC50,mondrian_rfstd,0.75,all,1180,0.1652542372881356,0.00423728813559322,0.1694915254237288,2.4440427777496443
CHEMBL235_EC50,mondrian_rfstd,0.9,cliff,35,0.4857142857142857,0.0,0.4857142857142857,2.6131872750414744
CHEMBL235_EC50,mondrian_rfstd,0.9,noncliff,445,0.24943820224719102,0.0,0.24943820224719102,2.6447417259162025
CHEMBL235_EC50,mondrian_rfstd,0.9,all,480,0.26666666666666666,0.0,0.26666666666666666,2.64244088053992
CHEMBL235_EC50,mondrian_nb,0.5,cliff,137,0.31386861313868614,0.072992700729927,0.38686131386861317,2.2321399424947437
CHEMBL235_EC50,mondrian_nb,0.5,noncliff,2221,0.0904997748761819,0.00945520036019811,0.09995497523638001,2.2626550320209255
CHEMBL235_EC50,mondrian_nb,0.5,all,2358,0.10347752332485156,0.013146734520780322,0.11662425784563189,2.260882102731236
CHEMBL235_EC50,mondrian_nb,0.75,cliff,81,0.4691358024691358,0.012345679012345678,0.48148148148148145,2.2575395613130396
CHEMBL235_EC50,mondrian_nb,0.75,noncliff,1099,0.17197452229299362,0.0,0.17197452229299362,2.250364261555054
CHEMBL235_EC50,mondrian_nb,0.75,all,1180,0.1923728813559322,0.000847457627118644,0.19322033898305085,2.250856803318102
CHEMBL235_EC50,mondrian_nb,0.9,cliff,35,0.6285714285714286,0.0,0.6285714285714286,2.3810159024629387
CHEMBL235_EC50,mondrian_nb,0.9,noncliff,445,0.3146067415730337,0.0,0.3146067415730337,2.2577251654136083
CHEMBL235_EC50,mondrian_nb,0.9,all,480,0.3375,0.0,0.3375,2.266715114990122
CHEMBL236_Ki,global,0.5,cliff,166,0.18072289156626506,0.04819277108433735,0.2289156626506024,2.349328220172394
CHEMBL236_Ki,global,0.5,noncliff,2540,0.07716535433070866,0.00826771653543307,0.08543307086614173,2.360181750326195
CHEMBL236_Ki,global,0.5,all,2706,0.0835181079083518,0.010716925351071693,0.0942350332594235,2.359515938794217
CHEMBL236_Ki,global,0.75,cliff,86,0.313953488372093,0.0,0.313953488372093,2.3522741778802323
CHEMBL236_Ki,global,0.75,noncliff,1212,0.1419141914191419,0.004125412541254125,0.14603960396039603,2.3590589677199785
CHEMBL236_Ki,global,0.75,all,1298,0.15331278890600925,0.003852080123266564,0.15716486902927582,2.3586094361897643
CHEMBL236_Ki,global,0.9,cliff,44,0.4090909090909091,0.0,0.4090909090909091,2.354604417136937
CHEMBL236_Ki,global,0.9,noncliff,480,0.22708333333333333,0.0,0.22708333333333333,2.3600632070360907
CHEMBL236_Ki,global,0.9,all,524,0.24236641221374045,0.0,0.24236641221374045,2.3596048353651695
CHEMBL236_Ki,mondrian_wstd,0.5,cliff,166,0.12650602409638553,0.04216867469879518,0.1686746987951807,2.563820944437996
CHEMBL236_Ki,mondrian_wstd,0.5,noncliff,2540,0.07834645669291339,0.007086614173228346,0.08543307086614173,2.3824247575868265
CHEMBL236_Ki,mondrian_wstd,0.5,all,2706,0.08130081300813008,0.009238728750923873,0.09053954175905396,2.393552535494178
CHEMBL236_Ki,mondrian_wstd,0.75,cliff,86,0.22093023255813954,0.0,0.22093023255813954,2.576711197711572
CHEMBL236_Ki,mondrian_wstd,0.75,noncliff,1212,0.13613861386138615,0.0024752475247524753,0.13861386138613863,2.457595575896341
CHEMBL236_Ki,mondrian_wstd,0.75,all,1298,0.14175654853620956,0.0023112480739599386,0.1440677966101695,2.465487674105979
CHEMBL236_Ki,mondrian_wstd,0.9,cliff,44,0.3409090909090909,0.0,0.3409090909090909,2.559725458949126
CHEMBL236_Ki,mondrian_wstd,0.9,noncliff,480,0.21458333333333332,0.0,0.21458333333333332,2.48302872463496
CHEMBL236_Ki,mondrian_wstd,0.9,all,524,0.22519083969465647,0.0,0.22519083969465647,2.4894689084323334
CHEMBL236_Ki,mondrian_rfstd,0.5,cliff,166,0.1686746987951807,0.060240963855421686,0.2289156626506024,2.4429799578213762
CHEMBL236_Ki,mondrian_rfstd,0.5,noncliff,2540,0.07244094488188976,0.008661417322834646,0.08110236220472442,2.274329231647568
CHEMBL236_Ki,mondrian_rfstd,0.5,all,2706,0.07834441980783444,0.011825572801182557,0.090169992609017,2.284675137244335
CHEMBL236_Ki,mondrian_rfstd,0.75,cliff,86,0.29069767441860467,0.0,0.29069767441860467,2.4703347900335997
CHEMBL236_Ki,mondrian_rfstd,0.75,noncliff,1212,0.12293729372937294,0.0008250825082508251,0.12376237623762376,2.4031420523294886
CHEMBL236_Ki,mondrian_rfstd,0.75,all,1298,0.13405238828967642,0.0007704160246533128,0.13482280431432975,2.4075939594500997
CHEMBL236_Ki,mondrian_rfstd,0.9,cliff,44,0.36363636363636365,0.0,0.36363636363636365,2.528614126597351
CHEMBL236_Ki,mondrian_rfstd,0.9,noncliff,480,0.18333333333333332,0.0,0.18333333333333332,2.4901649774351204
CHEMBL236_Ki,mondrian_rfstd,0.9,all,524,0.1984732824427481,0.0,0.1984732824427481,2.4933935319449256
CHEMBL236_Ki,mondrian_nb,0.5,cliff,166,0.20481927710843373,0.07228915662650602,0.27710843373493976,2.258133495632722
CHEMBL236_Ki,mondrian_nb,0.5,noncliff,2540,0.07795275590551182,0.00984251968503937,0.08779527559055118,2.337563331452848
CHEMBL236_Ki,mondrian_nb,0.5,all,2706,0.08573540280857354,0.013673318551367332,0.09940872135994087,2.332690695552574
CHEMBL236_Ki,mondrian_nb,0.75,cliff,86,0.3488372093023256,0.0,0.3488372093023256,2.2575365927323627
CHEMBL236_Ki,mondrian_nb,0.75,noncliff,1212,0.14521452145214522,0.0049504950495049506,0.15016501650165018,2.3457845446700634
CHEMBL236_Ki,mondrian_nb,0.75,all,1298,0.15870570107858242,0.004622496147919877,0.1633281972265023,2.3399376079469185
CHEMBL236_Ki,mondrian_nb,0.9,cliff,44,0.45454545454545453,0.0,0.45454545454545453,2.2601748577628573
CHEMBL236_Ki,mondrian_nb,0.9,noncliff,480,0.225,0.0,0.225,2.3540820931902897
CHEMBL236_Ki,mondrian_nb,0.9,all,524,0.24427480916030533,0.0,0.24427480916030533,2.346196752810887
CHEMBL237_EC50,global,0.5,cliff,46,0.1956521739130435,0.0,0.1956521739130435,2.85451649435505
CHEMBL237_EC50,global,0.5,noncliff,921,0.07926167209554831,0.002171552660152009,0.08143322475570032,2.8546121847521366
CHEMBL237_EC50,global,0.5,all,967,0.08479834539813857,0.002068252326783868,0.08686659772492245,2.8546076327787495
CHEMBL237_EC50,global,0.75,cliff,26,0.34615384615384615,0.0,0.34615384615384615,2.8373608423783305
CHEMBL237_EC50,global,0.75,noncliff,454,0.14317180616740088,0.0,0.14317180616740088,2.8582147891567526
CHEMBL237_EC50,global,0.75,all,480,0.15416666666666667,0.0,0.15416666666666667,2.857085200372922
CHEMBL237_EC50,global,0.9,cliff,10,0.5,0.0,0.5,2.8755893423754384
CHEMBL237_EC50,global,0.9,noncliff,181,0.1712707182320442,0.0,0.1712707182320442,2.8502991520054497
CHEMBL237_EC50,global,0.9,all,191,0.18848167539267016,0.0,0.18848167539267016,2.851623245742098
CHEMBL237_EC50,mondrian_wstd,0.5,cliff,46,0.17391304347826086,0.0,0.17391304347826086,3.094132446303803
CHEMBL237_EC50,mondrian_wstd,0.5,noncliff,921,0.06514657980456026,0.004343105320304018,0.06948968512486428,3.0640312118450477
CHEMBL237_EC50,mondrian_wstd,0.5,all,967,0.0703205791106515,0.004136504653567736,0.07445708376421924,3.06546312165384
CHEMBL237_EC50,mondrian_wstd,0.75,cliff,26,0.3076923076923077,0.0,0.3076923076923077,3.001028917984775
CHEMBL237_EC50,mondrian_wstd,0.75,noncliff,454,0.11894273127753303,0.0,0.11894273127753303,3.021766276819717
CHEMBL237_EC50,mondrian_wstd,0.75,all,480,0.12916666666666668,0.0,0.12916666666666668,3.0206430032161578
CHEMBL237_EC50,mondrian_wstd,0.9,cliff,10,0.6,0.0,0.6,2.7872894047277246
CHEMBL237_EC50,mondrian_wstd,0.9,noncliff,181,0.14917127071823205,0.0,0.14917127071823205,2.98572489554622
CHEMBL237_EC50,mondrian_wstd,0.9,all,191,0.17277486910994763,0.0,0.17277486910994763,2.97533560283321
CHEMBL237_EC50,mondrian_rfstd,0.5,cliff,46,0.2608695652173913,0.0,0.2608695652173913,2.744885225029189
CHEMBL237_EC50,mondrian_rfstd,0.5,noncliff,921,0.0738327904451683,0.002171552660152009,0.07600434310532031,3.0104040701812265
CHEMBL237_EC50,mondrian_rfstd,0.5,all,967,0.0827300930713547,0.002068252326783868,0.08479834539813857,2.997773390887542
CHEMBL237_EC50,mondrian_rfstd,0.75,cliff,26,0.38461538461538464,0.0,0.38461538461538464,2.6811355932055694
CHEMBL237_EC50,mondrian_rfstd,0.75,noncliff,454,0.13656387665198239,0.0,0.13656387665198239,2.9786659709628966
CHEMBL237_EC50,mondrian_rfstd,0.75,all,480,0.15,0.0,0.15,2.9625497421677083
CHEMBL237_EC50,mondrian_rfstd,0.9,cliff,10,0.6,0.0,0.6,2.5459954358757453
CHEMBL237_EC50,mondrian_rfstd,0.9,noncliff,181,0.1712707182320442,0.0,0.1712707182320442,2.8834706670176424
CHEMBL237_EC50,mondrian_rfstd,0.9,all,191,0.193717277486911,0.0,0.193717277486911,2.8658018067484328
CHEMBL237_EC50,mondrian_nb,0.5,cliff,46,0.17391304347826086,0.0,0.17391304347826086,3.093034137729709
CHEMBL237_EC50,mondrian_nb,0.5,noncliff,921,0.07166123778501629,0.0054288816503800215,0.07709011943539631,2.9966877743634632
CHEMBL237_EC50,mondrian_nb,0.5,all,967,0.07652533609100311,0.005170630816959669,0.08169596690796277,3.0012709519382796
CHEMBL237_EC50,mondrian_nb,0.75,cliff,26,0.3076923076923077,0.0,0.3076923076923077,3.027205780813342
CHEMBL237_EC50,mondrian_nb,0.75,noncliff,454,0.1277533039647577,0.0,0.1277533039647577,2.9531807425888945
CHEMBL237_EC50,mondrian_nb,0.75,all,480,0.1375,0.0,0.1375,2.957190432159386
CHEMBL237_EC50,mondrian_nb,0.9,cliff,10,0.6,0.0,0.6,2.9842595145842528
CHEMBL237_EC50,mondrian_nb,0.9,noncliff,181,0.18232044198895028,0.0,0.18232044198895028,2.8979165499567494
CHEMBL237_EC50,mondrian_nb,0.9,all,191,0.20418848167539266,0.0,0.20418848167539266,2.902437124021017
CHEMBL237_Ki,global,0.5,cliff,153,0.1895424836601307,0.0718954248366013,0.26143790849673204,2.4232166347988233
CHEMBL237_Ki,global,0.5,noncliff,2449,0.08534095549203756,0.018783176806859942,0.10412413229889751,2.4321348931413125
CHEMBL237_Ki,global,0.5,all,2602,0.09146810146041506,0.021906225980015372,0.11337432744043044,2.4316104913248626
CHEMBL237_Ki,global,0.75,cliff,85,0.25882352941176473,0.0,0.25882352941176473,2.421082978748646
CHEMBL237_Ki,global,0.75,noncliff,1215,0.13333333333333333,0.0024691358024691358,0.13580246913580246,2.4322114175339307
CHEMBL237_Ki,global,0.75,all,1300,0.14153846153846153,0.002307692307692308,0.14384615384615385,2.431483788844124
CHEMBL237_Ki,global,0.9,cliff,38,0.39473684210526316,0.0,0.39473684210526316,2.4270581757553082
CHEMBL237_Ki,global,0.9,noncliff,483,0.18012422360248448,0.0,0.18012422360248448,2.428299900404638
CHEMBL237_Ki,global,0.9,all,521,0.19577735124760076,0.0,0.19577735124760076,2.428209333155743
CHEMBL237_Ki,mondrian_wstd,0.5,cliff,153,0.17647058823529413,0.0784313725490196,0.2549019607843137,2.522670574014746
CHEMBL237_Ki,mondrian_wstd,0.5,noncliff,2449,0.08860759493670886,0.01796651694569212,0.10657411188240098,2.467115907615822
CHEMBL237_Ki,mondrian_wstd,0.5,all,2602,0.09377401998462721,0.021521906225980016,0.11529592621060722,2.470382573241893
CHEMBL237_Ki,mondrian_wstd,0.75,cliff,85,0.24705882352941178,0.011764705882352941,0.25882352941176473,2.544574862088431
CHEMBL237_Ki,mondrian_wstd,0.75,noncliff,1215,0.1325102880658436,0.0049382716049382715,0.1374485596707819,2.488048050249724
CHEMBL237_Ki,mondrian_wstd,0.75,all,1300,0.14,0.005384615384615384,0.1453846153846154,2.4917440341007167
CHEMBL237_Ki,mondrian_wstd,0.9,cliff,38,0.34210526315789475,0.0,0.34210526315789475,2.611413113936183
CHEMBL237_Ki,mondrian_wstd,0.9,noncliff,483,0.17391304347826086,0.0,0.17391304347826086,2.5113971799216452
CHEMBL237_Ki,mondrian_wstd,0.9,all,521,0.18618042226487524,0.0,0.18618042226487524,2.5186920081223216
CHEMBL237_Ki,mondrian_rfstd,0.5,cliff,153,0.13725490196078433,0.08496732026143791,0.2222222222222222,2.5646448845193435
CHEMBL237_Ki,mondrian_rfstd,0.5,noncliff,2449,0.07921600653327888,0.0208248264597795,0.1000408329930584,2.4763672598394533
CHEMBL237_Ki,mondrian_rfstd,0.5,all,2602,0.08262874711760185,0.024596464258262875,0.10722521137586472,2.481558065595035
CHEMBL237_Ki,mondrian_rfstd,0.75,cliff,85,0.18823529411764706,0.023529411764705882,0.21176470588235294,2.590710103065076
CHEMBL237_Ki,mondrian_rfstd,0.75,noncliff,1215,0.11275720164609053,0.00905349794238683,0.12181069958847737,2.497655157649557
CHEMBL237_Ki,mondrian_rfstd,0.75,all,1300,0.1176923076923077,0.01,0.1276923076923077,2.503739519465187
CHEMBL237_Ki,mondrian_rfstd,0.9,cliff,38,0.2894736842105263,0.0,0.2894736842105263,2.5398648320643806
CHEMBL237_Ki,mondrian_rfstd,0.9,noncliff,483,0.15113871635610765,0.0,0.15113871635610765,2.471379421699217
CHEMBL237_Ki,mondrian_rfstd,0.9,all,521,0.16122840690978887,0.0,0.16122840690978887,2.476374518808384
CHEMBL237_Ki,mondrian_nb,0.5,cliff,153,0.20261437908496732,0.0784313725490196,0.28104575163398693,2.3598653432847954
CHEMBL237_Ki,mondrian_nb,0.5,noncliff,2449,0.08084932625561454,0.024091465904450795,0.10494079216006533,2.4324539599018213
CHEMBL237_Ki,mondrian_nb,0.5,all,2602,0.08800922367409685,0.027286702536510377,0.11529592621060722,2.4281856822913657
CHEMBL237_Ki,mondrian_nb,0.75,cliff,85,0.29411764705882354,0.011764705882352941,0.3058823529411765,2.322484836517346
CHEMBL237_Ki,mondrian_nb,0.75,noncliff,1215,0.12674897119341563,0.006584362139917695,0.13333333333333333,2.4252145686566076
CHEMBL237_Ki,mondrian_nb,0.75,all,1300,0.1376923076923077,0.006923076923076923,0.14461538461538462,2.418497624632117
CHEMBL237_Ki,mondrian_nb,0.9,cliff,38,0.5,0.0,0.5,2.3255050157833033
CHEMBL237_Ki,mondrian_nb,0.9,noncliff,483,0.17805383022774326,0.0,0.17805383022774326,2.4113130100778544
CHEMBL237_Ki,mondrian_nb,0.9,all,521,0.20153550863723607,0.0,0.20153550863723607,2.4050544615496534
CHEMBL239_EC50,global,0.5,cliff,148,0.22297297297297297,0.07432432432432433,0.2972972972972973,2.38209913838471
CHEMBL239_EC50,global,0.5,noncliff,1578,0.09062103929024082,0.0038022813688212928,0.0944233206590621,2.379066452393283
CHEMBL239_EC50,global,0.5,all,1726,0.10196987253765932,0.009849362688296639,0.11181923522595597,2.3793264973102772
CHEMBL239_EC50,global,0.75,cliff,82,0.3902439024390244,0.024390243902439025,0.4146341463414634,2.3767190212660334
CHEMBL239_EC50,global,0.75,noncliff,783,0.1685823754789272,0.001277139208173691,0.1698595146871009,2.3779112159776474
CHEMBL239_EC50,global,0.75,all,865,0.18959537572254334,0.003468208092485549,0.1930635838150289,2.3777981986755066
CHEMBL239_EC50,global,0.9,cliff,44,0.5454545454545454,0.0,0.5454545454545454,2.389916403712813
CHEMBL239_EC50,global,0.9,noncliff,308,0.3116883116883117,0.0,0.3116883116883117,2.374862919842414
CHEMBL239_EC50,global,0.9,all,352,0.3409090909090909,0.0,0.3409090909090909,2.376744605326214
CHEMBL239_EC50,mondrian_wstd,0.5,cliff,148,0.1891891891891892,0.0472972972972973,0.23648648648648649,2.7563483185325257
CHEMBL239_EC50,mondrian_wstd,0.5,noncliff,1578,0.0741444866920152,0.0038022813688212928,0.0779467680608365,2.5538429141551475
CHEMBL239_EC50,mondrian_wstd,0.5,all,1726,0.08400926998841252,0.007531865585168019,0.09154113557358054,2.5712072246116087
CHEMBL239_EC50,mondrian_wstd,0.75,cliff,82,0.32926829268292684,0.012195121951219513,0.34146341463414637,2.729590814643088
CHEMBL239_EC50,mondrian_wstd,0.75,noncliff,783,0.13282247765006386,0.001277139208173691,0.13409961685823754,2.6570426297784686
CHEMBL239_EC50,mondrian_wstd,0.75,all,865,0.15144508670520232,0.0023121387283236996,0.15375722543352602,2.6639200299621666
CHEMBL239_EC50,mondrian_wstd,0.9,cliff,44,0.5,0.0,0.5,2.7293064758073093
CHEMBL239_EC50,mondrian_wstd,0.9,noncliff,308,0.2435064935064935,0.0,0.2435064935064935,2.6836027797928605
CHEMBL239_EC50,mondrian_wstd,0.9,all,352,0.2755681818181818,0.0,0.2755681818181818,2.6893157417946667
CHEMBL239_EC50,mondrian_rfstd,0.5,cliff,148,0.25675675675675674,0.06756756756756757,0.32432432432432434,2.442292001884247
CHEMBL239_EC50,mondrian_rfstd,0.5,noncliff,1578,0.08935361216730038,0.0063371356147021544,0.09569074778200254,2.3329792985929534
CHEMBL239_EC50,mondrian_rfstd,0.5,all,1726,0.1037079953650058,0.011587485515643106,0.11529548088064889,2.3423525779018246
CHEMBL239_EC50,mondrian_rfstd,0.75,cliff,82,0.4024390243902439,0.012195121951219513,0.4146341463414634,2.493510333029085
CHEMBL239_EC50,mondrian_rfstd,0.75,noncliff,783,0.16091954022988506,0.001277139208173691,0.16219667943805874,2.3822790798506617
CHEMBL239_EC50,mondrian_rfstd,0.75,all,865,0.1838150289017341,0.0023121387283236996,0.1861271676300578,2.392823545469888
CHEMBL239_EC50,mondrian_rfstd,0.9,cliff,44,0.5454545454545454,0.0,0.5454545454545454,2.542917098078813
CHEMBL239_EC50,mondrian_rfstd,0.9,noncliff,308,0.29545454545454547,0.0,0.29545454545454547,2.3791930490454183
CHEMBL239_EC50,mondrian_rfstd,0.9,all,352,0.32670454545454547,0.0,0.32670454545454547,2.3996585551745926
CHEMBL239_EC50,mondrian_nb,0.5,cliff,148,0.21621621621621623,0.06756756756756757,0.28378378378378377,2.404968670110724
CHEMBL239_EC50,mondrian_nb,0.5,noncliff,1578,0.07984790874524715,0.0063371356147021544,0.08618504435994931,2.4727172416530716
CHEMBL239_EC50,mondrian_nb,0.5,all,1726,0.09154113557358054,0.011587485515643106,0.10312862108922363,2.4669079782763235
CHEMBL239_EC50,mondrian_nb,0.75,cliff,82,0.36585365853658536,0.024390243902439025,0.3902439024390244,2.4250233031192265
CHEMBL239_EC50,mondrian_nb,0.75,noncliff,783,0.14942528735632185,0.001277139208173691,0.15070242656449553,2.470366597699386
CHEMBL239_EC50,mondrian_nb,0.75,all,865,0.1699421965317919,0.003468208092485549,0.17341040462427745,2.466068158213174
CHEMBL239_EC50,mondrian_nb,0.9,cliff,44,0.5227272727272727,0.0,0.5227272727272727,2.4240892234357982
CHEMBL239_EC50,mondrian_nb,0.9,noncliff,308,0.288961038961039,0.0,0.288961038961039,2.4669403616557295
CHEMBL239_EC50,mondrian_nb,0.9,all,352,0.3181818181818182,0.0,0.3181818181818182,2.4615839693782378
CHEMBL244_Ki,global,0.5,cliff,144,0.24305555555555555,0.034722222222222224,0.2777777777777778,2.603520434377647
CHEMBL244_Ki,global,0.5,noncliff,2964,0.07051282051282051,0.012145748987854251,0.08265856950067477,2.597047453037773
CHEMBL244_Ki,global,0.5,all,3108,0.07850707850707851,0.013191763191763193,0.0916988416988417,2.5973473595091185
CHEMBL244_Ki,global,0.75,cliff,59,0.2711864406779661,0.0,0.2711864406779661,2.620469073247847
CHEMBL244_Ki,global,0.75,noncliff,1513,0.0898876404494382,0.0026437541308658294,0.09253139458030403,2.595126144479174
CHEMBL244_Ki,global,0.75,all,1572,0.09669211195928754,0.002544529262086514,0.09923664122137404,2.596077310380797
CHEMBL244_Ki,global,0.9,cliff,30,0.4,0.0,0.4,2.6219469927978745
CHEMBL244_Ki,global,0.9,noncliff,591,0.116751269035533,0.0,0.116751269035533,2.5995960259076254
CHEMBL244_Ki,global,0.9,all,621,0.13043478260869565,0.0,0.13043478260869565,2.600675782762227
CHEMBL244_Ki,mondrian_wstd,0.5,cliff,144,0.2013888888888889,0.0625,0.2638888888888889,2.8988776522407798
CHEMBL244_Ki,mondrian_wstd,0.5,noncliff,2964,0.06612685560053981,0.014507422402159244,0.08063427800269905,2.636586250576362
CHEMBL244_Ki,mondrian_wstd,0.5,all,3108,0.07239382239382239,0.01673101673101673,0.08912483912483912,2.6487387479507754
CHEMBL244_Ki,mondrian_wstd,0.75,cliff,59,0.2033898305084746,0.0,0.2033898305084746,3.0528201108652007
CHEMBL244_Ki,mondrian_wstd,0.75,noncliff,1513,0.08261731658955718,0.0013218770654329147,0.08393919365499009,2.5776654134851724
CHEMBL244_Ki,mondrian_wstd,0.75,all,1572,0.0871501272264631,0.001272264631043257,0.08842239185750636,2.595498827699817
CHEMBL244_Ki,mondrian_wstd,0.9,cliff,30,0.3333333333333333,0.0,0.3333333333333333,2.9892480783600153
CHEMBL244_Ki,mondrian_wstd,0.9,noncliff,591,0.11336717428087986,0.0,0.11336717428087986,2.507329638712608
CHEMBL244_Ki,mondrian_wstd,0.9,all,621,0.12399355877616747,0.0,0.12399355877616747,2.5306107227535453
CHEMBL244_Ki,mondrian_rfstd,0.5,cliff,144,0.2638888888888889,0.06944444444444445,0.3333333333333333,2.555285219192978
CHEMBL244_Ki,mondrian_rfstd,0.5,noncliff,2964,0.06174089068825911,0.022267206477732792,0.0840080971659919,2.456713251908652
CHEMBL244_Ki,mondrian_rfstd,0.5,all,3108,0.07110682110682111,0.02445302445302445,0.09555984555984556,2.4612802928639104
CHEMBL244_Ki,mondrian_rfstd,0.75,cliff,59,0.2542372881355932,0.01694915254237288,0.2711864406779661,2.6661589662899945
CHEMBL244_Ki,mondrian_rfstd,0.75,noncliff,1513,0.07534699272967614,0.007931262392597489,0.08327825512227363,2.3345714578608217
CHEMBL244_Ki,mondrian_rfstd,0.75,all,1572,0.08206106870229007,0.00826972010178117,0.09033078880407125,2.347016536103393
CHEMBL244_Ki,mondrian_rfstd,0.9,cliff,30,0.4,0.0,0.4,2.5862836520762498
CHEMBL244_Ki,mondrian_rfstd,0.9,noncliff,591,0.1116751269035533,0.0,0.1116751269035533,2.2769593158458665
CHEMBL244_Ki,mondrian_rfstd,0.9,all,621,0.12560386473429952,0.0,0.12560386473429952,2.291902520494677
CHEMBL244_Ki,mondrian_nb,0.5,cliff,144,0.2847222222222222,0.041666666666666664,0.3263888888888889,2.558651484260748
CHEMBL244_Ki,mondrian_nb,0.5,noncliff,2964,0.06174089068825911,0.013157894736842105,0.07489878542510121,2.6665870793205286
CHEMBL244_Ki,mondrian_nb,0.5,all,3108,0.07207207207207207,0.01447876447876448,0.08655083655083655,2.661586202329342
CHEMBL244_Ki,mondrian_nb,0.75,cliff,59,0.3050847457627119,0.0,0.3050847457627119,2.581264288942143
CHEMBL244_Ki,mondrian_nb,0.75,noncliff,1513,0.07666886979510905,0.003304692663582287,0.07997356245869135,2.636769006579835
CHEMBL244_Ki,mondrian_nb,0.75,all,1572,0.08524173027989822,0.0031806615776081423,0.08842239185750636,2.6346858142511937
CHEMBL244_Ki,mondrian_nb,0.9,cliff,30,0.4,0.0,0.4,2.5737679222495236
CHEMBL244_Ki,mondrian_nb,0.9,noncliff,591,0.10998307952622674,0.0,0.10998307952622674,2.6126766269817825
CHEMBL244_Ki,mondrian_nb,0.9,all,621,0.12399355877616747,0.0,0.12399355877616747,2.6107969794101757
CHEMBL264_Ki,global,0.5,cliff,79,0.12658227848101267,0.0,0.12658227848101267,2.2930061026239015
CHEMBL264_Ki,global,0.5,noncliff,2833,0.06494881750794211,0.0031768443346276033,0.06812566184256971,2.271263714772692
CHEMBL264_Ki,global,0.5,all,2912,0.06662087912087912,0.0030906593406593405,0.06971153846153846,2.271853566640908
CHEMBL264_Ki,global,0.75,cliff,38,0.18421052631578946,0.0,0.18421052631578946,2.2980274724510714
CHEMBL264_Ki,global,0.75,noncliff,1395,0.09175627240143369,0.0,0.09175627240143369,2.272331712398778
CHEMBL264_Ki,global,0.75,all,1433,0.0942079553384508,0.0,0.0942079553384508,2.273013107292
CHEMBL264_Ki,global,0.9,cliff,5,0.2,0.0,0.2,2.229329206196385
CHEMBL264_Ki,global,0.9,noncliff,573,0.1099476439790576,0.0,0.1099476439790576,2.2742095893809244
CHEMBL264_Ki,global,0.9,all,578,0.11072664359861592,0.0,0.11072664359861592,2.273821350772061
CHEMBL264_Ki,mondrian_wstd,0.5,cliff,79,0.1518987341772152,0.0379746835443038,0.189873417721519,2.4255930698492816
CHEMBL264_Ki,mondrian_wstd,0.5,noncliff,2833,0.06918460995411224,0.004941757853865161,0.0741263678079774,2.23386918014209
CHEMBL264_Ki,mondrian_wstd,0.5,all,2912,0.07142857142857142,0.005837912087912088,0.07726648351648352,2.239070480721372
CHEMBL264_Ki,mondrian_wstd,0.75,cliff,38,0.15789473684210525,0.0,0.15789473684210525,2.4325060164200085
CHEMBL264_Ki,mondrian_wstd,0.75,noncliff,1395,0.1010752688172043,0.0,0.1010752688172043,2.2386738078119355
CHEMBL264_Ki,mondrian_wstd,0.75,all,1433,0.10258199581297976,0.0,0.10258199581297976,2.2438138105524144
CHEMBL264_Ki,mondrian_wstd,0.9,cliff,5,0.2,0.0,0.2,2.5326131053387613
CHEMBL264_Ki,mondrian_wstd,0.9,noncliff,573,0.10645724258289703,0.0,0.10645724258289703,2.227752506290348
CHEMBL264_Ki,mondrian_wstd,0.9,all,578,0.10726643598615918,0.0,0.10726643598615918,2.2303897087042617
CHEMBL264_Ki,mondrian_rfstd,0.5,cliff,79,0.21518987341772153,0.06329113924050633,0.27848101265822783,2.2021924388759038
CHEMBL264_Ki,mondrian_rfstd,0.5,noncliff,2833,0.06953759265795977,0.010589481115425344,0.0801270737733851,2.0349763468400694
CHEMBL264_Ki,mondrian_rfstd,0.5,all,2912,0.07348901098901099,0.01201923076923077,0.08550824175824176,2.0395127724138438
CHEMBL264_Ki,mondrian_rfstd,0.75,cliff,38,0.3157894736842105,0.0,0.3157894736842105,2.088735940082786
CHEMBL264_Ki,mondrian_rfstd,0.75,noncliff,1395,0.0982078853046595,0.0007168458781362007,0.0989247311827957,2.0354133976378934
CHEMBL264_Ki,mondrian_rfstd,0.75,all,1433,0.10397766922540126,0.0006978367062107466,0.104675505931612,2.0368273938785815
CHEMBL264_Ki,mondrian_rfstd,0.9,cliff,5,0.2,0.0,0.2,2.042548891423794
CHEMBL264_Ki,mondrian_rfstd,0.9,noncliff,573,0.1431064572425829,0.0,0.1431064572425829,1.911790094217193
CHEMBL264_Ki,mondrian_rfstd,0.9,all,578,0.14359861591695502,0.0,0.14359861591695502,1.9129212256809176
CHEMBL264_Ki,mondrian_nb,0.5,cliff,79,0.24050632911392406,0.05063291139240506,0.2911392405063291,2.093269745015574
CHEMBL264_Ki,mondrian_nb,0.5,noncliff,2833,0.06530180021178962,0.0056477232615601836,0.0709495234733498,2.1553529143903294
CHEMBL264_Ki,mondrian_nb,0.5,all,2912,0.07005494505494506,0.006868131868131868,0.07692307692307693,2.153668652583803
CHEMBL264_Ki,mondrian_nb,0.75,cliff,38,0.39473684210526316,0.0,0.39473684210526316,2.0634959813435914
CHEMBL264_Ki,mondrian_nb,0.75,noncliff,1395,0.0989247311827957,0.0,0.0989247311827957,2.1333562193618394
CHEMBL264_Ki,mondrian_nb,0.75,all,1433,0.10676901605024425,0.0,0.10676901605024425,2.1315036799028766
CHEMBL264_Ki,mondrian_nb,0.9,cliff,5,0.4,0.0,0.4,1.9565945154065083
CHEMBL264_Ki,mondrian_nb,0.9,noncliff,573,0.14659685863874344,0.0,0.14659685863874344,2.029626963193096
CHEMBL264_Ki,mondrian_nb,0.9,all,578,0.14878892733564014,0.0,0.14878892733564014,2.0289951946136267
CHEMBL287_Ki,global,0.5,cliff,31,0.16129032258064516,0.0,0.16129032258064516,2.5044853721524176
CHEMBL287_Ki,global,0.5,noncliff,1294,0.08346213292117466,0.0015455950540958269,0.08500772797527048,2.4670184334747343
CHEMBL287_Ki,global,0.5,all,1325,0.08528301886792453,0.0015094339622641509,0.08679245283018867,2.467895018455118
CHEMBL287_Ki,global,0.75,cliff,19,0.2631578947368421,0.0,0.2631578947368421,2.496074375291666
CHEMBL287_Ki,global,0.75,noncliff,645,0.15038759689922482,0.0,0.15038759689922482,2.4753959751311925
CHEMBL287_Ki,global,0.75,all,664,0.1536144578313253,0.0,0.1536144578313253,2.4759876763406035
CHEMBL287_Ki,global,0.9,cliff,11,0.45454545454545453,0.0,0.45454545454545453,2.4817841394904443
CHEMBL287_Ki,global,0.9,noncliff,255,0.25098039215686274,0.0,0.25098039215686274,2.487811369784313
CHEMBL287_Ki,global,0.9,all,266,0.2593984962406015,0.0,0.2593984962406015,2.487562123418777
CHEMBL287_Ki,mondrian_wstd,0.5,cliff,31,0.06451612903225806,0.03225806451612903,0.0967741935483871,2.5623801170831637
CHEMBL287_Ki,mondrian_wstd,0.5,noncliff,1294,0.07109737248840804,0.0,0.07109737248840804,2.565125379019101
CHEMBL287_Ki,mondrian_wstd,0.5,all,1325,0.0709433962264151,0.0007547169811320754,0.07169811320754717,2.5650611502492793
CHEMBL287_Ki,mondrian_wstd,0.75,cliff,19,0.10526315789473684,0.0,0.10526315789473684,2.6149698211662638
CHEMBL287_Ki,mondrian_wstd,0.75,noncliff,645,0.12713178294573643,0.0,0.12713178294573643,2.613621008074332
CHEMBL287_Ki,mondrian_wstd,0.75,all,664,0.12650602409638553,0.0,0.12650602409638553,2.6136596036296735
CHEMBL287_Ki,mondrian_wstd,0.9,cliff,11,0.18181818181818182,0.0,0.18181818181818182,2.562510880560204
CHEMBL287_Ki,mondrian_wstd,0.9,noncliff,255,0.22745098039215686,0.0,0.22745098039215686,2.669629562187609
CHEMBL287_Ki,mondrian_wstd,0.9,all,266,0.22556390977443608,0.0,0.22556390977443608,2.6651998422706855
CHEMBL287_Ki,mondrian_rfstd,0.5,cliff,31,0.12903225806451613,0.12903225806451613,0.25806451612903225,2.5390365088798186
CHEMBL287_Ki,mondrian_rfstd,0.5,noncliff,1294,0.0687789799072643,0.0038639876352395673,0.07264296754250386,2.3930700566848215
CHEMBL287_Ki,mondrian_rfstd,0.5,all,1325,0.07018867924528302,0.006792452830188679,0.07698113207547169,2.396485120849384
CHEMBL287_Ki,mondrian_rfstd,0.75,cliff,19,0.21052631578947367,0.0,0.21052631578947367,2.635812618436904
CHEMBL287_Ki,mondrian_rfstd,0.75,noncliff,645,0.12093023255813953,0.0015503875968992248,0.12248062015503876,2.4476717171434568
CHEMBL287_Ki,mondrian_rfstd,0.75,all,664,0.12349397590361445,0.0015060240963855422,0.125,2.4530552670298653
CHEMBL287_Ki,mondrian_rfstd,0.9,cliff,11,0.36363636363636365,0.0,0.36363636363636365,2.715374124594044
CHEMBL287_Ki,mondrian_rfstd,0.9,noncliff,255,0.2235294117647059,0.0,0.2235294117647059,2.5151636366003363
CHEMBL287_Ki,mondrian_rfstd,0.9,all,266,0.22932330827067668,0.0,0.22932330827067668,2.5234430176827822
CHEMBL287_Ki,mondrian_nb,0.5,cliff,31,0.22580645161290322,0.0,0.22580645161290322,2.332975566255004
CHEMBL287_Ki,mondrian_nb,0.5,noncliff,1294,0.07187017001545595,0.00231839258114374,0.07418856259659969,2.4497583281563386
CHEMBL287_Ki,mondrian_nb,0.5,all,1325,0.07547169811320754,0.0022641509433962265,0.07773584905660377,2.4470260522175153
CHEMBL287_Ki,mondrian_nb,0.75,cliff,19,0.3157894736842105,0.0,0.3157894736842105,2.339678800066354
CHEMBL287_Ki,mondrian_nb,0.75,noncliff,645,0.13178294573643412,0.0,0.13178294573643412,2.469261524503489
CHEMBL287_Ki,mondrian_nb,0.75,all,664,0.13704819277108435,0.0,0.13704819277108435,2.465553585099414
CHEMBL287_Ki,mondrian_nb,0.9,cliff,11,0.45454545454545453,0.0,0.45454545454545453,2.3904120767344157
CHEMBL287_Ki,mondrian_nb,0.9,noncliff,255,0.22745098039215686,0.0,0.22745098039215686,2.548831787256463
CHEMBL287_Ki,mondrian_nb,0.9,all,266,0.23684210526315788,0.0,0.23684210526315788,2.5422805962198365
CHEMBL3979_EC50,global,0.5,cliff,51,0.1568627450980392,0.0,0.1568627450980392,2.271231700545649
CHEMBL3979_EC50,global,0.5,noncliff,1075,0.09488372093023256,0.0027906976744186047,0.09767441860465116,2.2599022508622366
CHEMBL3979_EC50,global,0.5,all,1126,0.09769094138543517,0.0026642984014209592,0.10035523978685613,2.260415396451805
CHEMBL3979_EC50,global,0.75,cliff,25,0.28,0.0,0.28,2.28230068935015
CHEMBL3979_EC50,global,0.75,noncliff,545,0.13211009174311927,0.0,0.13211009174311927,2.2629776047380257
CHEMBL3979_EC50,global,0.75,all,570,0.13859649122807016,0.0,0.13859649122807016,2.263825108449084
CHEMBL3979_EC50,global,0.9,cliff,7,0.2857142857142857,0.0,0.2857142857142857,2.271341733128904
CHEMBL3979_EC50,global,0.9,noncliff,227,0.15859030837004406,0.0,0.15859030837004406,2.2555407856692264
CHEMBL3979_EC50,global,0.9,all,234,0.1623931623931624,0.0,0.1623931623931624,2.256013463584688
CHEMBL3979_EC50,mondrian_wstd,0.5,cliff,51,0.13725490196078433,0.0,0.13725490196078433,2.46852099870182
CHEMBL3979_EC50,mondrian_wstd,0.5,noncliff,1075,0.09953488372093024,0.0037209302325581397,0.10325581395348837,2.25927269442799
CHEMBL3979_EC50,mondrian_wstd,0.5,all,1126,0.10124333925399645,0.003552397868561279,0.10479573712255773,2.2687501931117953
CHEMBL3979_EC50,mondrian_wstd,0.75,cliff,25,0.24,0.0,0.24,2.4486616998519777
CHEMBL3979_EC50,mondrian_wstd,0.75,noncliff,545,0.13577981651376148,0.0,0.13577981651376148,2.2542579068032826
CHEMBL3979_EC50,mondrian_wstd,0.75,all,570,0.14035087719298245,0.0,0.14035087719298245,2.262784388954541
CHEMBL3979_EC50,mondrian_wstd,0.9,cliff,7,0.2857142857142857,0.0,0.2857142857142857,2.2840129529812723
CHEMBL3979_EC50,mondrian_wstd,0.9,noncliff,227,0.1762114537444934,0.0,0.1762114537444934,2.2119551593708797
CHEMBL3979_EC50,mondrian_wstd,0.9,all,234,0.1794871794871795,0.0,0.1794871794871795,2.214110734393413
CHEMBL3979_EC50,mondrian_rfstd,0.5,cliff,51,0.19607843137254902,0.0196078431372549,0.21568627450980393,2.26255419101331
CHEMBL3979_EC50,mondrian_rfstd,0.5,noncliff,1075,0.08558139534883721,0.008372093023255815,0.09395348837209302,2.2963546589883888
CHEMBL3979_EC50,mondrian_rfstd,0.5,all,1126,0.0905861456483126,0.008880994671403197,0.0994671403197158,2.2948237319309026
CHEMBL3979_EC50,mondrian_rfstd,0.75,cliff,25,0.32,0.0,0.32,2.3012759176744844
CHEMBL3979_EC50,mondrian_rfstd,0.75,noncliff,545,0.11926605504587157,0.0,0.11926605504587157,2.2777853586531243
CHEMBL3979_EC50,mondrian_rfstd,0.75,all,570,0.1280701754385965,0.0,0.1280701754385965,2.2788156463295
CHEMBL3979_EC50,mondrian_rfstd,0.9,cliff,7,0.42857142857142855,0.0,0.42857142857142855,2.098147596167121
CHEMBL3979_EC50,mondrian_rfstd,0.9,noncliff,227,0.16740088105726872,0.0,0.16740088105726872,2.2617347675564408
CHEMBL3979_EC50,mondrian_rfstd,0.9,all,234,0.1752136752136752,0.0,0.1752136752136752,2.2568411342242816
CHEMBL3979_EC50,mondrian_nb,0.5,cliff,51,0.17647058823529413,0.0196078431372549,0.19607843137254902,2.2892773080716595
CHEMBL3979_EC50,mondrian_nb,0.5,noncliff,1075,0.09023255813953489,0.0037209302325581397,0.09395348837209302,2.313059548908976
CHEMBL3979_EC50,mondrian_nb,0.5,all,1126,0.0941385435168739,0.004440497335701598,0.09857904085257549,2.3119823781428095
CHEMBL3979_EC50,mondrian_nb,0.75,cliff,25,0.32,0.0,0.32,2.3165808376491865
CHEMBL3979_EC50,mondrian_nb,0.75,noncliff,545,0.13027522935779817,0.0,0.13027522935779817,2.310398277784209
CHEMBL3979_EC50,mondrian_nb,0.75,all,570,0.13859649122807016,0.0,0.13859649122807016,2.310669442690567
CHEMBL3979_EC50,mondrian_nb,0.9,cliff,7,0.2857142857142857,0.0,0.2857142857142857,2.2900996511196587
CHEMBL3979_EC50,mondrian_nb,0.9,noncliff,227,0.17180616740088106,0.0,0.17180616740088106,2.3138690941844144
CHEMBL3979_EC50,mondrian_nb,0.9,all,234,0.1752136752136752,0.0,0.1752136752136752,2.313158042468802
