dataset,split,seed,method,n_test,n_cliffB,n_cliffA,cov_all,cov_cliffB,cov_noncliffB,gapB_pp,cov_cliffA,cov_noncliffA,gapA_pp,width_all,width_cliffA,width_noncliffA
CHEMBL204_Ki,random,6021738,global,551,25,56,0.9038112522686026,0.72,0.9125475285171103,19.254752851711032,0.8392857142857143,0.9111111111111111,7.182539682539679,2.726144378321596,2.726144378321596,2.7261443783215955
CHEMBL204_Ki,random,6021738,mondrian_wstd,551,25,56,0.9056261343012704,0.76,0.9125475285171103,15.254752851711029,0.8571428571428571,0.9111111111111111,5.3968253968254,2.6680053099021785,2.930400753163233,2.638320168846383
CHEMBL204_Ki,random,6021738,mondrian_nb,551,25,56,0.9074410163339383,0.72,0.9163498098859315,19.634980988593153,0.8392857142857143,0.9151515151515152,7.586580086580086,2.71424094289093,2.5678342477108833,2.7308041245678645
CHEMBL204_Ki,random,6021738,mondrian_rfstd,551,25,56,0.9237749546279492,0.72,0.9334600760456274,21.346007604562743,0.8571428571428571,0.9313131313131313,7.4170274170274215,2.5833297582161183,2.5723807663199385,2.5845684320467974
CHEMBL204_Ki,random,98978916,global,551,21,42,0.8784029038112523,0.6666666666666666,0.8867924528301887,22.012578616352208,0.7619047619047619,0.888015717092338,12.611095518757608,2.5060022017891073,2.5060022017891064,2.5060022017891073
CHEMBL204_Ki,random,98978916,mondrian_wstd,551,21,42,0.8729582577132486,0.7619047619047619,0.8773584905660378,11.54537286612759,0.8095238095238095,0.8781925343811395,6.8668724857329995,2.463808257686023,2.6337886994871607,2.4497823666140235
CHEMBL204_Ki,random,98978916,mondrian_nb,551,21,42,0.8874773139745916,0.7142857142857143,0.8943396226415095,18.005390835579515,0.7857142857142857,0.8958742632612967,11.0159977547011,2.677041996470085,2.614974582712355,2.6821634726544166
CHEMBL204_Ki,random,98978916,mondrian_rfstd,551,21,42,0.8820326678765881,0.5714285714285714,0.8943396226415095,32.2911051212938,0.7142857142857143,0.8958742632612967,18.158854897558243,2.3733558380471944,2.419425688680827,2.3695543965410795
CHEMBL204_Ki,random,91819329,global,551,33,56,0.8838475499092558,0.6060606060606061,0.9015444015444015,29.548379548379543,0.7321428571428571,0.901010101010101,16.886724386724396,2.5953379640983703,2.59533796409837,2.59533796409837
CHEMBL204_Ki,random,91819329,mondrian_wstd,551,33,56,0.8929219600725953,0.6060606060606061,0.9111969111969112,30.513630513630506,0.7142857142857143,0.9131313131313131,19.884559884559884,2.5518187314328076,2.5224869495646893,2.555137074432029
CHEMBL204_Ki,random,91819329,mondrian_nb,551,33,56,0.8947368421052632,0.5757575757575758,0.915057915057915,33.93003393003392,0.7142857142857143,0.9151515151515152,20.086580086580085,2.751513790487874,2.7767150659528417,2.7486627371019385
CHEMBL204_Ki,random,91819329,mondrian_rfstd,551,33,56,0.8929219600725953,0.5757575757575758,0.9131274131274131,33.73698373698373,0.6964285714285714,0.9151515151515152,21.872294372294377,2.4792852019780676,2.47327309716975,2.4799653592897153
CHEMBL214_Ki,random,6021738,global,664,26,47,0.9156626506024096,0.6923076923076923,0.9247648902821317,23.245719797443943,0.7659574468085106,0.9270664505672609,16.110900375875026,2.3420180181583863,2.3420180181583863,2.3420180181583863
CHEMBL214_Ki,random,6021738,mondrian_wstd,664,26,47,0.9081325301204819,0.6153846153846154,0.9200626959247649,30.467808054014945,0.7021276595744681,0.9238249594813615,22.169729990689333,2.3189447309097773,2.289430935078766,2.3211929455030638
CHEMBL214_Ki,random,6021738,mondrian_nb,664,26,47,0.8990963855421686,0.6538461538461539,0.9090909090909091,25.52447552447552,0.723404255319149,0.9124797406807131,18.907548536156416,2.2260144526893457,2.117265254887661,2.2342984272382584
CHEMBL214_Ki,random,6021738,mondrian_rfstd,664,26,47,0.9201807228915663,0.6153846153846154,0.932601880877743,31.721726549312756,0.6808510638297872,0.9384116693679092,25.756060553812198,2.187417256958178,2.1089968570242488,2.193390934100633
CHEMBL214_Ki,random,98978916,global,664,24,48,0.9051204819277109,0.5833333333333334,0.9171875,33.385416666666664,0.7291666666666666,0.9188311688311688,18.966450216450216,2.3273768982233136,2.3273768982233136,2.3273768982233136
CHEMBL214_Ki,random,98978916,mondrian_wstd,664,24,48,0.8975903614457831,0.5,0.9125,41.25,0.6041666666666666,0.9204545454545454,31.62878787878788,2.257558196098397,2.161403586415856,2.265050763086647
CHEMBL214_Ki,random,98978916,mondrian_nb,664,24,48,0.9126506024096386,0.5833333333333334,0.925,34.166666666666664,0.7083333333333334,0.9285714285714286,22.023809523809522,2.3616204119200903,2.2022793875817883,2.374036595634763
CHEMBL214_Ki,random,98978916,mondrian_rfstd,664,24,48,0.9051204819277109,0.5416666666666666,0.91875,37.708333333333336,0.7083333333333334,0.9204545454545454,21.212121212121204,2.214379319739257,2.226778452898611,2.2134131535190473
CHEMBL214_Ki,random,91819329,global,664,21,45,0.9036144578313253,0.6190476190476191,0.9129082426127527,29.386062356513364,0.7555555555555555,0.9143780290791599,15.882247352360434,2.2081257832217887,2.2081257832217887,2.2081257832217887
CHEMBL214_Ki,random,91819329,mondrian_wstd,664,21,45,0.9051204819277109,0.6666666666666666,0.9129082426127527,24.624157594608608,0.7777777777777778,0.9143780290791599,13.660025130138209,2.176073168279131,2.1259467565169885,2.1797172531406765
CHEMBL214_Ki,random,91819329,mondrian_nb,664,21,45,0.9171686746987951,0.6190476190476191,0.926905132192846,30.78575131452269,0.7555555555555555,0.9289176090468497,17.33620534912942,2.265552304880264,1.9586471955204217,2.2878636617804142
CHEMBL214_Ki,random,91819329,mondrian_rfstd,664,21,45,0.9216867469879518,0.7142857142857143,0.9284603421461898,21.417462786047547,0.7777777777777778,0.9321486268174475,15.43708490396697,2.1849828995347997,2.073359975163109,2.193097651710448
CHEMBL219_Ki,random,6021738,global,373,10,28,0.9249329758713136,1.0,0.9228650137741047,-7.7134986225895315,0.9642857142857143,0.9217391304347826,-4.254658385093169,2.4526953910943887,2.4526953910943896,2.4526953910943887
CHEMBL219_Ki,random,6021738,mondrian_wstd,373,10,28,0.9276139410187667,0.9,0.928374655647383,2.837465564738295,0.9285714285714286,0.927536231884058,-0.10351966873706209,2.6979280212956067,2.6144830481155874,2.7047003669449996
CHEMBL219_Ki,random,6021738,mondrian_nb,373,10,28,0.9276139410187667,1.0,0.9256198347107438,-7.438016528925617,0.9285714285714286,0.927536231884058,-0.10351966873706209,2.624323432410959,2.400738780972001,2.642469433107454
CHEMBL219_Ki,random,6021738,mondrian_rfstd,373,10,28,0.9302949061662198,0.7,0.9366391184573003,23.663911845730034,0.8214285714285714,0.9391304347826087,11.770186335403732,2.4013558735711062,2.1212022718431514,2.424092977479462
CHEMBL219_Ki,random,98978916,global,373,16,34,0.8793565683646113,0.875,0.8795518207282913,0.45518207282913004,0.9117647058823529,0.8761061946902655,-3.5658511192087405,2.333914137781248,2.333914137781248,2.333914137781248
CHEMBL219_Ki,random,98978916,mondrian_wstd,373,16,34,0.903485254691689,1.0,0.8991596638655462,-10.084033613445376,0.9705882352941176,0.8967551622418879,-7.383307305222974,2.467103153007365,2.695273425052966,2.444218818937894
CHEMBL219_Ki,random,98978916,mondrian_nb,373,16,34,0.900804289544236,0.875,0.9019607843137255,2.6960784313725505,0.8823529411764706,0.9026548672566371,2.0301926080166566,2.4649011893208104,2.2931516276718034,2.4821268090732183
CHEMBL219_Ki,random,98978916,mondrian_rfstd,373,16,34,0.8766756032171582,0.875,0.876750700280112,0.17507002801120386,0.8235294117647058,0.8820058997050148,5.84764879403089,2.344580076363181,2.252409611020864,2.3538243118252424
CHEMBL219_Ki,random,91819329,global,373,12,22,0.9115281501340483,0.5833333333333334,0.9224376731301939,33.91043397968605,0.7727272727272727,0.9202279202279202,14.750064750064752,2.2908043390164092,2.2908043390164097,2.2908043390164092
CHEMBL219_Ki,random,91819329,mondrian_wstd,373,12,22,0.9222520107238605,0.6666666666666666,0.9307479224376731,26.40812557710065,0.8181818181818182,0.9287749287749287,11.05931105931105,2.484573978311617,2.5937348053097766,2.4777319891550373
CHEMBL219_Ki,random,91819329,mondrian_nb,373,12,22,0.9302949061662198,0.6666666666666666,0.9390581717451524,27.239150507848574,0.8181818181818182,0.9373219373219374,11.914011914011912,2.530530055027693,2.3097131210284636,2.5443704326572743
CHEMBL219_Ki,random,91819329,mondrian_rfstd,373,12,22,0.9142091152815014,0.5833333333333334,0.925207756232687,34.18744228993537,0.7727272727272727,0.9230769230769231,15.034965034965042,2.324459626875372,2.194127620019923,2.332628584570016
CHEMBL228_Ki,random,6021738,global,341,7,13,0.9178885630498533,0.7142857142857143,0.9221556886227545,20.786997433704023,0.7692307692307693,0.9237804878048781,15.454971857410882,2.7423122524097696,2.7423122524097696,2.7423122524097696
CHEMBL228_Ki,random,6021738,mondrian_wstd,341,7,13,0.8885630498533724,0.7142857142857143,0.8922155688622755,17.79298545765612,0.6923076923076923,0.8963414634146342,20.403377110694187,2.4068747938053763,2.4217894913601725,2.4062836624998507
CHEMBL228_Ki,random,6021738,mondrian_nb,341,7,13,0.8944281524926686,0.5714285714285714,0.9011976047904192,32.97690333618478,0.6153846153846154,0.9054878048780488,29.01031894934334,2.5483244169418273,2.295893983702583,2.5583292816738705
CHEMBL228_Ki,random,6021738,mondrian_rfstd,341,7,13,0.9325513196480938,0.7142857142857143,0.937125748502994,22.28400342172797,0.6923076923076923,0.9420731707317073,24.976547842401498,2.6363760923328936,2.7134546094161225,2.633321151107034
CHEMBL228_Ki,random,98978916,global,341,6,17,0.9266862170087976,0.3333333333333333,0.9373134328358209,60.398009950248756,0.6470588235294118,0.941358024691358,29.42992011619462,2.7519715892181567,2.751971589218156,2.7519715892181567
CHEMBL228_Ki,random,98978916,mondrian_wstd,341,6,17,0.9442815249266863,0.3333333333333333,0.9552238805970149,62.189054726368155,0.6470588235294118,0.9598765432098766,31.281771968046478,2.879368275422476,2.756360149971229,2.8858224054615844
CHEMBL228_Ki,random,98978916,mondrian_nb,341,6,17,0.9296187683284457,0.3333333333333333,0.9402985074626866,60.696517412935336,0.5882352941176471,0.9475308641975309,35.92955700798838,2.643619219116666,2.16836847124636,2.6685552151468985
CHEMBL228_Ki,random,98978916,mondrian_rfstd,341,6,17,0.9354838709677419,0.5,0.9432835820895522,44.32835820895522,0.6470588235294118,0.9506172839506173,30.35584604212055,2.649437062845315,2.6669365827192038,2.6485188781605737
CHEMBL228_Ki,random,91819329,global,341,10,20,0.8885630498533724,0.7,0.8942598187311178,19.425981873111787,0.7,0.9003115264797508,20.03115264797508,2.692955845389049,2.69295584538905,2.692955845389049
CHEMBL228_Ki,random,91819329,mondrian_wstd,341,10,20,0.9178885630498533,0.5,0.9305135951661632,43.051359516616316,0.65,0.9345794392523364,28.457943925233643,2.8201594940600194,2.620888782868465,2.832575114695007
CHEMBL228_Ki,random,91819329,mondrian_nb,341,10,20,0.9149560117302052,0.6,0.9244712990936556,32.44712990936556,0.75,0.9252336448598131,17.523364485981308,2.6943356735304276,2.5690627145497644,2.7021408423142694
CHEMBL228_Ki,random,91819329,mondrian_rfstd,341,10,20,0.9090909090909091,0.5,0.9214501510574018,42.14501510574018,0.7,0.9221183800623053,22.211838006230533,2.7933547328292896,2.6780410718392855,2.8005393846043676
CHEMBL233_Ki,random,6021738,global,629,25,51,0.8998410174880763,0.64,0.9105960264900662,27.05960264900662,0.7843137254901961,0.9100346020761245,12.572087658592846,2.407873879925587,2.407873879925587,2.407873879925587
CHEMBL233_Ki,random,6021738,mondrian_wstd,629,25,51,0.8998410174880763,0.64,0.9105960264900662,27.05960264900662,0.7843137254901961,0.9100346020761245,12.572087658592846,2.406537935556317,2.425447444025666,2.4048694495149037
CHEMBL233_Ki,random,6021738,mondrian_nb,629,25,51,0.9062003179650239,0.64,0.9172185430463576,27.721854304635762,0.7843137254901961,0.916955017301038,13.264129181084193,2.452656168438351,2.3516409882552645,2.4615692725721527
CHEMBL233_Ki,random,6021738,mondrian_rfstd,629,25,51,0.9093799682034976,0.64,0.9205298013245033,28.052980132450333,0.7843137254901961,0.9204152249134948,13.610149942329874,2.3924308308930944,2.3672834399923643,2.394649718325512
CHEMBL233_Ki,random,98978916,global,629,27,56,0.9141494435612083,0.7777777777777778,0.920265780730897,14.248800295311925,0.8214285714285714,0.9232111692844677,10.178259785589628,2.5843457055829817,2.584345705582981,2.5843457055829813
CHEMBL233_Ki,random,98978916,mondrian_wstd,629,27,56,0.9300476947535771,0.8148148148148148,0.9352159468438538,12.040113202903902,0.8571428571428571,0.93717277486911,8.00299177262529,2.6214669082885598,2.617173416818662,2.621886516529946
CHEMBL233_Ki,random,98978916,mondrian_nb,629,27,56,0.9141494435612083,0.6666666666666666,0.925249169435216,25.858250276854932,0.7857142857142857,0.9267015706806283,14.09872849663426,2.5616925460081412,2.486786108679055,2.5690132449443173
CHEMBL233_Ki,random,98978916,mondrian_rfstd,629,27,56,0.9077901430842608,0.5555555555555556,0.9235880398671097,36.80324843115541,0.6964285714285714,0.9284467713787086,23.201819995013718,2.4203753393908554,2.3624708263173297,2.426034419202579
CHEMBL233_Ki,random,91819329,global,629,19,53,0.9348171701112877,0.8947368421052632,0.9360655737704918,4.132873166522866,0.8867924528301887,0.9392361111111112,5.244365828092246,2.80318045957425,2.8031804595742513,2.80318045957425
CHEMBL233_Ki,random,91819329,mondrian_wstd,629,19,53,0.9205087440381559,0.8421052631578947,0.9229508196721311,8.084555651423642,0.8867924528301887,0.9236111111111112,3.6818658280922456,2.7087363209027515,2.87347608298221,2.69357797473919
CHEMBL233_Ki,random,91819329,mondrian_nb,629,19,53,0.9220985691573926,0.7368421052631579,0.9278688524590164,19.102674719585856,0.8113207547169812,0.9322916666666666,12.097091194968545,2.6334621514566057,2.4274121556061936,2.652421612880341
CHEMBL233_Ki,random,91819329,mondrian_rfstd,629,19,53,0.931637519872814,0.8947368421052632,0.9327868852459016,3.8050043140638423,0.8490566037735849,0.9392361111111112,9.017950733752622,2.558260194632409,2.5165650095629113,2.5620967307585953
CHEMBL234_Ki,random,6021738,global,732,23,46,0.9330601092896175,0.8260869565217391,0.9365303244005642,11.044336787882504,0.8913043478260869,0.9358600583090378,4.455571048295093,2.4201115188201174,2.4201115188201183,2.420111518820118
CHEMBL234_Ki,random,6021738,mondrian_wstd,732,23,46,0.9221311475409836,0.8260869565217391,0.92524682651622,9.91598699944809,0.8478260869565217,0.9271137026239067,7.928761566738496,2.2739714149997985,2.2851562549895363,2.27322141115209
CHEMBL234_Ki,random,6021738,mondrian_nb,732,23,46,0.9344262295081968,0.7391304347826086,0.9407616361071932,20.163120132458456,0.8260869565217391,0.9416909620991254,11.560400557738626,2.2894514647433533,2.0186215283162476,2.3076120727253455
CHEMBL234_Ki,random,6021738,mondrian_rfstd,732,23,46,0.930327868852459,0.6956521739130435,0.9379407616361072,24.22885877230637,0.7608695652173914,0.9416909620991254,18.082139688173406,2.201199923449293,2.3114618657705948,2.1938062655093806
CHEMBL234_Ki,random,98978916,global,732,31,52,0.8702185792349727,0.7096774193548387,0.8773181169757489,16.764069762091015,0.7884615384615384,0.8764705882352941,8.800904977375568,2.135769054346515,2.135769054346514,2.1357690543465147
CHEMBL234_Ki,random,98978916,mondrian_wstd,732,31,52,0.8797814207650273,0.6451612903225806,0.8901569186875892,24.499562836500854,0.7692307692307693,0.888235294117647,11.900452488687774,2.124851939073482,2.1269038581324464,2.1246950276160317
CHEMBL234_Ki,random,98978916,mondrian_nb,732,31,52,0.8866120218579235,0.6451612903225806,0.8972895863052782,25.21282959826976,0.7115384615384616,0.9,18.846153846153847,2.1942402503579523,1.9017198850318846,2.2166094547652397
CHEMBL234_Ki,random,98978916,mondrian_rfstd,732,31,52,0.8756830601092896,0.6451612903225806,0.8858773181169758,24.071602779439516,0.6923076923076923,0.8897058823529411,19.739819004524882,2.187957343969571,2.1020594599081037,2.1945260056919187
CHEMBL234_Ki,random,91819329,global,732,29,47,0.9016393442622951,0.6551724137931034,0.9118065433854907,25.66341295923873,0.7659574468085106,0.910948905109489,14.499145830097838,2.234620612906115,2.2346206129061144,2.2346206129061144
CHEMBL234_Ki,random,91819329,mondrian_wstd,732,29,47,0.889344262295082,0.6551724137931034,0.89900426742532,24.38318536322166,0.7659574468085106,0.8978102189781022,13.185277216959157,2.1698339012379515,2.2021582334735905,2.167616027347331
CHEMBL234_Ki,random,91819329,mondrian_nb,732,29,47,0.8907103825136612,0.5172413793103449,0.9061166429587483,38.88752636484034,0.6170212765957447,0.9094890510948905,29.246777449914585,2.1846412385331275,1.834368562614506,2.208674546223894
CHEMBL234_Ki,random,91819329,mondrian_rfstd,732,29,47,0.9016393442622951,0.5517241379310345,0.9160739687055477,36.43498307745132,0.6382978723404256,0.9197080291970803,28.141015685665472,2.1237493248509347,2.1829332937805215,2.119688526982773
CHEMBL235_EC50,random,6021738,global,470,18,32,0.9404255319148936,0.7777777777777778,0.9469026548672567,16.912487708947886,0.78125,0.952054794520548,17.080479452054796,2.3910094296042352,2.3910094296042352,2.3910094296042357
CHEMBL235_EC50,random,6021738,mondrian_wstd,470,18,32,0.9319148936170213,0.7777777777777778,0.9380530973451328,16.027531956735498,0.78125,0.9429223744292238,16.167237442922378,2.3859945721407847,2.490377996393864,2.3783683858939835
CHEMBL235_EC50,random,6021738,mondrian_nb,470,18,32,0.9212765957446809,0.6666666666666666,0.9314159292035398,26.474926253687315,0.71875,0.9360730593607306,21.73230593607306,2.4086973525672977,2.4562879402314546,2.405220414655761
CHEMBL235_EC50,random,6021738,mondrian_rfstd,470,18,32,0.9340425531914893,0.6111111111111112,0.9469026548672567,33.57915437561455,0.6875,0.952054794520548,26.455479452054796,2.3547901919400083,2.478496330140448,2.345752300564634
CHEMBL235_EC50,random,98978916,global,470,18,37,0.9106382978723404,0.6111111111111112,0.922566371681416,31.14552605703048,0.7027027027027027,0.9284064665127021,22.570376380999935,2.2551600512592755,2.255160051259277,2.2551600512592755
CHEMBL235_EC50,random,98978916,mondrian_wstd,470,18,37,0.9,0.6111111111111112,0.911504424778761,30.039331366764987,0.7567567567567568,0.9122401847575058,15.548342800074899,2.1919895630501456,2.4472368146599943,2.170178596977249
CHEMBL235_EC50,random,98978916,mondrian_nb,470,18,37,0.9,0.5,0.915929203539823,41.5929203539823,0.6486486486486487,0.9214780600461894,27.28294113975407,2.2437975314562384,2.2070799938473127,2.2469350577646225
CHEMBL235_EC50,random,98978916,mondrian_rfstd,470,18,37,0.8893617021276595,0.5555555555555556,0.9026548672566371,34.709931170108156,0.7297297297297297,0.9030023094688222,17.327257973909248,2.1406131416183425,2.241360200519858,2.132004270534379
CHEMBL235_EC50,random,91819329,global,470,17,33,0.8893617021276595,0.5882352941176471,0.9006622516556292,31.24269575379821,0.7575757575757576,0.8993135011441648,14.173774356840719,2.3592026832834834,2.359202683283483,2.3592026832834834
CHEMBL235_EC50,random,91819329,mondrian_wstd,470,17,33,0.9106382978723404,0.5882352941176471,0.9227373068432672,33.450201272562005,0.7575757575757576,0.9221967963386728,16.462103876291522,2.320216449884524,2.6351249486130977,2.296436174236829
CHEMBL235_EC50,random,91819329,mondrian_nb,470,17,33,0.8914893617021277,0.7058823529411765,0.8984547461368654,19.257239319568885,0.8181818181818182,0.897025171624714,7.884335344289573,2.288781640263188,2.325754914683733,2.2859896080987077
CHEMBL235_EC50,random,91819329,mondrian_rfstd,470,17,33,0.8978723404255319,0.5294117647058824,0.9116997792494481,38.22880145435658,0.696969696969697,0.9130434782608695,21.60737812911725,2.2688649279492563,2.4927998576634267,2.251954509915921
CHEMBL236_Ki,random,6021738,global,519,21,50,0.8901734104046243,0.8095238095238095,0.893574297188755,8.405048766494549,0.86,0.8933901918976546,3.3390191897654575,2.367414182487621,2.3674141824876216,2.3674141824876216
CHEMBL236_Ki,random,6021738,mondrian_wstd,519,21,50,0.9171483622350675,0.8571428571428571,0.9196787148594378,6.253585771658066,0.88,0.9211087420042644,4.11087420042644,2.5630920046491856,2.652779864059241,2.5535303991683693
CHEMBL236_Ki,random,6021738,mondrian_nb,519,21,50,0.8978805394990366,0.7619047619047619,0.9036144578313253,14.170969592656347,0.82,0.906183368869936,8.618336886993605,2.4144664724807625,2.2980875779433587,2.426873604094558
CHEMBL236_Ki,random,6021738,mondrian_rfstd,519,21,50,0.9171483622350675,0.6666666666666666,0.927710843373494,26.104417670682732,0.78,0.9317697228144989,15.176972281449885,2.5107400049107595,2.662107655842478,2.494602728692026
CHEMBL236_Ki,random,98978916,global,519,19,46,0.9171483622350675,0.7368421052631579,0.924,18.715789473684218,0.8260869565217391,0.9260042283298098,9.991727180807064,2.446056894180776,2.4460568941807757,2.4460568941807765
CHEMBL236_Ki,random,98978916,mondrian_wstd,519,19,46,0.930635838150289,0.7368421052631579,0.938,20.11578947368421,0.8260869565217391,0.9408033826638478,11.471642614210865,2.5487312992563957,2.678089103490354,2.5361510476818454
CHEMBL236_Ki,random,98978916,mondrian_nb,519,19,46,0.9190751445086706,0.7368421052631579,0.926,18.91578947368422,0.8260869565217391,0.9281183932346723,10.203143671293313,2.4921400672807916,2.4787973263201084,2.4934376699957843
CHEMBL236_Ki,random,98978916,mondrian_rfstd,519,19,46,0.9383429672447013,0.5789473684210527,0.952,37.30526315789473,0.782608695652174,0.9534883720930233,17.087967644084934,2.4070882081507423,2.4480476425465802,2.403104838209498
CHEMBL236_Ki,random,91819329,global,519,21,44,0.8651252408477842,0.8571428571428571,0.8654618473895582,0.831899024670113,0.8863636363636364,0.8631578947368421,-2.320574162679423,2.155568445556693,2.155568445556693,2.1555684455566926
CHEMBL236_Ki,random,91819329,mondrian_wstd,519,21,44,0.8786127167630058,0.8095238095238095,0.8815261044176707,7.200229489386112,0.8863636363636364,0.8778947368421053,-0.846889952153107,2.188045984140171,2.301305585236529,2.177554568459666
CHEMBL236_Ki,random,91819329,mondrian_nb,519,21,44,0.882466281310212,0.8095238095238095,0.8855421686746988,7.6018359150889285,0.8863636363636364,0.8821052631578947,-0.4258373205741628,2.2665373669939495,2.246834730584602,2.268362453313973
CHEMBL236_Ki,random,91819329,mondrian_rfstd,519,21,44,0.9094412331406551,0.7619047619047619,0.9156626506024096,15.375788869764772,0.7954545454545454,0.92,12.454545454545462,2.2505643426619804,2.1823156507271197,2.256886326756999
CHEMBL237_EC50,random,6021738,global,191,16,23,0.8638743455497382,0.5625,0.8914285714285715,32.892857142857146,0.6956521739130435,0.8869047619047619,19.12525879917184,2.7423424938526177,2.742342493852618,2.742342493852618
CHEMBL237_EC50,random,6021738,mondrian_wstd,191,16,23,0.9057591623036649,0.625,0.9314285714285714,30.64285714285714,0.7391304347826086,0.9285714285714286,18.944099378881994,2.975413571405775,3.008776518266706,2.9708460251093376
CHEMBL237_EC50,random,6021738,mondrian_nb,191,16,23,0.8952879581151832,0.625,0.92,29.500000000000004,0.7391304347826086,0.9166666666666666,17.753623188405797,3.066816958977189,2.8736439334922004,3.093263266037633
CHEMBL237_EC50,random,6021738,mondrian_rfstd,191,16,23,0.8638743455497382,0.5625,0.8914285714285715,32.892857142857146,0.6956521739130435,0.8869047619047619,19.12525879917184,2.7745956885393137,2.6746878277775044,2.788273550429323
CHEMBL237_EC50,random,98978916,global,191,14,32,0.8900523560209425,0.6428571428571429,0.9096045197740112,26.674737691686833,0.78125,0.9119496855345912,13.069968553459121,2.753604204610092,2.7536042046100917,2.753604204610092
CHEMBL237_EC50,random,98978916,mondrian_wstd,191,14,32,0.8952879581151832,0.5714285714285714,0.9209039548022598,34.94753833736885,0.75,0.9245283018867925,17.452830188679247,2.8228400764900203,2.8649199991561733,2.8143711612364553
CHEMBL237_EC50,random,98978916,mondrian_nb,191,14,32,0.9214659685863874,0.7142857142857143,0.9378531073446328,22.35673930589185,0.8125,0.9433962264150944,13.089622641509436,2.8889703957699484,2.9435325918417576,2.877989324862415
CHEMBL237_EC50,random,98978916,mondrian_rfstd,191,14,32,0.900523560209424,0.7142857142857143,0.9152542372881356,20.09685230024213,0.75,0.9308176100628931,18.08176100628931,2.871867265979404,2.7671533778809554,2.8929417591816073
CHEMBL237_EC50,random,91819329,global,191,16,29,0.9476439790575916,1.0,0.9428571428571428,-5.714285714285716,0.9310344827586207,0.9506172839506173,1.9582801191996624,2.991766232294474,2.991766232294474,2.9917662322944736
CHEMBL237_EC50,random,91819329,mondrian_wstd,191,16,29,0.9581151832460733,0.875,0.9657142857142857,9.071428571428575,0.8620689655172413,0.9753086419753086,11.323967645806732,3.1376014199037012,3.0745568802502588,3.148887170829318
CHEMBL237_EC50,random,91819329,mondrian_nb,191,16,29,0.9267015706806283,1.0,0.92,-7.9999999999999964,0.896551724137931,0.9320987654320988,3.5547041294167747,2.868706641459586,2.9146143876519663,2.860488588128851
CHEMBL237_EC50,random,91819329,mondrian_rfstd,191,16,29,0.9633507853403142,0.9375,0.9657142857142857,2.8214285714285747,0.9310344827586207,0.9691358024691358,3.8101319710515114,3.0788809785981166,3.049487940720288,3.0841426952552586
CHEMBL237_Ki,random,6021738,global,520,31,64,0.9096153846153846,0.7096774193548387,0.9222903885480572,21.261296919321847,0.828125,0.9210526315789473,9.292763157894735,2.4187975644339765,2.4187975644339765,2.418797564433976
CHEMBL237_Ki,random,6021738,mondrian_wstd,520,31,64,0.9115384615384615,0.7096774193548387,0.9243353783231084,21.465795896826968,0.8125,0.9254385964912281,11.293859649122806,2.3360434845764346,2.3099738535421084,2.3397023801601993
CHEMBL237_Ki,random,6021738,mondrian_nb,520,31,64,0.8961538461538462,0.6451612903225806,0.9120654396728016,26.6904149350221,0.765625,0.9144736842105263,14.884868421052634,2.2750215078776512,2.0851215653937336,2.301674131384166
CHEMBL237_Ki,random,6021738,mondrian_rfstd,520,31,64,0.9115384615384615,0.6451612903225806,0.9284253578732107,28.326406755063005,0.78125,0.9298245614035088,14.857456140350877,2.251009464412052,2.2458097905336096,2.251739243202009
CHEMBL237_Ki,random,98978916,global,520,25,53,0.8634615384615385,0.52,0.8808080808080808,36.08080808080808,0.6981132075471698,0.8822269807280514,18.411377318088164,2.342645289718643,2.3426452897186434,2.342645289718643
CHEMBL237_Ki,random,98978916,mondrian_wstd,520,25,53,0.8788461538461538,0.52,0.896969696969697,37.696969696969695,0.7358490566037735,0.8950749464668094,15.922588986303587,2.4532060557478528,2.433989258903831,2.4553869770170884
CHEMBL237_Ki,random,98978916,mondrian_nb,520,25,53,0.8769230769230769,0.44,0.898989898989899,45.8989898989899,0.6981132075471698,0.8972162740899358,19.9103066542766,2.401372850630617,2.4777798006158975,2.3927013980626937
CHEMBL237_Ki,random,98978916,mondrian_rfstd,520,25,53,0.8826923076923077,0.4,0.907070707070707,50.7070707070707,0.660377358490566,0.9079229122055674,24.754555371500143,2.360052743225626,2.195642468170282,2.378711725191221
CHEMBL237_Ki,random,91819329,global,520,29,59,0.875,0.6206896551724138,0.890020366598778,26.93307114263642,0.7966101694915254,0.8850325379609545,8.842236846942908,2.3672767970469852,2.367276797046986,2.3672767970469852
CHEMBL237_Ki,random,91819329,mondrian_wstd,520,29,59,0.8903846153846153,0.6896551724137931,0.9022403258655805,21.25851534517873,0.8305084745762712,0.8980477223427332,6.753924776646203,2.4949450491088005,2.593592015490731,2.4823199492898547
CHEMBL237_Ki,random,91819329,mondrian_nb,520,29,59,0.8865384615384615,0.6551724137931034,0.90020366598778,24.50312521946766,0.7966101694915254,0.8980477223427332,10.14375528512078,2.4369977511189247,2.5482905416330484,2.422754205261369
CHEMBL237_Ki,random,91819329,mondrian_rfstd,520,29,59,0.8769230769230769,0.6551724137931034,0.890020366598778,23.48479528056746,0.7627118644067796,0.8915401301518439,12.882826574506423,2.27898807557541,2.3726315151411987,2.2670033403598313
CHEMBL239_EC50,random,6021738,global,344,15,40,0.8662790697674418,0.4666666666666667,0.8844984802431611,41.78318135764945,0.725,0.8848684210526315,15.986842105263154,2.3732330082479254,2.373233008247926,2.373233008247926
CHEMBL239_EC50,random,6021738,mondrian_wstd,344,15,40,0.875,0.3333333333333333,0.8996960486322189,56.636271529888546,0.7,0.8980263157894737,19.80263157894737,2.410293381511019,2.477140040445069,2.401497768493381
CHEMBL239_EC50,random,6021738,mondrian_nb,344,15,40,0.877906976744186,0.5333333333333333,0.8936170212765957,36.02836879432624,0.775,0.8914473684210527,11.644736842105264,2.4992575476817303,2.5668934337146063,2.4903580889931938
CHEMBL239_EC50,random,6021738,mondrian_rfstd,344,15,40,0.8604651162790697,0.3333333333333333,0.8844984802431611,55.116514690982775,0.675,0.8848684210526315,20.986842105263147,2.33200110832139,2.2975982988346444,2.3365277937801725
CHEMBL239_EC50,random,98978916,global,344,16,40,0.9098837209302325,0.8125,0.9146341463414634,10.213414634146345,0.825,0.9210526315789473,9.60526315789474,2.261675150806384,2.2616751508063846,2.261675150806384
CHEMBL239_EC50,random,98978916,mondrian_wstd,344,16,40,0.9186046511627907,0.75,0.926829268292683,17.682926829268297,0.775,0.9375,16.249999999999996,2.2479510590723497,2.2882654581758723,2.242646532874518
CHEMBL239_EC50,random,98978916,mondrian_nb,344,16,40,0.9127906976744186,0.75,0.9207317073170732,17.07317073170732,0.8,0.9276315789473685,12.763157894736842,2.327586996249858,2.1419714488794215,2.3520100945880733
CHEMBL239_EC50,random,98978916,mondrian_rfstd,344,16,40,0.9622093023255814,0.9375,0.9634146341463414,2.591463414634143,0.9,0.9703947368421053,7.039473684210529,2.39537338361952,2.439991718165534,2.389502550126623
CHEMBL239_EC50,random,91819329,global,344,24,50,0.9186046511627907,0.7916666666666666,0.928125,13.645833333333336,0.78,0.9421768707482994,16.217687074829932,2.3836263125929222,2.383626312592922,2.3836263125929222
CHEMBL239_EC50,random,91819329,mondrian_wstd,344,24,50,0.9215116279069767,0.9583333333333334,0.91875,-3.9583333333333415,0.9,0.9251700680272109,2.517006802721089,2.4638472420448503,2.7864205698794318,2.4089878325491734
CHEMBL239_EC50,random,91819329,mondrian_nb,344,24,50,0.8953488372093024,0.625,0.915625,29.062500000000004,0.64,0.9387755102040817,29.877551020408166,2.3800739937017976,2.171990273857643,2.415462381430396
CHEMBL239_EC50,random,91819329,mondrian_rfstd,344,24,50,0.9127906976744186,0.75,0.925,17.500000000000004,0.74,0.9421768707482994,20.21768707482994,2.27486534234998,2.3650599733028717,2.2595261193988074
CHEMBL244_Ki,random,6021738,global,620,25,51,0.8887096774193548,0.68,0.8974789915966387,21.747899159663863,0.7058823529411765,0.9050966608084359,19.921430786725935,2.6304258231722404,2.6304258231722404,2.6304258231722404
CHEMBL244_Ki,random,6021738,mondrian_wstd,620,25,51,0.9032258064516129,0.76,0.9092436974789916,14.924369747899158,0.7647058823529411,0.9156414762741653,15.093559392122414,2.688117069874898,2.85775129036826,2.672912596684808
CHEMBL244_Ki,random,6021738,mondrian_nb,620,25,51,0.8870967741935484,0.64,0.8974789915966387,25.747899159663866,0.6862745098039216,0.9050966608084359,21.88221510045143,2.633208089152082,2.6423618886332005,2.632387625578203
CHEMBL244_Ki,random,6021738,mondrian_rfstd,620,25,51,0.9048387096774193,0.52,0.9210084033613445,40.100840336134446,0.7254901960784313,0.9209138840070299,19.542368792859854,2.5847115625468504,2.924317863201764,2.5542723334899073
CHEMBL244_Ki,random,98978916,global,620,30,59,0.9112903225806451,0.8666666666666667,0.9135593220338983,4.689265536723164,0.8983050847457628,0.9126559714795008,1.4350886733738077,2.709548254290391,2.7095482542903904,2.7095482542903913
CHEMBL244_Ki,random,98978916,mondrian_wstd,620,30,59,0.9258064516129032,0.8666666666666667,0.9288135593220339,6.214689265536721,0.8983050847457628,0.928698752228164,3.0393667482401243,2.791572997918838,3.0305342868447265,2.766441596766205
CHEMBL244_Ki,random,98978916,mondrian_nb,620,30,59,0.9225806451612903,0.8666666666666667,0.9254237288135593,5.875706214689258,0.8983050847457628,0.9251336898395722,2.6828605093809466,2.7300948371596294,2.7078072772128072,2.7324388051397763
CHEMBL244_Ki,random,98978916,mondrian_rfstd,620,30,59,0.8935483870967742,0.7333333333333333,0.9016949152542373,16.8361581920904,0.7288135593220338,0.910873440285205,18.205988096317117,2.5427135515072545,2.7358979277919504,2.522396478065548
CHEMBL244_Ki,random,91819329,global,620,35,61,0.8758064516129033,0.6571428571428571,0.8888888888888888,23.17460317460317,0.7377049180327869,0.8908765652951699,15.317164726238296,2.619479540069554,2.6194795400695545,2.619479540069554
CHEMBL244_Ki,random,91819329,mondrian_wstd,620,35,61,0.8774193548387097,0.6,0.8940170940170941,29.401709401709407,0.7213114754098361,0.8944543828264758,17.314290741663974,2.679708862153001,2.7258546836231314,2.674673271616905
CHEMBL244_Ki,random,91819329,mondrian_nb,620,35,61,0.8887096774193548,0.6571428571428571,0.9025641025641026,24.542124542124544,0.7213114754098361,0.9069767441860465,18.566526877621037,2.6994570305560037,2.587011958359622,2.7117274230497057
CHEMBL244_Ki,random,91819329,mondrian_rfstd,620,35,61,0.8693548387096774,0.5714285714285714,0.8871794871794871,31.575091575091573,0.7213114754098361,0.8855098389982111,16.419836358837504,2.404993704180795,2.5740821953336557,2.386542187257138
CHEMBL264_Ki,random,6021738,global,573,26,44,0.8917975567190227,0.7692307692307693,0.8976234003656307,12.839263113486144,0.7954545454545454,0.8998109640831758,10.435641862863044,2.213642008086458,2.213642008086457,2.213642008086458
CHEMBL264_Ki,random,6021738,mondrian_wstd,573,26,44,0.8987783595113438,0.8076923076923077,0.903107861060329,9.541555336802132,0.8181818181818182,0.9054820415879017,8.730022340608345,2.2062483787095513,2.316851435357876,2.1970488806140382
CHEMBL264_Ki,random,6021738,mondrian_nb,573,26,44,0.9040139616055847,0.7307692307692307,0.9122486288848263,18.147939811559553,0.7727272727272727,0.9149338374291115,14.22065647018388,2.2622809921420837,2.0711158795576705,2.2781813039638497
CHEMBL264_Ki,random,6021738,mondrian_rfstd,573,26,44,0.8970331588132635,0.7307692307692307,0.9049360146252285,17.41667838559978,0.75,0.9092627599243857,15.926275992438566,2.091540234111475,2.154187601383487,2.0863294890075648
CHEMBL264_Ki,random,98978916,global,573,18,44,0.8970331588132635,0.7222222222222222,0.9027027027027027,18.04804804804805,0.8863636363636364,0.8979206049149339,1.1556968551297508,2.111712877574094,2.1117128775740936,2.111712877574094
CHEMBL264_Ki,random,98978916,mondrian_wstd,573,18,44,0.8987783595113438,0.7777777777777778,0.9027027027027027,12.492492492492492,0.9090909090909091,0.8979206049149339,-1.1170304175975199,2.190201904511175,2.249800898108193,2.1852447103367534
CHEMBL264_Ki,random,98978916,mondrian_nb,573,18,44,0.8848167539267016,0.6666666666666666,0.8918918918918919,22.522522522522525,0.8636363636363636,0.8865784499054821,2.2942086269118422,2.118408835060869,2.033612772937126,2.125461815653392
CHEMBL264_Ki,random,98978916,mondrian_rfstd,573,18,44,0.8952879581151832,0.8333333333333334,0.8972972972972973,6.396396396396398,0.9090909090909091,0.8941398865784499,-1.4951022512459167,2.151105102473161,2.180547936553039,2.148656171094116
CHEMBL264_Ki,random,91819329,global,573,19,35,0.8726003490401396,0.6842105263157895,0.8790613718411552,19.48508455253657,0.7428571428571429,0.8810408921933085,13.818374933616562,2.244826649437917,2.244826649437916,2.2448266494379165
CHEMBL264_Ki,random,91819329,mondrian_wstd,573,19,35,0.9040139616055847,0.7368421052631579,0.9097472924187726,17.290518715561475,0.8285714285714286,0.9089219330855018,8.035050451407322,2.3646706575061427,2.4437559148846377,2.3595257058179504
CHEMBL264_Ki,random,91819329,mondrian_nb,573,19,35,0.893542757417103,0.6842105263157895,0.9007220216606499,21.651149534486038,0.7428571428571429,0.9033457249070632,16.048858204992033,2.2404427681010555,2.103968837722924,2.2493211836461016
CHEMBL264_Ki,random,91819329,mondrian_rfstd,573,19,35,0.8987783595113438,0.7368421052631579,0.9043321299638989,16.749002470074103,0.8,0.9052044609665427,10.520446096654268,2.1936132018634233,2.3653847978633427,2.182438469781644
CHEMBL287_Ki,random,6021738,global,265,5,12,0.9018867924528302,0.8,0.9038461538461539,10.384615384615381,0.9166666666666666,0.9011857707509882,-1.5480895915678472,2.410985824265815,2.410985824265815,2.4109858242658153
CHEMBL287_Ki,random,6021738,mondrian_wstd,265,5,12,0.9018867924528302,0.6,0.9076923076923077,30.76923076923077,0.75,0.9090909090909091,15.909090909090907,2.420614899773344,2.1699808885381007,2.432502678962367
CHEMBL287_Ki,random,6021738,mondrian_nb,265,5,12,0.9056603773584906,0.6,0.9115384615384615,31.153846153846153,0.75,0.9130434782608695,16.30434782608695,2.494272148934595,2.1741797131441696,2.509454398853509
CHEMBL287_Ki,random,6021738,mondrian_rfstd,265,5,12,0.9245283018867925,0.6,0.9307692307692308,33.07692307692308,0.5833333333333334,0.9407114624505929,35.73781291172595,2.370376913319295,2.1384814367609195,2.3813759082548707
CHEMBL287_Ki,random,98978916,global,265,6,18,0.9056603773584906,0.6666666666666666,0.9111969111969112,24.45302445302445,0.8333333333333334,0.9109311740890689,7.759784075573551,2.4522813488512427,2.4522813488512423,2.4522813488512423
CHEMBL287_Ki,random,98978916,mondrian_wstd,265,6,18,0.8981132075471698,0.5,0.9073359073359073,40.73359073359073,0.7777777777777778,0.9068825910931174,12.910481331533962,2.541232953129744,2.3634066207307867,2.5541919571102345
CHEMBL287_Ki,random,98978916,mondrian_nb,265,6,18,0.8905660377358491,0.6666666666666666,0.8957528957528957,22.90862290862291,0.7222222222222222,0.902834008097166,18.061178587494375,2.5718904133674614,2.7113163538066587,2.561729818517642
CHEMBL287_Ki,random,98978916,mondrian_rfstd,265,6,18,0.879245283018868,0.5,0.888030888030888,38.803088803088805,0.6666666666666666,0.8947368421052632,22.807017543859654,2.2818006767208963,2.259117747581502,2.283453683702714
CHEMBL287_Ki,random,91819329,global,265,4,10,0.9169811320754717,0.75,0.9195402298850575,16.954022988505745,0.8,0.9215686274509803,12.15686274509803,2.579742828055021,2.5797428280550214,2.5797428280550214
CHEMBL287_Ki,random,91819329,mondrian_wstd,265,4,10,0.9207547169811321,0.75,0.9233716475095786,17.337164750957857,0.8,0.9254901960784314,12.549019607843137,2.6974902581538562,2.7234853421386367,2.69647084309563
CHEMBL287_Ki,random,91819329,mondrian_nb,265,4,10,0.9245283018867925,0.75,0.9272030651340997,17.720306513409966,0.8,0.9294117647058824,12.941176470588234,2.6656909205408064,2.3846751610306485,2.67671114640395
CHEMBL287_Ki,random,91819329,mondrian_rfstd,265,4,10,0.9169811320754717,0.5,0.9233716475095786,42.337164750957854,0.7,0.9254901960784314,22.549019607843146,2.5743586895643698,2.3596426954905274,2.5827789246260893
CHEMBL3979_EC50,random,6021738,global,225,11,19,0.8888888888888888,0.6363636363636364,0.9018691588785047,26.550552251486835,0.7368421052631579,0.9029126213592233,16.60705160960655,2.1369914871541056,2.1369914871541056,2.136991487154105
CHEMBL3979_EC50,random,6021738,mondrian_wstd,225,11,19,0.8933333333333333,0.5454545454545454,0.9112149532710281,36.57604078164827,0.6842105263157895,0.912621359223301,22.84108329075115,2.086729255513173,2.433060274441825,2.0547861032818893
CHEMBL3979_EC50,random,6021738,mondrian_nb,225,11,19,0.8844444444444445,0.45454545454545453,0.9065420560747663,45.19966015293118,0.5789473684210527,0.912621359223301,33.367399080224835,2.253904351121042,1.8981575884275455,2.286715945738403
CHEMBL3979_EC50,random,6021738,mondrian_rfstd,225,11,19,0.8622222222222222,0.45454545454545453,0.883177570093458,42.863211554800344,0.5263157894736842,0.8932038834951457,36.68880940214615,2.0978823037517325,1.9408518096000227,2.112365698843395
CHEMBL3979_EC50,random,98978916,global,225,6,16,0.9244444444444444,0.8333333333333334,0.9269406392694064,9.360730593607302,0.9375,0.9234449760765551,-1.4055023923444931,2.3322828234961848,2.3322828234961843,2.3322828234961848
CHEMBL3979_EC50,random,98978916,mondrian_wstd,225,6,16,0.8977777777777778,0.6666666666666666,0.9041095890410958,23.74429223744292,0.875,0.8995215311004785,2.45215311004785,2.3338496045442905,2.248002639730762,2.3404216209893454
CHEMBL3979_EC50,random,98978916,mondrian_nb,225,6,16,0.9022222222222223,0.6666666666666666,0.908675799086758,24.200913242009136,0.875,0.9043062200956937,2.9306220095693725,2.3041945760014286,2.1803254425577836,2.313677380475584
CHEMBL3979_EC50,random,98978916,mondrian_rfstd,225,6,16,0.8888888888888888,0.6666666666666666,0.8949771689497716,22.831050228310502,0.6875,0.9043062200956937,21.680622009569372,2.395450425651332,2.069742131200739,2.4203850319250617
CHEMBL3979_EC50,random,91819329,global,225,9,16,0.8755555555555555,0.7777777777777778,0.8796296296296297,10.185185185185187,0.8125,0.8803827751196173,6.788277511961727,2.2203772549412704,2.220377254941271,2.2203772549412704
CHEMBL3979_EC50,random,91819329,mondrian_wstd,225,9,16,0.9111111111111111,0.7777777777777778,0.9166666666666666,13.888888888888884,0.8125,0.9186602870813397,10.616028708133973,2.3663259143573394,2.3883509673150085,2.3646397859012502
CHEMBL3979_EC50,random,91819329,mondrian_nb,225,9,16,0.8711111111111111,0.7777777777777778,0.875,9.722222222222221,0.8125,0.8755980861244019,6.309808612440193,2.2814746396265457,2.3084352856359756,2.2794106667263025
CHEMBL3979_EC50,random,91819329,mondrian_rfstd,225,9,16,0.8933333333333333,0.7777777777777778,0.8981481481481481,12.037037037037035,0.8125,0.8995215311004785,8.702153110047849,2.1445112923884264,2.000494979743748,2.155536464648306
